ISO-10303-21;
HEADER;
/* Generated by software containing ST-Developer
 * from STEP Tools, Inc. (www.steptools.com) 
 */

FILE_DESCRIPTION(
/* description */ (''),
/* implementation_level */ '2;1');

FILE_NAME(
/* name */ 'esp32_case_bottom.step',
/* time_stamp */ '2025-09-04T15:51:11+02:00',
/* author */ (''),
/* organization */ (''),
/* preprocessor_version */ 'ST-DEVELOPER v20.1',
/* originating_system */ 'Autodesk Translation Framework v14.10.0.0',
/* authorisation */ '');

FILE_SCHEMA (('AUTOMOTIVE_DESIGN { 1 0 10303 214 3 1 1 }'));
ENDSEC;

DATA;
#10=MECHANICAL_DESIGN_GEOMETRIC_PRESENTATION_REPRESENTATION('',(#13),#10060);
#11=SHAPE_REPRESENTATION_RELATIONSHIP('SRR','None',#10067,#12);
#12=ADVANCED_BREP_SHAPE_REPRESENTATION('',(#14),#10059);
#13=STYLED_ITEM('',(#10076),#14);
#14=MANIFOLD_SOLID_BREP('bottom-part',#4887);
#15=(
BOUNDED_SURFACE()
B_SPLINE_SURFACE(2,2,((#9699,#9700,#9701),(#9702,#9703,#9704),(#9705,#9706,
#9707)),.UNSPECIFIED.,.F.,.F.,.F.)
B_SPLINE_SURFACE_WITH_KNOTS((3,3),(3,3),(-1.5707963267949,4.36030137781897E-17),
(0.,1.5707963267949),.UNSPECIFIED.)
GEOMETRIC_REPRESENTATION_ITEM()
RATIONAL_B_SPLINE_SURFACE(((1.,0.707106781186548,1.),(0.707106781186556,
0.500000000000006,0.707106781186556),(1.,0.707106781186548,1.)))
REPRESENTATION_ITEM('')
SURFACE()
);
#16=(
BOUNDED_SURFACE()
B_SPLINE_SURFACE(2,2,((#9727,#9728,#9729),(#9730,#9731,#9732),(#9733,#9734,
#9735)),.UNSPECIFIED.,.F.,.F.,.F.)
B_SPLINE_SURFACE_WITH_KNOTS((3,3),(3,3),(-1.57079632679491,4.36030137781897E-17),
(1.57079632679489,3.14159265358979),.UNSPECIFIED.)
GEOMETRIC_REPRESENTATION_ITEM()
RATIONAL_B_SPLINE_SURFACE(((1.,0.707106781186546,1.),(0.707106781186551,
0.500000000000002,0.707106781186551),(1.,0.707106781186546,1.)))
REPRESENTATION_ITEM('')
SURFACE()
);
#17=(
BOUNDED_SURFACE()
B_SPLINE_SURFACE(2,2,((#9942,#9943,#9944),(#9945,#9946,#9947),(#9948,#9949,
#9950)),.UNSPECIFIED.,.F.,.F.,.F.)
B_SPLINE_SURFACE_WITH_KNOTS((3,3),(3,3),(-1.5707963267949,4.2632564145606E-14),
(-1.59712152246615E-15,1.5707963267949),.UNSPECIFIED.)
GEOMETRIC_REPRESENTATION_ITEM()
RATIONAL_B_SPLINE_SURFACE(((1.,0.707106781186546,1.),(0.707106781186519,
0.499999999999978,0.707106781186519),(1.,0.707106781186546,1.)))
REPRESENTATION_ITEM('')
SURFACE()
);
#18=(
BOUNDED_SURFACE()
B_SPLINE_SURFACE(2,2,((#9969,#9970,#9971),(#9972,#9973,#9974),(#9975,#9976,
#9977)),.UNSPECIFIED.,.F.,.F.,.F.)
B_SPLINE_SURFACE_WITH_KNOTS((3,3),(3,3),(-1.5707963267949,0.),(1.57079632679489,
3.14159265358979),.UNSPECIFIED.)
GEOMETRIC_REPRESENTATION_ITEM()
RATIONAL_B_SPLINE_SURFACE(((1.,0.707106781186546,1.),(0.707106781186563,
0.50000000000001,0.707106781186563),(1.,0.707106781186546,1.)))
REPRESENTATION_ITEM('')
SURFACE()
);
#19=SPHERICAL_SURFACE('',#5085,2.5);
#20=SPHERICAL_SURFACE('',#5087,2.5);
#21=SPHERICAL_SURFACE('',#5090,2.5);
#22=SPHERICAL_SURFACE('',#5092,2.5);
#23=B_SPLINE_SURFACE_WITH_KNOTS('',3,3,((#7097,#7098,#7099,#7100,#7101),
(#7102,#7103,#7104,#7105,#7106),(#7107,#7108,#7109,#7110,#7111),(#7112,
#7113,#7114,#7115,#7116),(#7117,#7118,#7119,#7120,#7121),(#7122,#7123,#7124,
#7125,#7126)),.UNSPECIFIED.,.F.,.F.,.F.,(4,1,1,4),(4,1,4),(0.,0.285714285714286,
0.571428571428571,1.),(2.63420993389839,2.68158151001511,2.72895308613182),
 .UNSPECIFIED.);
#24=B_SPLINE_SURFACE_WITH_KNOTS('',3,3,((#7146,#7147,#7148,#7149),(#7150,
#7151,#7152,#7153),(#7154,#7155,#7156,#7157),(#7158,#7159,#7160,#7161),
(#7162,#7163,#7164,#7165),(#7166,#7167,#7168,#7169)),.UNSPECIFIED.,.F.,
 .F.,.F.,(4,1,1,4),(4,4),(0.,0.285714285714286,0.571428571428571,1.),(1.88421969532984,
2.63420993389839),.UNSPECIFIED.);
#25=B_SPLINE_SURFACE_WITH_KNOTS('',3,3,((#7181,#7182,#7183,#7184,#7185),
(#7186,#7187,#7188,#7189,#7190),(#7191,#7192,#7193,#7194,#7195),(#7196,
#7197,#7198,#7199,#7200),(#7201,#7202,#7203,#7204,#7205),(#7206,#7207,#7208,
#7209,#7210)),.UNSPECIFIED.,.F.,.F.,.F.,(4,1,1,4),(4,1,4),(0.,0.285714285714286,
0.571428571428571,1.),(1.78947159096954,1.83684564314969,1.88421969532984),
 .UNSPECIFIED.);
#26=B_SPLINE_SURFACE_WITH_KNOTS('',3,3,((#7223,#7224,#7225,#7226),(#7227,
#7228,#7229,#7230),(#7231,#7232,#7233,#7234),(#7235,#7236,#7237,#7238),
(#7239,#7240,#7241,#7242),(#7243,#7244,#7245,#7246)),.UNSPECIFIED.,.F.,
 .F.,.F.,(4,1,1,4),(4,4),(0.,0.285714285714286,0.571428571428571,1.),(1.36448149519756,
1.78947159096954),.UNSPECIFIED.);
#27=B_SPLINE_SURFACE_WITH_KNOTS('',3,3,((#7258,#7259,#7260,#7261,#7262),
(#7263,#7264,#7265,#7266,#7267),(#7268,#7269,#7270,#7271,#7272),(#7273,
#7274,#7275,#7276,#7277),(#7278,#7279,#7280,#7281,#7282),(#7283,#7284,#7285,
#7286,#7287)),.UNSPECIFIED.,.F.,.F.,.F.,(4,1,1,4),(4,1,4),(0.,0.285714285714286,
0.571428571428571,1.),(1.2697333908373,1.31710744301743,1.36448149519756),
 .UNSPECIFIED.);
#28=B_SPLINE_SURFACE_WITH_KNOTS('',3,3,((#7300,#7301,#7302,#7303),(#7304,
#7305,#7306,#7307),(#7308,#7309,#7310,#7311),(#7312,#7313,#7314,#7315),
(#7316,#7317,#7318,#7319),(#7320,#7321,#7322,#7323)),.UNSPECIFIED.,.F.,
 .F.,.F.,(4,1,1,4),(4,4),(0.,0.285714285714286,0.571428571428571,1.),(0.519743152248304,
1.2697333908373),.UNSPECIFIED.);
#29=B_SPLINE_SURFACE_WITH_KNOTS('',3,3,((#7335,#7336,#7337,#7338,#7339),
(#7340,#7341,#7342,#7343,#7344),(#7345,#7346,#7347,#7348,#7349),(#7350,
#7351,#7352,#7353,#7354),(#7355,#7356,#7357,#7358,#7359),(#7360,#7361,#7362,
#7363,#7364)),.UNSPECIFIED.,.F.,.F.,.F.,(4,1,1,4),(4,1,4),(0.,0.285714285714286,
0.571428571428571,1.),(0.424995047859224,0.472369100053763,0.519743152248303),
 .UNSPECIFIED.);
#30=B_SPLINE_SURFACE_WITH_KNOTS('',3,3,((#7377,#7378,#7379,#7380),(#7381,
#7382,#7383,#7384),(#7385,#7386,#7387,#7388),(#7389,#7390,#7391,#7392),
(#7393,#7394,#7395,#7396),(#7397,#7398,#7399,#7400)),.UNSPECIFIED.,.F.,
 .F.,.F.,(4,1,1,4),(4,4),(0.,0.285714285714286,0.571428571428571,1.),(-2.00649668670232E-12,
0.424995047859225),.UNSPECIFIED.);
#31=B_SPLINE_SURFACE_WITH_KNOTS('',3,3,((#7440,#7441,#7442,#7443,#7444),
(#7445,#7446,#7447,#7448,#7449),(#7450,#7451,#7452,#7453,#7454),(#7455,
#7456,#7457,#7458,#7459),(#7460,#7461,#7462,#7463,#7464),(#7465,#7466,#7467,
#7468,#7469)),.UNSPECIFIED.,.F.,.F.,.F.,(4,1,1,4),(4,1,4),(0.,0.285714285714286,
0.571428571428571,1.),(2.43415852982202,2.57903859604898,2.77221201768493),
 .UNSPECIFIED.);
#32=B_SPLINE_SURFACE_WITH_KNOTS('',3,3,((#7489,#7490,#7491,#7492),(#7493,
#7494,#7495,#7496),(#7497,#7498,#7499,#7500),(#7501,#7502,#7503,#7504),
(#7505,#7506,#7507,#7508),(#7509,#7510,#7511,#7512)),.UNSPECIFIED.,.F.,
 .F.,.F.,(4,1,1,4),(4,4),(0.,0.285714285714286,0.571428571428571,1.),(1.79415949673623,
2.43415852982202),.UNSPECIFIED.);
#33=B_SPLINE_SURFACE_WITH_KNOTS('',3,3,((#7524,#7525,#7526,#7527,#7528),
(#7529,#7530,#7531,#7532,#7533),(#7534,#7535,#7536,#7537,#7538),(#7539,
#7540,#7541,#7542,#7543),(#7544,#7545,#7546,#7547,#7548),(#7549,#7550,#7551,
#7552,#7553)),.UNSPECIFIED.,.F.,.F.,.F.,(4,1,1,4),(4,1,4),(0.,0.285714285714286,
0.571428571428571,1.),(1.45610543537722,1.60098574738822,1.79415949673623),
 .UNSPECIFIED.);
#34=B_SPLINE_SURFACE_WITH_KNOTS('',3,3,((#7566,#7567,#7568,#7569),(#7570,
#7571,#7572,#7573),(#7574,#7575,#7576,#7577),(#7578,#7579,#7580,#7581),
(#7582,#7583,#7584,#7585),(#7586,#7587,#7588,#7589)),.UNSPECIFIED.,.F.,
 .F.,.F.,(4,1,1,4),(4,4),(0.,0.285714285714286,0.571428571428571,1.),(1.38610658231516,
1.45610543537722),.UNSPECIFIED.);
#35=B_SPLINE_SURFACE_WITH_KNOTS('',3,3,((#7601,#7602,#7603,#7604,#7605),
(#7606,#7607,#7608,#7609,#7610),(#7611,#7612,#7613,#7614,#7615),(#7616,
#7617,#7618,#7619,#7620),(#7621,#7622,#7623,#7624,#7625),(#7626,#7627,#7628,
#7629,#7630)),.UNSPECIFIED.,.F.,.F.,.F.,(4,1,1,4),(4,1,4),(0.,0.285714285714286,
0.571428571428571,1.),(1.04805252095617,1.19293283296716,1.38610658231516),
 .UNSPECIFIED.);
#36=B_SPLINE_SURFACE_WITH_KNOTS('',3,3,((#7643,#7644,#7645,#7646),(#7647,
#7648,#7649,#7650),(#7651,#7652,#7653,#7654),(#7655,#7656,#7657,#7658),
(#7659,#7660,#7661,#7662),(#7663,#7664,#7665,#7666)),.UNSPECIFIED.,.F.,
 .F.,.F.,(4,1,1,4),(4,4),(0.,0.285714285714286,0.571428571428571,1.),(0.408053487897478,
1.04805252095617),.UNSPECIFIED.);
#37=B_SPLINE_SURFACE_WITH_KNOTS('',3,3,((#7678,#7679,#7680,#7681,#7682),
(#7683,#7684,#7685,#7686,#7687),(#7688,#7689,#7690,#7691,#7692),(#7693,
#7694,#7695,#7696,#7697),(#7698,#7699,#7700,#7701,#7702),(#7703,#7704,#7705,
#7706,#7707)),.UNSPECIFIED.,.F.,.F.,.F.,(4,1,1,4),(4,1,4),(0.,0.285714285714286,
0.571428571428571,1.),(0.0699994265355561,0.214879738547809,0.408053487897478),
 .UNSPECIFIED.);
#38=B_SPLINE_SURFACE_WITH_KNOTS('',3,3,((#7720,#7721,#7722,#7723),(#7724,
#7725,#7726,#7727),(#7728,#7729,#7730,#7731),(#7732,#7733,#7734,#7735),
(#7736,#7737,#7738,#7739),(#7740,#7741,#7742,#7743)),.UNSPECIFIED.,.F.,
 .F.,.F.,(4,1,1,4),(4,4),(0.,0.285714285714286,0.571428571428571,1.),(7.43656698720674E-12,
0.069999426535556),.UNSPECIFIED.);
#39=B_SPLINE_SURFACE_WITH_KNOTS('',3,3,((#7884,#7885,#7886,#7887,#7888),
(#7889,#7890,#7891,#7892,#7893),(#7894,#7895,#7896,#7897,#7898),(#7899,
#7900,#7901,#7902,#7903),(#7904,#7905,#7906,#7907,#7908),(#7909,#7910,#7911,
#7912,#7913)),.UNSPECIFIED.,.F.,.F.,.F.,(4,1,1,4),(4,1,4),(0.,0.285714285714286,
0.571428571428571,1.),(2.16368781734606,2.25818810056964,2.32906331298732),
 .UNSPECIFIED.);
#40=B_SPLINE_SURFACE_WITH_KNOTS('',3,3,((#7926,#7927,#7928,#7929),(#7930,
#7931,#7932,#7933),(#7934,#7935,#7936,#7937),(#7938,#7939,#7940,#7941),
(#7942,#7943,#7944,#7945),(#7946,#7947,#7948,#7949)),.UNSPECIFIED.,.F.,
 .F.,.F.,(4,1,1,4),(4,4),(0.,0.285714285714286,0.571428571428571,1.),(1.48369154156123,
2.16368781734606),.UNSPECIFIED.);
#41=B_SPLINE_SURFACE_WITH_KNOTS('',3,3,((#7956,#7957,#7958,#7959,#7960),
(#7961,#7962,#7963,#7964,#7965),(#7966,#7967,#7968,#7969,#7970),(#7971,
#7972,#7973,#7974,#7975),(#7976,#7977,#7978,#7979,#7980),(#7981,#7982,#7983,
#7984,#7985)),.UNSPECIFIED.,.F.,.F.,.F.,(4,1,1,4),(4,1,4),(0.,0.285714285714286,
0.571428571428571,1.),(1.31831408809296,1.41281549007483,1.48369154156123),
 .UNSPECIFIED.);
#42=B_SPLINE_SURFACE_WITH_KNOTS('',3,3,((#7992,#7993,#7994,#7995),(#7996,
#7997,#7998,#7999),(#8000,#8001,#8002,#8003),(#8004,#8005,#8006,#8007),
(#8008,#8009,#8010,#8011),(#8012,#8013,#8014,#8015)),.UNSPECIFIED.,.F.,
 .F.,.F.,(4,1,1,4),(4,4),(0.,0.285714285714286,0.571428571428571,1.),(1.21685125577224,
1.31831419897034),.UNSPECIFIED.);
#43=B_SPLINE_SURFACE_WITH_KNOTS('',3,3,((#8022,#8023,#8024,#8025),(#8026,
#8027,#8028,#8029),(#8030,#8031,#8032,#8033),(#8034,#8035,#8036,#8037),
(#8038,#8039,#8040,#8041),(#8042,#8043,#8044,#8045)),.UNSPECIFIED.,.F.,
 .F.,.F.,(4,1,1,4),(4,4),(0.,0.285714285714286,0.571428571428571,1.),(1.15291268446525,
1.21685130663748),.UNSPECIFIED.);
#44=B_SPLINE_SURFACE_WITH_KNOTS('',3,3,((#8052,#8053,#8054,#8055),(#8056,
#8057,#8058,#8059),(#8060,#8061,#8062,#8063),(#8064,#8065,#8066,#8067),
(#8068,#8069,#8070,#8071),(#8072,#8073,#8074,#8075)),.UNSPECIFIED.,.F.,
 .F.,.F.,(4,1,1,4),(4,4),(0.,0.285714285714286,0.571428571428571,1.),(1.05467002825321,
1.15291268446525),.UNSPECIFIED.);
#45=B_SPLINE_SURFACE_WITH_KNOTS('',3,3,((#8082,#8083,#8084,#8085),(#8086,
#8087,#8088,#8089),(#8090,#8091,#8092,#8093),(#8094,#8095,#8096,#8097),
(#8098,#8099,#8100,#8101),(#8102,#8103,#8104,#8105)),.UNSPECIFIED.,.F.,
 .F.,.F.,(4,1,1,4),(4,4),(0.,0.285714285714286,0.571428571428571,1.),(0.937444988755707,
1.05467002825321),.UNSPECIFIED.);
#46=B_SPLINE_SURFACE_WITH_KNOTS('',3,3,((#8112,#8113,#8114,#8115),(#8116,
#8117,#8118,#8119),(#8120,#8121,#8122,#8123),(#8124,#8125,#8126,#8127),
(#8128,#8129,#8130,#8131),(#8132,#8133,#8134,#8135)),.UNSPECIFIED.,.F.,
 .F.,.F.,(4,1,1,4),(4,4),(0.,0.285714285714286,0.571428571428571,1.),(0.380871044352311,
0.937444988755707),.UNSPECIFIED.);
#47=B_SPLINE_SURFACE_WITH_KNOTS('',3,3,((#8142,#8143,#8144,#8145),(#8146,
#8147,#8148,#8149),(#8150,#8151,#8152,#8153),(#8154,#8155,#8156,#8157),
(#8158,#8159,#8160,#8161),(#8162,#8163,#8164,#8165)),.UNSPECIFIED.,.F.,
 .F.,.F.,(4,1,1,4),(4,4),(0.,0.285714285714286,0.571428571428571,1.),(0.263646004854793,
0.380871044352311),.UNSPECIFIED.);
#48=B_SPLINE_SURFACE_WITH_KNOTS('',3,3,((#8172,#8173,#8174,#8175),(#8176,
#8177,#8178,#8179),(#8180,#8181,#8182,#8183),(#8184,#8185,#8186,#8187),
(#8188,#8189,#8190,#8191),(#8192,#8193,#8194,#8195)),.UNSPECIFIED.,.F.,
 .F.,.F.,(4,1,1,4),(4,4),(0.,0.285714285714286,0.571428571428571,1.),(0.165403348562888,
0.263646004854793),.UNSPECIFIED.);
#49=B_SPLINE_SURFACE_WITH_KNOTS('',3,3,((#8202,#8203,#8204,#8205),(#8206,
#8207,#8208,#8209),(#8210,#8211,#8212,#8213),(#8214,#8215,#8216,#8217),
(#8218,#8219,#8220,#8221),(#8222,#8223,#8224,#8225)),.UNSPECIFIED.,.F.,
 .F.,.F.,(4,1,1,4),(4,4),(0.,0.285714285714286,0.571428571428571,1.),(0.101464780310018,
0.165403348562888),.UNSPECIFIED.);
#50=B_SPLINE_SURFACE_WITH_KNOTS('',3,3,((#8232,#8233,#8234,#8235),(#8236,
#8237,#8238,#8239),(#8240,#8241,#8242,#8243),(#8244,#8245,#8246,#8247),
(#8248,#8249,#8250,#8251),(#8252,#8253,#8254,#8255)),.UNSPECIFIED.,.F.,
 .F.,.F.,(4,1,1,4),(4,4),(0.,0.285714285714286,0.571428571428571,1.),(-3.77467380269225E-11,
0.101464781678538),.UNSPECIFIED.);
#51=B_SPLINE_SURFACE_WITH_KNOTS('',3,3,((#8408,#8409,#8410,#8411),(#8412,
#8413,#8414,#8415),(#8416,#8417,#8418,#8419),(#8420,#8421,#8422,#8423),
(#8424,#8425,#8426,#8427),(#8428,#8429,#8430,#8431)),.UNSPECIFIED.,.F.,
 .F.,.F.,(4,1,1,4),(4,4),(0.,0.285714285714286,0.571428571428571,1.),(-0.0907534992995774,
0.688386941310628),.UNSPECIFIED.);
#52=B_SPLINE_SURFACE_WITH_KNOTS('',3,3,((#8504,#8505,#8506,#8507),(#8508,
#8509,#8510,#8511),(#8512,#8513,#8514,#8515),(#8516,#8517,#8518,#8519),
(#8520,#8521,#8522,#8523),(#8524,#8525,#8526,#8527)),.UNSPECIFIED.,.F.,
 .F.,.F.,(4,1,1,4),(4,4),(0.,0.285714285714286,0.571428571428571,1.),(-0.0883804922868898,
1.71838049228907),.UNSPECIFIED.);
#53=B_SPLINE_SURFACE_WITH_KNOTS('',3,3,((#8547,#8548,#8549,#8550),(#8551,
#8552,#8553,#8554),(#8555,#8556,#8557,#8558),(#8559,#8560,#8561,#8562),
(#8563,#8564,#8565,#8566),(#8567,#8568,#8569,#8570)),.UNSPECIFIED.,.F.,
 .F.,.F.,(4,1,1,4),(4,4),(0.,0.285714285714286,0.571428571428571,1.),(-0.088386941309487,
0.690753499295386),.UNSPECIFIED.);
#54=B_SPLINE_SURFACE_WITH_KNOTS('',3,3,((#8633,#8634,#8635,#8636),(#8637,
#8638,#8639,#8640),(#8641,#8642,#8643,#8644),(#8645,#8646,#8647,#8648),
(#8649,#8650,#8651,#8652),(#8653,#8654,#8655,#8656)),.UNSPECIFIED.,.F.,
 .F.,.F.,(4,1,1,4),(4,4),(0.,0.285714285714286,0.571428571428571,1.),(1.53064155362017,
3.32435844637934),.UNSPECIFIED.);
#55=B_SPLINE_SURFACE_WITH_KNOTS('',3,3,((#8691,#8692,#8693,#8694),(#8695,
#8696,#8697,#8698),(#8699,#8700,#8701,#8702),(#8703,#8704,#8705,#8706),
(#8707,#8708,#8709,#8710),(#8711,#8712,#8713,#8714)),.UNSPECIFIED.,.F.,
 .F.,.F.,(4,1,1,4),(4,4),(0.,0.285714285714286,0.571428571428571,1.),(0.113406277567675,
0.911303330888523),.UNSPECIFIED.);
#56=B_SPLINE_SURFACE_WITH_KNOTS('',3,3,((#8735,#8736,#8737,#8738,#8739,
#8740),(#8741,#8742,#8743,#8744,#8745,#8746),(#8747,#8748,#8749,#8750,#8751,
#8752),(#8753,#8754,#8755,#8756,#8757,#8758),(#8759,#8760,#8761,#8762,#8763,
#8764),(#8765,#8766,#8767,#8768,#8769,#8770)),.UNSPECIFIED.,.F.,.F.,.F.,
(4,1,1,4),(4,1,1,4),(0.,0.285714285714286,0.571428571428571,1.),(-0.116738772250995,
-0.0509830437313746,-0.0181051794715646,0.113406277567675),
 .UNSPECIFIED.);
#57=B_SPLINE_SURFACE_WITH_KNOTS('',3,3,((#8781,#8782,#8783,#8784,#8785,
#8786),(#8787,#8788,#8789,#8790,#8791,#8792),(#8793,#8794,#8795,#8796,#8797,
#8798),(#8799,#8800,#8801,#8802,#8803,#8804),(#8805,#8806,#8807,#8808,#8809,
#8810),(#8811,#8812,#8813,#8814,#8815,#8816)),.UNSPECIFIED.,.F.,.F.,.F.,
(4,1,1,4),(4,1,1,4),(0.,0.285714285714286,0.571428571428571,1.),(0.727188010397274,
0.82582160221806,0.891577330098584,0.957333057979108),.UNSPECIFIED.);
#58=B_SPLINE_SURFACE_WITH_KNOTS('',3,3,((#8833,#8834,#8835,#8836),(#8837,
#8838,#8839,#8840),(#8841,#8842,#8843,#8844),(#8845,#8846,#8847,#8848),
(#8849,#8850,#8851,#8852),(#8853,#8854,#8855,#8856)),.UNSPECIFIED.,.F.,
 .F.,.F.,(4,1,1,4),(4,4),(0.,0.285714285714286,0.571428571428571,1.),(-0.070709040534602,
0.727188010397274),.UNSPECIFIED.);
#59=B_SPLINE_SURFACE_WITH_KNOTS('',3,3,((#8871,#8872,#8873,#8874),(#8875,
#8876,#8877,#8878),(#8879,#8880,#8881,#8882),(#8883,#8884,#8885,#8886),
(#8887,#8888,#8889,#8890),(#8891,#8892,#8893,#8894)),.UNSPECIFIED.,.F.,
 .F.,.F.,(4,1,1,4),(4,4),(0.,0.285714285714286,0.571428571428571,1.),(-0.0706964523397866,
3.52069644661143),.UNSPECIFIED.);
#60=B_SPLINE_SURFACE_WITH_KNOTS('',3,3,((#9025,#9026,#9027,#9028),(#9029,
#9030,#9031,#9032),(#9033,#9034,#9035,#9036),(#9037,#9038,#9039,#9040),
(#9041,#9042,#9043,#9044),(#9045,#9046,#9047,#9048)),.UNSPECIFIED.,.F.,
 .F.,.F.,(4,1,1,4),(4,4),(0.,0.285714285714286,0.571428571428571,1.),(0.0649628301162656,
0.83053744267781),.UNSPECIFIED.);
#61=B_SPLINE_SURFACE_WITH_KNOTS('',3,3,((#9075,#9076,#9077,#9078),(#9079,
#9080,#9081,#9082),(#9083,#9084,#9085,#9086),(#9087,#9088,#9089,#9090),
(#9091,#9092,#9093,#9094),(#9095,#9096,#9097,#9098)),.UNSPECIFIED.,.F.,
 .F.,.F.,(4,1,1,4),(4,4),(0.,0.285714285714286,0.571428571428571,1.),(-0.0556765668629823,
0.0649628301162656),.UNSPECIFIED.);
#62=B_SPLINE_SURFACE_WITH_KNOTS('',3,3,((#9125,#9126,#9127,#9128),(#9129,
#9130,#9131,#9132),(#9133,#9134,#9135,#9136),(#9137,#9138,#9139,#9140),
(#9141,#9142,#9143,#9144),(#9145,#9146,#9147,#9148)),.UNSPECIFIED.,.F.,
 .F.,.F.,(4,1,1,4),(4,4),(0.,0.285714285714286,0.571428571428571,1.),(-0.0883841229517321,
1.18838412296542),.UNSPECIFIED.);
#63=B_SPLINE_SURFACE_WITH_KNOTS('',3,3,((#9168,#9169,#9170,#9171),(#9172,
#9173,#9174,#9175),(#9176,#9177,#9178,#9179),(#9180,#9181,#9182,#9183),
(#9184,#9185,#9186,#9187),(#9188,#9189,#9190,#9191)),.UNSPECIFIED.,.F.,
 .F.,.F.,(4,1,1,4),(4,4),(0.,0.285714285714286,0.571428571428571,1.),(0.677188033677375,
0.797827429638823),.UNSPECIFIED.);
#64=B_SPLINE_SURFACE_WITH_KNOTS('',3,3,((#9225,#9226,#9227,#9228),(#9229,
#9230,#9231,#9232),(#9233,#9234,#9235,#9236),(#9237,#9238,#9239,#9240),
(#9241,#9242,#9243,#9244),(#9245,#9246,#9247,#9248)),.UNSPECIFIED.,.F.,
 .F.,.F.,(4,1,1,4),(4,4),(0.,0.285714285714286,0.571428571428571,1.),(-0.0883865819330427,
0.677188033677375),.UNSPECIFIED.);
#65=B_SPLINE_SURFACE_WITH_KNOTS('',3,3,((#9282,#9283,#9284,#9285),(#9286,
#9287,#9288,#9289),(#9290,#9291,#9292,#9293),(#9294,#9295,#9296,#9297),
(#9298,#9299,#9300,#9301),(#9302,#9303,#9304,#9305)),.UNSPECIFIED.,.F.,
 .F.,.F.,(4,1,1,4),(4,4),(0.,0.285714285714286,0.571428571428571,1.),(0.0649628301162593,
0.830537442678418),.UNSPECIFIED.);
#66=B_SPLINE_SURFACE_WITH_KNOTS('',3,3,((#9332,#9333,#9334,#9335),(#9336,
#9337,#9338,#9339),(#9340,#9341,#9342,#9343),(#9344,#9345,#9346,#9347),
(#9348,#9349,#9350,#9351),(#9352,#9353,#9354,#9355)),.UNSPECIFIED.,.F.,
 .F.,.F.,(4,1,1,4),(4,4),(0.,0.285714285714286,0.571428571428571,1.),(-0.0556765673063794,
0.0649628301162595),.UNSPECIFIED.);
#67=B_SPLINE_SURFACE_WITH_KNOTS('',3,3,((#9382,#9383,#9384,#9385),(#9386,
#9387,#9388,#9389),(#9390,#9391,#9392,#9393),(#9394,#9395,#9396,#9397),
(#9398,#9399,#9400,#9401),(#9402,#9403,#9404,#9405)),.UNSPECIFIED.,.F.,
 .F.,.F.,(4,1,1,4),(4,4),(0.,0.285714285714286,0.571428571428571,1.),(-0.0883841229386534,
1.18838412296139),.UNSPECIFIED.);
#68=B_SPLINE_SURFACE_WITH_KNOTS('',3,3,((#9425,#9426,#9427,#9428),(#9429,
#9430,#9431,#9432),(#9433,#9434,#9435,#9436),(#9437,#9438,#9439,#9440),
(#9441,#9442,#9443,#9444),(#9445,#9446,#9447,#9448)),.UNSPECIFIED.,.F.,
 .F.,.F.,(4,1,1,4),(4,4),(0.,0.285714285714286,0.571428571428571,1.),(0.677188033677378,
0.797827429638748),.UNSPECIFIED.);
#69=B_SPLINE_SURFACE_WITH_KNOTS('',3,3,((#9482,#9483,#9484,#9485),(#9486,
#9487,#9488,#9489),(#9490,#9491,#9492,#9493),(#9494,#9495,#9496,#9497),
(#9498,#9499,#9500,#9501),(#9502,#9503,#9504,#9505)),.UNSPECIFIED.,.F.,
 .F.,.F.,(4,1,1,4),(4,4),(0.,0.285714285714286,0.571428571428571,1.),(-0.0883865807460982,
0.677188033677378),.UNSPECIFIED.);
#70=B_SPLINE_SURFACE_WITH_KNOTS('',3,3,((#9510,#9511,#9512,#9513),(#9514,
#9515,#9516,#9517),(#9518,#9519,#9520,#9521),(#9522,#9523,#9524,#9525),
(#9526,#9527,#9528,#9529),(#9530,#9531,#9532,#9533),(#9534,#9535,#9536,
#9537),(#9538,#9539,#9540,#9541),(#9542,#9543,#9544,#9545)),
 .UNSPECIFIED.,.F.,.F.,.F.,(4,1,1,1,1,1,4),(4,4),(0.,0.142857142857143,
0.285714285714286,0.428571428571429,0.571428571428571,0.714285714285714,
1.),(-1.22124532708767E-15,1.27677669529664),.UNSPECIFIED.);
#71=B_SPLINE_SURFACE_WITH_KNOTS('',3,3,((#9559,#9560,#9561,#9562),(#9563,
#9564,#9565,#9566),(#9567,#9568,#9569,#9570),(#9571,#9572,#9573,#9574),
(#9575,#9576,#9577,#9578),(#9579,#9580,#9581,#9582),(#9583,#9584,#9585,
#9586),(#9587,#9588,#9589,#9590),(#9591,#9592,#9593,#9594)),
 .UNSPECIFIED.,.F.,.F.,.F.,(4,1,1,1,1,1,4),(4,4),(0.,0.142857142857143,
0.285714285714286,0.428571428571429,0.571428571428571,0.714285714285714,
1.),(-4.77368729938948E-15,1.27677669546288),.UNSPECIFIED.);
#72=ELLIPSE('',#5004,1.76776695296637,1.25);
#73=ELLIPSE('',#5164,1.76776695296637,1.25);
#74=ELLIPSE('',#5167,1.76776695296637,1.25);
#75=ELLIPSE('',#5257,1.76776695296636,1.25);
#76=B_SPLINE_CURVE_WITH_KNOTS('',3,(#6682,#6683,#6684,#6685,#6686,#6687,
#6688,#6689,#6690,#6691),.UNSPECIFIED.,.F.,.F.,(4,2,2,2,4),(0.381057156220213,
0.428494215099352,0.475931273978491,0.523051658755509,0.570172043532526),
 .UNSPECIFIED.);
#77=B_SPLINE_CURVE_WITH_KNOTS('',3,(#6697,#6698,#6699,#6700),
 .UNSPECIFIED.,.F.,.F.,(4,4),(-0.0622698360246916,-0.0532973943126961),
 .UNSPECIFIED.);
#78=B_SPLINE_CURVE_WITH_KNOTS('',3,(#6702,#6703,#6704,#6705,#6706,#6707),
 .UNSPECIFIED.,.F.,.F.,(4,2,4),(0.408281881875338,0.49686548317831,0.574669725583437),
 .UNSPECIFIED.);
#79=B_SPLINE_CURVE_WITH_KNOTS('',3,(#6713,#6714,#6715,#6716,#6717,#6718,
#6719,#6720,#6721,#6722),.UNSPECIFIED.,.F.,.F.,(4,2,2,2,4),(0.1919422689079,
0.239062653684918,0.286183038461936,0.333620097341074,0.381057156220213),
 .UNSPECIFIED.);
#80=B_SPLINE_CURVE_WITH_KNOTS('',3,(#6926,#6927,#6928,#6929),
 .UNSPECIFIED.,.F.,.F.,(4,4),(-1.05467002825321,-0.937444988755707),
 .UNSPECIFIED.);
#81=B_SPLINE_CURVE_WITH_KNOTS('',3,(#6937,#6938,#6939,#6940),
 .UNSPECIFIED.,.F.,.F.,(4,4),(-0.937444988755707,-0.380871044352311),
 .UNSPECIFIED.);
#82=B_SPLINE_CURVE_WITH_KNOTS('',3,(#6946,#6947,#6948,#6949),
 .UNSPECIFIED.,.F.,.F.,(4,4),(-0.380871044352311,-0.263646004854793),
 .UNSPECIFIED.);
#83=B_SPLINE_CURVE_WITH_KNOTS('',3,(#6955,#6956,#6957,#6958),
 .UNSPECIFIED.,.F.,.F.,(4,4),(-0.263646004854793,-0.165403348562888),
 .UNSPECIFIED.);
#84=B_SPLINE_CURVE_WITH_KNOTS('',3,(#6964,#6965,#6966,#6967),
 .UNSPECIFIED.,.F.,.F.,(4,4),(-0.165403348562888,-0.101464780310018),
 .UNSPECIFIED.);
#85=B_SPLINE_CURVE_WITH_KNOTS('',3,(#6974,#6975,#6976,#6977,#6978),
 .UNSPECIFIED.,.F.,.F.,(4,1,4),(-1.38610658231516,-1.19293283296716,-1.04805252095617),
 .UNSPECIFIED.);
#86=B_SPLINE_CURVE_WITH_KNOTS('',3,(#6986,#6987,#6988,#6989),
 .UNSPECIFIED.,.F.,.F.,(4,4),(-1.04805252095617,-0.408053487897478),
 .UNSPECIFIED.);
#87=B_SPLINE_CURVE_WITH_KNOTS('',3,(#6995,#6996,#6997,#6998,#6999),
 .UNSPECIFIED.,.F.,.F.,(4,1,4),(-0.408053487897478,-0.214879738547809,-0.0699994265355561),
 .UNSPECIFIED.);
#88=B_SPLINE_CURVE_WITH_KNOTS('',3,(#7005,#7006,#7007,#7008),
 .UNSPECIFIED.,.F.,.F.,(4,4),(-1.15291268446525,-1.05467002825321),
 .UNSPECIFIED.);
#89=B_SPLINE_CURVE_WITH_KNOTS('',3,(#7014,#7015,#7016,#7017),
 .UNSPECIFIED.,.F.,.F.,(4,4),(-1.45610543537722,-1.38610658231516),
 .UNSPECIFIED.);
#90=B_SPLINE_CURVE_WITH_KNOTS('',3,(#7024,#7025,#7026,#7027),
 .UNSPECIFIED.,.F.,.F.,(4,4),(-1.2697333908373,-0.519743152248304),
 .UNSPECIFIED.);
#91=B_SPLINE_CURVE_WITH_KNOTS('',3,(#7035,#7036,#7037,#7038,#7039),
 .UNSPECIFIED.,.F.,.F.,(4,1,4),(-0.519743152248303,-0.472369100053763,-0.424995047859224),
 .UNSPECIFIED.);
#92=B_SPLINE_CURVE_WITH_KNOTS('',3,(#7046,#7047,#7048,#7049),
 .UNSPECIFIED.,.F.,.F.,(4,4),(-1.78947159096954,-1.36448149519756),
 .UNSPECIFIED.);
#93=B_SPLINE_CURVE_WITH_KNOTS('',3,(#7056,#7057,#7058,#7059,#7060),
 .UNSPECIFIED.,.F.,.F.,(4,1,4),(-1.36448149519756,-1.31710744301743,-1.2697333908373),
 .UNSPECIFIED.);
#94=B_SPLINE_CURVE_WITH_KNOTS('',3,(#7064,#7065,#7066,#7067),
 .UNSPECIFIED.,.F.,.F.,(4,4),(-0.424995047859225,2.00649668670232E-12),
 .UNSPECIFIED.);
#95=B_SPLINE_CURVE_WITH_KNOTS('',3,(#7073,#7074,#7075,#7076,#7077),
 .UNSPECIFIED.,.F.,.F.,(4,1,4),(-2.72895308613182,-2.68158151001511,-2.63420993389839),
 .UNSPECIFIED.);
#96=B_SPLINE_CURVE_WITH_KNOTS('',3,(#7083,#7084,#7085,#7086),
 .UNSPECIFIED.,.F.,.F.,(4,4),(-2.63420993389839,-1.88421969532984),
 .UNSPECIFIED.);
#97=B_SPLINE_CURVE_WITH_KNOTS('',3,(#7091,#7092,#7093,#7094,#7095),
 .UNSPECIFIED.,.F.,.F.,(4,1,4),(-1.88421969532984,-1.83684564314969,-1.78947159096954),
 .UNSPECIFIED.);
#98=B_SPLINE_CURVE_WITH_KNOTS('',3,(#7128,#7129,#7130,#7131,#7132,#7133),
 .UNSPECIFIED.,.F.,.F.,(4,1,1,4),(0.,0.285714285714286,0.571428571428571,
1.),.UNSPECIFIED.);
#99=B_SPLINE_CURVE_WITH_KNOTS('',3,(#7135,#7136,#7137,#7138,#7139,#7140),
 .UNSPECIFIED.,.F.,.F.,(4,1,1,4),(-1.,-0.571428571428571,-0.285714285714286,
0.),.UNSPECIFIED.);
#100=B_SPLINE_CURVE_WITH_KNOTS('',3,(#7141,#7142,#7143,#7144,#7145),
 .UNSPECIFIED.,.F.,.F.,(4,1,4),(2.63420993389839,2.68158151001511,2.72895308613182),
 .UNSPECIFIED.);
#101=B_SPLINE_CURVE_WITH_KNOTS('',3,(#7171,#7172,#7173,#7174,#7175,#7176),
 .UNSPECIFIED.,.F.,.F.,(4,1,1,4),(-1.,-0.571428571428571,-0.285714285714286,
0.),.UNSPECIFIED.);
#102=B_SPLINE_CURVE_WITH_KNOTS('',3,(#7177,#7178,#7179,#7180),
 .UNSPECIFIED.,.F.,.F.,(4,4),(1.88421969532984,2.63420993389839),
 .UNSPECIFIED.);
#103=B_SPLINE_CURVE_WITH_KNOTS('',3,(#7212,#7213,#7214,#7215,#7216,#7217),
 .UNSPECIFIED.,.F.,.F.,(4,1,1,4),(-1.,-0.571428571428571,-0.285714285714286,
0.),.UNSPECIFIED.);
#104=B_SPLINE_CURVE_WITH_KNOTS('',3,(#7218,#7219,#7220,#7221,#7222),
 .UNSPECIFIED.,.F.,.F.,(4,1,4),(1.78947159096954,1.83684564314969,1.88421969532984),
 .UNSPECIFIED.);
#105=B_SPLINE_CURVE_WITH_KNOTS('',3,(#7248,#7249,#7250,#7251,#7252,#7253),
 .UNSPECIFIED.,.F.,.F.,(4,1,1,4),(-1.,-0.571428571428571,-0.285714285714286,
0.),.UNSPECIFIED.);
#106=B_SPLINE_CURVE_WITH_KNOTS('',3,(#7254,#7255,#7256,#7257),
 .UNSPECIFIED.,.F.,.F.,(4,4),(1.36448149519756,1.78947159096954),
 .UNSPECIFIED.);
#107=B_SPLINE_CURVE_WITH_KNOTS('',3,(#7289,#7290,#7291,#7292,#7293,#7294),
 .UNSPECIFIED.,.F.,.F.,(4,1,1,4),(-1.,-0.571428571428571,-0.285714285714286,
0.),.UNSPECIFIED.);
#108=B_SPLINE_CURVE_WITH_KNOTS('',3,(#7295,#7296,#7297,#7298,#7299),
 .UNSPECIFIED.,.F.,.F.,(4,1,4),(1.2697333908373,1.31710744301743,1.36448149519756),
 .UNSPECIFIED.);
#109=B_SPLINE_CURVE_WITH_KNOTS('',3,(#7325,#7326,#7327,#7328,#7329,#7330),
 .UNSPECIFIED.,.F.,.F.,(4,1,1,4),(-1.,-0.571428571428571,-0.285714285714286,
0.),.UNSPECIFIED.);
#110=B_SPLINE_CURVE_WITH_KNOTS('',3,(#7331,#7332,#7333,#7334),
 .UNSPECIFIED.,.F.,.F.,(4,4),(0.519743152248304,1.2697333908373),
 .UNSPECIFIED.);
#111=B_SPLINE_CURVE_WITH_KNOTS('',3,(#7366,#7367,#7368,#7369,#7370,#7371),
 .UNSPECIFIED.,.F.,.F.,(4,1,1,4),(-1.,-0.571428571428571,-0.285714285714286,
0.),.UNSPECIFIED.);
#112=B_SPLINE_CURVE_WITH_KNOTS('',3,(#7372,#7373,#7374,#7375,#7376),
 .UNSPECIFIED.,.F.,.F.,(4,1,4),(0.424995047859224,0.472369100053763,0.519743152248303),
 .UNSPECIFIED.);
#113=B_SPLINE_CURVE_WITH_KNOTS('',3,(#7401,#7402,#7403,#7404),
 .UNSPECIFIED.,.F.,.F.,(4,4),(-2.00649668670232E-12,0.424995047859225),
 .UNSPECIFIED.);
#114=B_SPLINE_CURVE_WITH_KNOTS('',3,(#7407,#7408,#7409,#7410),
 .UNSPECIFIED.,.F.,.F.,(4,4),(-0.069999426535556,-7.43656698720674E-12),
 .UNSPECIFIED.);
#115=B_SPLINE_CURVE_WITH_KNOTS('',3,(#7416,#7417,#7418,#7419,#7420),
 .UNSPECIFIED.,.F.,.F.,(4,1,4),(-2.77221201768493,-2.57903859604898,-2.43415852982202),
 .UNSPECIFIED.);
#116=B_SPLINE_CURVE_WITH_KNOTS('',3,(#7426,#7427,#7428,#7429),
 .UNSPECIFIED.,.F.,.F.,(4,4),(-2.43415852982202,-1.79415949673623),
 .UNSPECIFIED.);
#117=B_SPLINE_CURVE_WITH_KNOTS('',3,(#7434,#7435,#7436,#7437,#7438),
 .UNSPECIFIED.,.F.,.F.,(4,1,4),(-1.79415949673623,-1.60098574738822,-1.45610543537722),
 .UNSPECIFIED.);
#118=B_SPLINE_CURVE_WITH_KNOTS('',3,(#7471,#7472,#7473,#7474,#7475,#7476),
 .UNSPECIFIED.,.F.,.F.,(4,1,1,4),(0.,0.285714285714286,0.571428571428571,
1.),.UNSPECIFIED.);
#119=B_SPLINE_CURVE_WITH_KNOTS('',3,(#7478,#7479,#7480,#7481,#7482,#7483),
 .UNSPECIFIED.,.F.,.F.,(4,1,1,4),(-1.,-0.571428571428571,-0.285714285714286,
0.),.UNSPECIFIED.);
#120=B_SPLINE_CURVE_WITH_KNOTS('',3,(#7484,#7485,#7486,#7487,#7488),
 .UNSPECIFIED.,.F.,.F.,(4,1,4),(2.43415852982202,2.57903859604898,2.77221201768493),
 .UNSPECIFIED.);
#121=B_SPLINE_CURVE_WITH_KNOTS('',3,(#7514,#7515,#7516,#7517,#7518,#7519),
 .UNSPECIFIED.,.F.,.F.,(4,1,1,4),(-1.,-0.571428571428571,-0.285714285714286,
0.),.UNSPECIFIED.);
#122=B_SPLINE_CURVE_WITH_KNOTS('',3,(#7520,#7521,#7522,#7523),
 .UNSPECIFIED.,.F.,.F.,(4,4),(1.79415949673623,2.43415852982202),
 .UNSPECIFIED.);
#123=B_SPLINE_CURVE_WITH_KNOTS('',3,(#7555,#7556,#7557,#7558,#7559,#7560),
 .UNSPECIFIED.,.F.,.F.,(4,1,1,4),(-1.,-0.571428571428571,-0.285714285714286,
0.),.UNSPECIFIED.);
#124=B_SPLINE_CURVE_WITH_KNOTS('',3,(#7561,#7562,#7563,#7564,#7565),
 .UNSPECIFIED.,.F.,.F.,(4,1,4),(1.45610543537722,1.60098574738822,1.79415949673623),
 .UNSPECIFIED.);
#125=B_SPLINE_CURVE_WITH_KNOTS('',3,(#7591,#7592,#7593,#7594,#7595,#7596),
 .UNSPECIFIED.,.F.,.F.,(4,1,1,4),(-1.,-0.571428571428571,-0.285714285714286,
0.),.UNSPECIFIED.);
#126=B_SPLINE_CURVE_WITH_KNOTS('',3,(#7597,#7598,#7599,#7600),
 .UNSPECIFIED.,.F.,.F.,(4,4),(1.38610658231516,1.45610543537722),
 .UNSPECIFIED.);
#127=B_SPLINE_CURVE_WITH_KNOTS('',3,(#7632,#7633,#7634,#7635,#7636,#7637),
 .UNSPECIFIED.,.F.,.F.,(4,1,1,4),(-1.,-0.571428571428571,-0.285714285714286,
0.),.UNSPECIFIED.);
#128=B_SPLINE_CURVE_WITH_KNOTS('',3,(#7638,#7639,#7640,#7641,#7642),
 .UNSPECIFIED.,.F.,.F.,(4,1,4),(1.04805252095617,1.19293283296716,1.38610658231516),
 .UNSPECIFIED.);
#129=B_SPLINE_CURVE_WITH_KNOTS('',3,(#7668,#7669,#7670,#7671,#7672,#7673),
 .UNSPECIFIED.,.F.,.F.,(4,1,1,4),(-1.,-0.571428571428571,-0.285714285714286,
0.),.UNSPECIFIED.);
#130=B_SPLINE_CURVE_WITH_KNOTS('',3,(#7674,#7675,#7676,#7677),
 .UNSPECIFIED.,.F.,.F.,(4,4),(0.408053487897478,1.04805252095617),
 .UNSPECIFIED.);
#131=B_SPLINE_CURVE_WITH_KNOTS('',3,(#7709,#7710,#7711,#7712,#7713,#7714),
 .UNSPECIFIED.,.F.,.F.,(4,1,1,4),(-1.,-0.571428571428571,-0.285714285714286,
0.),.UNSPECIFIED.);
#132=B_SPLINE_CURVE_WITH_KNOTS('',3,(#7715,#7716,#7717,#7718,#7719),
 .UNSPECIFIED.,.F.,.F.,(4,1,4),(0.0699994265355561,0.214879738547809,0.408053487897478),
 .UNSPECIFIED.);
#133=B_SPLINE_CURVE_WITH_KNOTS('',3,(#7744,#7745,#7746,#7747),
 .UNSPECIFIED.,.F.,.F.,(4,4),(7.43656698720674E-12,0.069999426535556),
 .UNSPECIFIED.);
#134=B_SPLINE_CURVE_WITH_KNOTS('',3,(#7757,#7758,#7759,#7760),
 .UNSPECIFIED.,.F.,.F.,(4,4),(0.,0.0449725643943072),.UNSPECIFIED.);
#135=B_SPLINE_CURVE_WITH_KNOTS('',3,(#7763,#7764,#7765,#7766,#7767,#7768),
 .UNSPECIFIED.,.F.,.F.,(4,2,4),(0.0877762021744761,0.106770212190783,0.137611337730638),
 .UNSPECIFIED.);
#136=B_SPLINE_CURVE_WITH_KNOTS('',3,(#7771,#7772,#7773,#7774),
 .UNSPECIFIED.,.F.,.F.,(4,4),(-3.77467380269225E-11,0.101464781678538),
 .UNSPECIFIED.);
#137=B_SPLINE_CURVE_WITH_KNOTS('',3,(#7776,#7777,#7778,#7779,#7780),
 .UNSPECIFIED.,.F.,.F.,(4,1,4),(2.16368781734606,2.25818810056964,2.32906331298732),
 .UNSPECIFIED.);
#138=B_SPLINE_CURVE_WITH_KNOTS('',3,(#7782,#7783,#7784,#7785),
 .UNSPECIFIED.,.F.,.F.,(4,4),(1.48369154156123,2.16368781734606),
 .UNSPECIFIED.);
#139=B_SPLINE_CURVE_WITH_KNOTS('',3,(#7787,#7788,#7789,#7790,#7791),
 .UNSPECIFIED.,.F.,.F.,(4,1,4),(1.31831408809296,1.41281549007483,1.48369154156123),
 .UNSPECIFIED.);
#140=B_SPLINE_CURVE_WITH_KNOTS('',3,(#7793,#7794,#7795,#7796),
 .UNSPECIFIED.,.F.,.F.,(4,4),(1.21685125707665,1.31831397465753),
 .UNSPECIFIED.);
#141=B_SPLINE_CURVE_WITH_KNOTS('',3,(#7798,#7799,#7800,#7801),
 .UNSPECIFIED.,.F.,.F.,(4,4),(1.15291268446525,1.21685120764408),
 .UNSPECIFIED.);
#142=B_SPLINE_CURVE_WITH_KNOTS('',3,(#7803,#7804,#7805,#7806),
 .UNSPECIFIED.,.F.,.F.,(4,4),(1.05467002825321,1.15291268446525),
 .UNSPECIFIED.);
#143=B_SPLINE_CURVE_WITH_KNOTS('',3,(#7808,#7809,#7810,#7811),
 .UNSPECIFIED.,.F.,.F.,(4,4),(0.937444988755707,1.05467002825321),
 .UNSPECIFIED.);
#144=B_SPLINE_CURVE_WITH_KNOTS('',3,(#7813,#7814,#7815,#7816),
 .UNSPECIFIED.,.F.,.F.,(4,4),(0.380871044352311,0.937444988755707),
 .UNSPECIFIED.);
#145=B_SPLINE_CURVE_WITH_KNOTS('',3,(#7818,#7819,#7820,#7821),
 .UNSPECIFIED.,.F.,.F.,(4,4),(0.263646004854793,0.380871044352311),
 .UNSPECIFIED.);
#146=B_SPLINE_CURVE_WITH_KNOTS('',3,(#7823,#7824,#7825,#7826),
 .UNSPECIFIED.,.F.,.F.,(4,4),(0.165403348562888,0.263646004854793),
 .UNSPECIFIED.);
#147=B_SPLINE_CURVE_WITH_KNOTS('',3,(#7827,#7828,#7829,#7830),
 .UNSPECIFIED.,.F.,.F.,(4,4),(0.101464781678538,0.165403348562888),
 .UNSPECIFIED.);
#148=B_SPLINE_CURVE_WITH_KNOTS('',3,(#7833,#7834,#7835,#7836),
 .UNSPECIFIED.,.F.,.F.,(4,4),(-0.101464781678538,3.77467380269225E-11),
 .UNSPECIFIED.);
#149=B_SPLINE_CURVE_WITH_KNOTS('',3,(#7842,#7843,#7844,#7845,#7846),
 .UNSPECIFIED.,.F.,.F.,(4,1,4),(-2.32906331160895,-2.25818810056964,-2.16368781734606),
 .UNSPECIFIED.);
#150=B_SPLINE_CURVE_WITH_KNOTS('',3,(#7852,#7853,#7854,#7855),
 .UNSPECIFIED.,.F.,.F.,(4,4),(-2.16368781734606,-1.48369154156123),
 .UNSPECIFIED.);
#151=B_SPLINE_CURVE_WITH_KNOTS('',3,(#7861,#7862,#7863,#7864,#7865),
 .UNSPECIFIED.,.F.,.F.,(4,1,4),(-1.48369154156123,-1.41281549007483,-1.31831408937205),
 .UNSPECIFIED.);
#152=B_SPLINE_CURVE_WITH_KNOTS('',3,(#7871,#7872,#7873,#7874),
 .UNSPECIFIED.,.F.,.F.,(4,4),(-1.31831397465753,-1.21685125577224),
 .UNSPECIFIED.);
#153=B_SPLINE_CURVE_WITH_KNOTS('',3,(#7879,#7880,#7881,#7882),
 .UNSPECIFIED.,.F.,.F.,(4,4),(-1.21685120764408,-1.15291268446525),
 .UNSPECIFIED.);
#154=B_SPLINE_CURVE_WITH_KNOTS('',3,(#7914,#7915,#7916,#7917,#7918,#7919),
 .UNSPECIFIED.,.F.,.F.,(4,1,1,4),(0.,0.285714285714286,0.571428571428571,
1.),.UNSPECIFIED.);
#155=B_SPLINE_CURVE_WITH_KNOTS('',3,(#7920,#7921,#7922,#7923,#7924,#7925),
 .UNSPECIFIED.,.F.,.F.,(4,1,1,4),(-1.,-0.571428571428571,-0.285714285714286,
0.),.UNSPECIFIED.);
#156=B_SPLINE_CURVE_WITH_KNOTS('',3,(#7950,#7951,#7952,#7953,#7954,#7955),
 .UNSPECIFIED.,.F.,.F.,(4,1,1,4),(-1.,-0.571428571428571,-0.285714285714286,
0.),.UNSPECIFIED.);
#157=B_SPLINE_CURVE_WITH_KNOTS('',3,(#7986,#7987,#7988,#7989,#7990,#7991),
 .UNSPECIFIED.,.F.,.F.,(4,1,1,4),(-1.,-0.571428571428571,-0.285714285714286,
0.),.UNSPECIFIED.);
#158=B_SPLINE_CURVE_WITH_KNOTS('',3,(#8016,#8017,#8018,#8019,#8020,#8021),
 .UNSPECIFIED.,.F.,.F.,(4,1,1,4),(-1.,-0.571428571428571,-0.285714285714286,
0.),.UNSPECIFIED.);
#159=B_SPLINE_CURVE_WITH_KNOTS('',3,(#8046,#8047,#8048,#8049,#8050,#8051),
 .UNSPECIFIED.,.F.,.F.,(4,1,1,4),(-1.,-0.571428571428571,-0.285714285714286,
0.),.UNSPECIFIED.);
#160=B_SPLINE_CURVE_WITH_KNOTS('',3,(#8076,#8077,#8078,#8079,#8080,#8081),
 .UNSPECIFIED.,.F.,.F.,(4,1,1,4),(-1.,-0.571428571428571,-0.285714285714286,
0.),.UNSPECIFIED.);
#161=B_SPLINE_CURVE_WITH_KNOTS('',3,(#8106,#8107,#8108,#8109,#8110,#8111),
 .UNSPECIFIED.,.F.,.F.,(4,1,1,4),(-1.,-0.571428571428571,-0.285714285714286,
0.),.UNSPECIFIED.);
#162=B_SPLINE_CURVE_WITH_KNOTS('',3,(#8136,#8137,#8138,#8139,#8140,#8141),
 .UNSPECIFIED.,.F.,.F.,(4,1,1,4),(-1.,-0.571428571428571,-0.285714285714286,
0.),.UNSPECIFIED.);
#163=B_SPLINE_CURVE_WITH_KNOTS('',3,(#8166,#8167,#8168,#8169,#8170,#8171),
 .UNSPECIFIED.,.F.,.F.,(4,1,1,4),(-1.,-0.571428571428571,-0.285714285714286,
0.),.UNSPECIFIED.);
#164=B_SPLINE_CURVE_WITH_KNOTS('',3,(#8196,#8197,#8198,#8199,#8200,#8201),
 .UNSPECIFIED.,.F.,.F.,(4,1,1,4),(-1.,-0.571428571428571,-0.285714285714286,
0.),.UNSPECIFIED.);
#165=B_SPLINE_CURVE_WITH_KNOTS('',3,(#8226,#8227,#8228,#8229,#8230,#8231),
 .UNSPECIFIED.,.F.,.F.,(4,1,1,4),(-1.,-0.571428571428571,-0.285714285714286,
0.),.UNSPECIFIED.);
#166=B_SPLINE_CURVE_WITH_KNOTS('',3,(#8301,#8302,#8303,#8304),
 .UNSPECIFIED.,.F.,.F.,(4,4),(-0.911303330888523,-0.113406277567675),
 .UNSPECIFIED.);
#167=B_SPLINE_CURVE_WITH_KNOTS('',3,(#8306,#8307,#8308,#8309),
 .UNSPECIFIED.,.F.,.F.,(4,4),(-3.52069644661143,0.0706964523397866),
 .UNSPECIFIED.);
#168=B_SPLINE_CURVE_WITH_KNOTS('',3,(#8311,#8312,#8313,#8314),
 .UNSPECIFIED.,.F.,.F.,(4,4),(-0.727188010397274,0.070709040534602),
 .UNSPECIFIED.);
#169=B_SPLINE_CURVE_WITH_KNOTS('',3,(#8329,#8330,#8331,#8332,#8333,#8334),
 .UNSPECIFIED.,.F.,.F.,(4,1,1,4),(-0.116738772250995,-0.0509830437313746,
-0.0181051794715646,-8.62224676643464E-5),.UNSPECIFIED.);
#170=B_SPLINE_CURVE_WITH_KNOTS('',3,(#8335,#8336,#8337,#8338),
 .UNSPECIFIED.,.F.,.F.,(4,4),(-0.113406277567675,2.77555756156289E-17),
 .UNSPECIFIED.);
#171=B_SPLINE_CURVE_WITH_KNOTS('',3,(#8342,#8343,#8344,#8345,#8346),
 .UNSPECIFIED.,.F.,.F.,(4,1,4),(-0.840594287964946,-0.82582160221806,-0.727188010397274),
 .UNSPECIFIED.);
#172=B_SPLINE_CURVE_WITH_KNOTS('',3,(#8348,#8349,#8350,#8351,#8352),
 .UNSPECIFIED.,.F.,.F.,(4,1,4),(0.840584172852821,0.891577330098584,0.957333057979108),
 .UNSPECIFIED.);
#173=B_SPLINE_CURVE_WITH_KNOTS('',3,(#8388,#8389,#8390,#8391),
 .UNSPECIFIED.,.F.,.F.,(4,4),(8.32667268468867E-17,0.6),.UNSPECIFIED.);
#174=B_SPLINE_CURVE_WITH_KNOTS('',3,(#8396,#8397,#8398,#8399),
 .UNSPECIFIED.,.F.,.F.,(4,4),(1.00600991002834E-6,1.6299989939902),
 .UNSPECIFIED.);
#175=B_SPLINE_CURVE_WITH_KNOTS('',3,(#8403,#8404,#8405,#8406),
 .UNSPECIFIED.,.F.,.F.,(4,4),(-1.38777878078145E-16,0.6),.UNSPECIFIED.);
#176=B_SPLINE_CURVE_WITH_KNOTS('',3,(#8434,#8435,#8436,#8437),
 .UNSPECIFIED.,.F.,.F.,(4,4),(-0.688386941310628,-1.11022302462516E-16),
 .UNSPECIFIED.);
#177=B_SPLINE_CURVE_WITH_KNOTS('',3,(#8439,#8440,#8441,#8442),
 .UNSPECIFIED.,.F.,.F.,(4,4),(-0.0771869951675289,3.58393105683617E-7),
 .UNSPECIFIED.);
#178=B_SPLINE_CURVE_WITH_KNOTS('',3,(#8444,#8445,#8446,#8447,#8448,#8449,
#8450),.UNSPECIFIED.,.F.,.F.,(4,3,4),(-0.000812303530453955,0.,0.0149569430928262),
 .UNSPECIFIED.);
#179=B_SPLINE_CURVE_WITH_KNOTS('',3,(#8452,#8453,#8454,#8455,#8456,#8457,
#8458,#8459,#8460,#8461,#8462,#8463,#8464,#8465,#8466,#8467,#8468,#8469,
#8470,#8471,#8472,#8473,#8474,#8475,#8476,#8477,#8478,#8479,#8480,#8481,
#8482,#8483,#8484,#8485),.UNSPECIFIED.,.F.,.F.,(4,2,2,2,2,2,2,2,2,2,2,2,
2,2,2,2,4),(0.,0.0044797346452397,0.00624591150561031,0.0063177580643007,
0.00638962618962689,0.00653344936661831,0.00682158684524052,0.00740093791772266,
0.00857971843515577,0.0110533842943114,0.0159477992734839,0.0242116084554197,
0.0368822100135999,0.0587807271345059,0.0831793073782532,0.0988969654359294,
0.112716878796275),.UNSPECIFIED.);
#180=B_SPLINE_CURVE_WITH_KNOTS('',3,(#8486,#8487,#8488,#8489),
 .UNSPECIFIED.,.F.,.F.,(4,4),(0.,0.00206468044440904),.UNSPECIFIED.);
#181=B_SPLINE_CURVE_WITH_KNOTS('',3,(#8490,#8491,#8492,#8493,#8494,#8495,
#8496,#8497,#8498,#8499,#8500,#8501,#8502,#8503),.UNSPECIFIED.,.F.,.F.,
(4,2,2,2,2,2,4),(-0.167966251387527,-0.16737698696261,-0.131679445049364,
-0.0948539113752664,-0.0557737733923673,-0.0261683564412282,0.),
 .UNSPECIFIED.);
#182=B_SPLINE_CURVE_WITH_KNOTS('',3,(#8529,#8530,#8531,#8532,#8533,#8534,
#8535,#8536,#8537,#8538,#8539,#8540,#8541,#8542),.UNSPECIFIED.,.F.,.F.,
(4,2,2,2,2,2,4),(-0.167967122700129,-0.167380820399758,-0.131643114771508,
-0.0947692319567176,-0.0557468761606524,-0.026164377923227,0.),
 .UNSPECIFIED.);
#183=B_SPLINE_CURVE_WITH_KNOTS('',3,(#8543,#8544,#8545,#8546),
 .UNSPECIFIED.,.F.,.F.,(4,4),(-1.71838049228907,0.0883804922868898),
 .UNSPECIFIED.);
#184=B_SPLINE_CURVE_WITH_KNOTS('',3,(#8572,#8573,#8574,#8575),
 .UNSPECIFIED.,.F.,.F.,(4,4),(0.137220210426309,0.139284882409686),
 .UNSPECIFIED.);
#185=B_SPLINE_CURVE_WITH_KNOTS('',3,(#8577,#8578,#8579,#8580,#8581,#8582,
#8583,#8584,#8585,#8586,#8587,#8588,#8589,#8590,#8591,#8592,#8593,#8594,
#8595,#8596,#8597,#8598,#8599,#8600,#8601,#8602,#8603,#8604,#8605,#8606,
#8607,#8608,#8609,#8610),.UNSPECIFIED.,.F.,.F.,(4,2,2,2,2,2,2,2,2,2,2,2,
2,2,2,2,4),(0.,0.025979453996664,0.0556053468510668,0.0948687340346442,
0.13339442109706,0.151411514723192,0.163450468344138,0.172007447006784,
0.175400881513246,0.175536707531994,0.175672510254047,0.17594408744817,
0.176487397182837,0.177576694196807,0.179780064631883,0.184347650807051,
0.188665772930618),.UNSPECIFIED.);
#186=B_SPLINE_CURVE_WITH_KNOTS('',3,(#8612,#8613,#8614,#8615,#8616,#8617,
#8618),.UNSPECIFIED.,.F.,.F.,(4,3,4),(0.176225685374064,0.18700670285295,
0.187592214110627),.UNSPECIFIED.);
#187=B_SPLINE_CURVE_WITH_KNOTS('',3,(#8620,#8621,#8622,#8623),
 .UNSPECIFIED.,.F.,.F.,(4,4),(0.599999641606055,0.677186995163944),
 .UNSPECIFIED.);
#188=B_SPLINE_CURVE_WITH_KNOTS('',3,(#8624,#8625,#8626,#8627),
 .UNSPECIFIED.,.F.,.F.,(4,4),(-0.6,0.088386941309487),.UNSPECIFIED.);
#189=B_SPLINE_CURVE_WITH_KNOTS('',3,(#8629,#8630,#8631,#8632),
 .UNSPECIFIED.,.F.,.F.,(4,4),(1.61247591323617,3.24252408676384),
 .UNSPECIFIED.);
#190=B_SPLINE_CURVE_WITH_KNOTS('',3,(#8657,#8658,#8659,#8660),
 .UNSPECIFIED.,.F.,.F.,(4,4),(-3.3228269721132,-1.5321730278868),
 .UNSPECIFIED.);
#191=B_SPLINE_CURVE_WITH_KNOTS('',3,(#8664,#8665,#8666,#8667),
 .UNSPECIFIED.,.F.,.F.,(4,4),(0.113406277567675,0.840592533176445),
 .UNSPECIFIED.);
#192=B_SPLINE_CURVE_WITH_KNOTS('',3,(#8668,#8669,#8670,#8671),
 .UNSPECIFIED.,.F.,.F.,(4,4),(0.00948691354276539,0.113406277567675),
 .UNSPECIFIED.);
#193=B_SPLINE_CURVE_WITH_KNOTS('',3,(#8675,#8676,#8677,#8678),
 .UNSPECIFIED.,.F.,.F.,(4,4),(7.96294207802508E-7,3.44999919799203),
 .UNSPECIFIED.);
#194=B_SPLINE_CURVE_WITH_KNOTS('',3,(#8682,#8683,#8684,#8685,#8686),
 .UNSPECIFIED.,.F.,.F.,(4,1,4),(0.727188010397274,0.82582160221806,0.831107374451052),
 .UNSPECIFIED.);
#195=B_SPLINE_CURVE_WITH_KNOTS('',3,(#8687,#8688,#8689,#8690),
 .UNSPECIFIED.,.F.,.F.,(4,4),(1.75514006732121E-6,0.727188010397274),
 .UNSPECIFIED.);
#196=B_SPLINE_CURVE_WITH_KNOTS('',3,(#8715,#8716,#8717,#8718,#8719,#8720),
 .UNSPECIFIED.,.F.,.F.,(4,1,1,4),(-1.,-0.571428571428571,-0.285714285714286,
0.),.UNSPECIFIED.);
#197=B_SPLINE_CURVE_WITH_KNOTS('',3,(#8721,#8722,#8723,#8724,#8725,#8726,
#8727,#8728,#8729,#8730,#8731,#8732,#8733,#8734),.UNSPECIFIED.,.F.,.F.,
(4,2,2,2,2,2,4),(-0.134373430396128,-0.133846210092097,-0.105314893248472,
-0.0758857590375398,-0.0446198517514301,-0.0209348080858369,0.),
 .UNSPECIFIED.);
#198=B_SPLINE_CURVE_WITH_KNOTS('',3,(#8771,#8772,#8773,#8774,#8775,#8776,
#8777,#8778,#8779,#8780),.UNSPECIFIED.,.F.,.F.,(4,2,2,2,4),(-0.155699596906823,
-0.154924105637219,-0.103361421535161,-0.0507633604001664,-2.34743671723159E-9),
 .UNSPECIFIED.);
#199=B_SPLINE_CURVE_WITH_KNOTS('',3,(#8817,#8818,#8819,#8820,#8821,#8822),
 .UNSPECIFIED.,.F.,.F.,(4,1,1,4),(-1.,-0.571428571428571,-0.285714285714286,
0.),.UNSPECIFIED.);
#200=B_SPLINE_CURVE_WITH_KNOTS('',3,(#8823,#8824,#8825,#8826,#8827,#8828,
#8829,#8830,#8831,#8832),.UNSPECIFIED.,.F.,.F.,(4,2,2,2,4),(-0.155840518670375,
-0.104776882469452,-0.0518676904559412,1.2825934758709E-11,0.000780078510226719),
 .UNSPECIFIED.);
#201=B_SPLINE_CURVE_WITH_KNOTS('',3,(#8857,#8858,#8859,#8860,#8861,#8862,
#8863,#8864,#8865,#8866,#8867,#8868,#8869,#8870),.UNSPECIFIED.,.F.,.F.,
(4,2,2,2,2,2,4),(-0.135139201934896,-0.11400215774485,-0.0900883099298237,
-0.058520365230473,-0.0288069373481062,0.,0.000532313399598527),
 .UNSPECIFIED.);
#202=B_SPLINE_CURVE_WITH_KNOTS('',3,(#8901,#8902,#8903,#8904),
 .UNSPECIFIED.,.F.,.F.,(4,4),(0.150894232190355,0.195188491798933),
 .UNSPECIFIED.);
#203=B_SPLINE_CURVE_WITH_KNOTS('',3,(#8911,#8912,#8913,#8914),
 .UNSPECIFIED.,.F.,.F.,(4,4),(0.,0.0375688377785007),.UNSPECIFIED.);
#204=B_SPLINE_CURVE_WITH_KNOTS('',3,(#8934,#8935,#8936,#8937),
 .UNSPECIFIED.,.F.,.F.,(4,4),(-1.19020160557001,-0.0865750900528198),
 .UNSPECIFIED.);
#205=B_SPLINE_CURVE_WITH_KNOTS('',3,(#8938,#8939,#8940,#8941),
 .UNSPECIFIED.,.F.,.F.,(4,4),(0.128278268928642,0.128675184791618),
 .UNSPECIFIED.);
#206=B_SPLINE_CURVE_WITH_KNOTS('',3,(#8942,#8943,#8944,#8945),
 .UNSPECIFIED.,.F.,.F.,(4,4),(0.0237986626262633,0.0242942732469821),
 .UNSPECIFIED.);
#207=B_SPLINE_CURVE_WITH_KNOTS('',3,(#8951,#8952,#8953,#8954),
 .UNSPECIFIED.,.F.,.F.,(4,4),(0.150894232191398,0.195188491801587),
 .UNSPECIFIED.);
#208=B_SPLINE_CURVE_WITH_KNOTS('',3,(#8961,#8962,#8963,#8964),
 .UNSPECIFIED.,.F.,.F.,(4,4),(0.,0.0375688374048248),.UNSPECIFIED.);
#209=B_SPLINE_CURVE_WITH_KNOTS('',3,(#8984,#8985,#8986,#8987),
 .UNSPECIFIED.,.F.,.F.,(4,4),(-1.19020160542744,-0.0865750898656465),
 .UNSPECIFIED.);
#210=B_SPLINE_CURVE_WITH_KNOTS('',3,(#8988,#8989,#8990,#8991),
 .UNSPECIFIED.,.F.,.F.,(4,4),(0.128278268928607,0.128675184791582),
 .UNSPECIFIED.);
#211=B_SPLINE_CURVE_WITH_KNOTS('',3,(#8992,#8993,#8994,#8995),
 .UNSPECIFIED.,.F.,.F.,(4,4),(0.0237986622127148,0.0242942728137143),
 .UNSPECIFIED.);
#212=B_SPLINE_CURVE_WITH_KNOTS('',3,(#8999,#9000,#9001,#9002),
 .UNSPECIFIED.,.F.,.F.,(4,4),(0.0649628301162656,0.742149822117054),
 .UNSPECIFIED.);
#213=B_SPLINE_CURVE_WITH_KNOTS('',3,(#9003,#9004,#9005,#9006),
 .UNSPECIFIED.,.F.,.F.,(4,4),(0.00332937749298407,0.0649628301162656),
 .UNSPECIFIED.);
#214=B_SPLINE_CURVE_WITH_KNOTS('',3,(#9010,#9011,#9012,#9013),
 .UNSPECIFIED.,.F.,.F.,(4,4),(7.20983731336222E-7,1.09999927901716),
 .UNSPECIFIED.);
#215=B_SPLINE_CURVE_WITH_KNOTS('',3,(#9017,#9018,#9019,#9020),
 .UNSPECIFIED.,.F.,.F.,(4,4),(0.677188033677375,0.738821486354588),
 .UNSPECIFIED.);
#216=B_SPLINE_CURVE_WITH_KNOTS('',3,(#9021,#9022,#9023,#9024),
 .UNSPECIFIED.,.F.,.F.,(4,4),(1.04112568249986E-6,0.677188033677375),
 .UNSPECIFIED.);
#217=B_SPLINE_CURVE_WITH_KNOTS('',3,(#9051,#9052,#9053,#9054),
 .UNSPECIFIED.,.F.,.F.,(4,4),(-0.83053744267781,-0.0649628301162656),
 .UNSPECIFIED.);
#218=B_SPLINE_CURVE_WITH_KNOTS('',3,(#9055,#9056,#9057,#9058,#9059,#9060),
 .UNSPECIFIED.,.F.,.F.,(4,1,1,4),(-1.,-0.571428571428571,-0.285714285714286,
0.),.UNSPECIFIED.);
#219=B_SPLINE_CURVE_WITH_KNOTS('',3,(#9061,#9062,#9063,#9064,#9065,#9066,
#9067,#9068,#9069,#9070,#9071,#9072,#9073,#9074),.UNSPECIFIED.,.F.,.F.,
(4,2,2,2,2,2,4),(-0.16796626978186,-0.167377067654751,-0.131678682036411,
-0.0948521335639967,-0.055773210176806,-0.0261682733153763,0.),
 .UNSPECIFIED.);
#220=B_SPLINE_CURVE_WITH_KNOTS('',3,(#9100,#9101,#9102,#9103),
 .UNSPECIFIED.,.F.,.F.,(4,4),(-0.0649628301162656,-1.21430643318376E-15),
 .UNSPECIFIED.);
#221=B_SPLINE_CURVE_WITH_KNOTS('',3,(#9105,#9106,#9107,#9108),
 .UNSPECIFIED.,.F.,.F.,(4,4),(-0.0556765668629823,-0.00033706354635783),
 .UNSPECIFIED.);
#222=B_SPLINE_CURVE_WITH_KNOTS('',3,(#9109,#9110,#9111,#9112,#9113,#9114,
#9115,#9116,#9117,#9118,#9119,#9120,#9121,#9122,#9123,#9124),
 .UNSPECIFIED.,.F.,.F.,(4,2,2,2,2,2,2,4),(-0.127696171225832,-0.127244368771982,
-0.10297240664617,-0.0778838862964805,-0.0521848022242015,-0.0317655196731698,
-0.0152065216309439,0.),.UNSPECIFIED.);
#223=B_SPLINE_CURVE_WITH_KNOTS('',3,(#9150,#9151,#9152,#9153,#9154,#9155,
#9156,#9157,#9158,#9159,#9160,#9161,#9162,#9163),.UNSPECIFIED.,.F.,.F.,
(4,2,2,2,2,2,4),(-0.167967309680239,-0.16738164603305,-0.131635267951459,
-0.094750934339127,-0.055741045240175,-0.0261635130898262,0.),
 .UNSPECIFIED.);
#224=B_SPLINE_CURVE_WITH_KNOTS('',3,(#9164,#9165,#9166,#9167),
 .UNSPECIFIED.,.F.,.F.,(4,4),(-1.18838412296542,0.0883841229517321),
 .UNSPECIFIED.);
#225=B_SPLINE_CURVE_WITH_KNOTS('',3,(#9194,#9195,#9196,#9197),
 .UNSPECIFIED.,.F.,.F.,(4,4),(-0.742150863793636,-0.677188033677375),
 .UNSPECIFIED.);
#226=B_SPLINE_CURVE_WITH_KNOTS('',3,(#9198,#9199,#9200,#9201,#9202,#9203),
 .UNSPECIFIED.,.F.,.F.,(4,1,1,4),(-1.,-0.571428571428571,-0.285714285714286,
0.),.UNSPECIFIED.);
#227=B_SPLINE_CURVE_WITH_KNOTS('',3,(#9205,#9206,#9207,#9208,#9209,#9210,
#9211,#9212,#9213,#9214,#9215,#9216,#9217,#9218,#9219,#9220),
 .UNSPECIFIED.,.F.,.F.,(4,2,2,2,2,2,2,4),(-0.145300661390722,-0.12793630218127,
-0.109027542997061,-0.0857107141069746,-0.05636486609176,-0.0277162181213026,
0.,0.000515914526054828),.UNSPECIFIED.);
#228=B_SPLINE_CURVE_WITH_KNOTS('',3,(#9221,#9222,#9223,#9224),
 .UNSPECIFIED.,.F.,.F.,(4,4),(0.742487926825963,0.797827429638823),
 .UNSPECIFIED.);
#229=B_SPLINE_CURVE_WITH_KNOTS('',3,(#9249,#9250,#9251,#9252),
 .UNSPECIFIED.,.F.,.F.,(4,4),(-0.677188033677375,0.0883865819330427),
 .UNSPECIFIED.);
#230=B_SPLINE_CURVE_WITH_KNOTS('',3,(#9256,#9257,#9258,#9259),
 .UNSPECIFIED.,.F.,.F.,(4,4),(0.0649628301162593,0.742149822117224),
 .UNSPECIFIED.);
#231=B_SPLINE_CURVE_WITH_KNOTS('',3,(#9260,#9261,#9262,#9263),
 .UNSPECIFIED.,.F.,.F.,(4,4),(0.0033293774452138,0.0649628301162595),
 .UNSPECIFIED.);
#232=B_SPLINE_CURVE_WITH_KNOTS('',3,(#9267,#9268,#9269,#9270),
 .UNSPECIFIED.,.F.,.F.,(4,4),(7.20985508002333E-7,1.09999927901601),
 .UNSPECIFIED.);
#233=B_SPLINE_CURVE_WITH_KNOTS('',3,(#9274,#9275,#9276,#9277),
 .UNSPECIFIED.,.F.,.F.,(4,4),(0.677188033677378,0.738821486354589),
 .UNSPECIFIED.);
#234=B_SPLINE_CURVE_WITH_KNOTS('',3,(#9278,#9279,#9280,#9281),
 .UNSPECIFIED.,.F.,.F.,(4,4),(1.04134010823721E-6,0.677188033677378),
 .UNSPECIFIED.);
#235=B_SPLINE_CURVE_WITH_KNOTS('',3,(#9308,#9309,#9310,#9311),
 .UNSPECIFIED.,.F.,.F.,(4,4),(-0.830537442678418,-0.0649628301162593),
 .UNSPECIFIED.);
#236=B_SPLINE_CURVE_WITH_KNOTS('',3,(#9312,#9313,#9314,#9315,#9316,#9317),
 .UNSPECIFIED.,.F.,.F.,(4,1,1,4),(-1.,-0.571428571428571,-0.285714285714286,
0.),.UNSPECIFIED.);
#237=B_SPLINE_CURVE_WITH_KNOTS('',3,(#9318,#9319,#9320,#9321,#9322,#9323,
#9324,#9325,#9326,#9327,#9328,#9329,#9330,#9331),.UNSPECIFIED.,.F.,.F.,
(4,2,2,2,2,2,4),(-0.167966292940363,-0.167377169262052,-0.131677721157759,
-0.0948498946880502,-0.0557725008042415,-0.0261681686068742,0.),
 .UNSPECIFIED.);
#238=B_SPLINE_CURVE_WITH_KNOTS('',3,(#9357,#9358,#9359,#9360),
 .UNSPECIFIED.,.F.,.F.,(4,4),(-0.0649628301162595,-1.40165656858926E-15),
 .UNSPECIFIED.);
#239=B_SPLINE_CURVE_WITH_KNOTS('',3,(#9362,#9363,#9364,#9365),
 .UNSPECIFIED.,.F.,.F.,(4,4),(-0.0556765673063794,-0.000337063057442818),
 .UNSPECIFIED.);
#240=B_SPLINE_CURVE_WITH_KNOTS('',3,(#9366,#9367,#9368,#9369,#9370,#9371,
#9372,#9373,#9374,#9375,#9376,#9377,#9378,#9379,#9380,#9381),
 .UNSPECIFIED.,.F.,.F.,(4,2,2,2,2,2,2,4),(-0.127696169565072,-0.127244366960551,
-0.102972401525736,-0.0778838778808452,-0.0521847942192209,-0.0317655125521968,
-0.0152065164116094,0.),.UNSPECIFIED.);
#241=B_SPLINE_CURVE_WITH_KNOTS('',3,(#9407,#9408,#9409,#9410,#9411,#9412,
#9413,#9414,#9415,#9416,#9417,#9418,#9419,#9420),.UNSPECIFIED.,.F.,.F.,
(4,2,2,2,2,2,4),(-0.167967309680014,-0.167381646032346,-0.131635267952029,
-0.0947509343410595,-0.0557410452407923,-0.0261635130899182,0.),
 .UNSPECIFIED.);
#242=B_SPLINE_CURVE_WITH_KNOTS('',3,(#9421,#9422,#9423,#9424),
 .UNSPECIFIED.,.F.,.F.,(4,4),(-1.18838412296139,0.0883841229386534),
 .UNSPECIFIED.);
#243=B_SPLINE_CURVE_WITH_KNOTS('',3,(#9451,#9452,#9453,#9454),
 .UNSPECIFIED.,.F.,.F.,(4,4),(-0.742150863793636,-0.677188033677378),
 .UNSPECIFIED.);
#244=B_SPLINE_CURVE_WITH_KNOTS('',3,(#9455,#9456,#9457,#9458,#9459,#9460),
 .UNSPECIFIED.,.F.,.F.,(4,1,1,4),(-1.,-0.571428571428571,-0.285714285714286,
0.),.UNSPECIFIED.);
#245=B_SPLINE_CURVE_WITH_KNOTS('',3,(#9462,#9463,#9464,#9465,#9466,#9467,
#9468,#9469,#9470,#9471,#9472,#9473,#9474,#9475,#9476,#9477),
 .UNSPECIFIED.,.F.,.F.,(4,2,2,2,2,2,2,4),(-0.145300661378996,-0.127936302170526,
-0.109027542987459,-0.0857107140987193,-0.0563648660855642,-0.0277162181175619,
0.,0.000515914525634977),.UNSPECIFIED.);
#246=B_SPLINE_CURVE_WITH_KNOTS('',3,(#9478,#9479,#9480,#9481),
 .UNSPECIFIED.,.F.,.F.,(4,4),(0.742487926825917,0.797827429638748),
 .UNSPECIFIED.);
#247=B_SPLINE_CURVE_WITH_KNOTS('',3,(#9506,#9507,#9508,#9509),
 .UNSPECIFIED.,.F.,.F.,(4,4),(-0.677188033677378,0.0883865807460982),
 .UNSPECIFIED.);
#248=B_SPLINE_CURVE_WITH_KNOTS('',3,(#9546,#9547,#9548,#9549),
 .UNSPECIFIED.,.F.,.F.,(4,4),(-1.22124532708767E-15,1.27677669529664),
 .UNSPECIFIED.);
#249=B_SPLINE_CURVE_WITH_KNOTS('',3,(#9551,#9552,#9553,#9554),
 .UNSPECIFIED.,.F.,.F.,(4,4),(4.12879669740562E-10,1.27677669546288),
 .UNSPECIFIED.);
#250=B_SPLINE_CURVE_WITH_KNOTS('',3,(#9656,#9657,#9658,#9659,#9660,#9661),
 .UNSPECIFIED.,.F.,.F.,(4,2,4),(0.97711416398083,0.982801548522416,1.04948799595374),
 .UNSPECIFIED.);
#251=B_SPLINE_CURVE_WITH_KNOTS('',3,(#9668,#9669,#9670,#9671,#9672,#9673),
 .UNSPECIFIED.,.F.,.F.,(4,2,4),(0.0703726488828438,0.137059096314163,0.142746480855325),
 .UNSPECIFIED.);
#252=B_SPLINE_CURVE_WITH_KNOTS('',3,(#9710,#9711,#9712,#9713,#9714,#9715,
#9716,#9717,#9718,#9719,#9720,#9721,#9722,#9723),.UNSPECIFIED.,.F.,.F.,
(4,2,2,2,2,2,4),(-0.434312965737592,-0.40056792520574,-0.364864765532836,
-0.305182097244693,-0.272011088988099,-0.24981670469654,-0.230457261317007),
 .UNSPECIFIED.);
#253=B_SPLINE_CURVE_WITH_KNOTS('',3,(#9737,#9738,#9739,#9740,#9741,#9742,
#9743,#9744,#9745,#9746,#9747,#9748,#9749,#9750),.UNSPECIFIED.,.F.,.F.,
(4,2,2,2,2,2,4),(-0.230457261343089,-0.22947204822705,-0.206587745224581,
-0.178355740829582,-0.110968778112157,-0.0510394265839636,0.),
 .UNSPECIFIED.);
#254=B_SPLINE_CURVE_WITH_KNOTS('',3,(#9955,#9956,#9957,#9958,#9959,#9960,
#9961,#9962,#9963,#9964,#9965,#9966,#9967,#9968),.UNSPECIFIED.,.F.,.F.,
(4,2,2,2,2,2,4),(-0.377600076176222,-0.359922591764582,-0.335418242298289,
-0.296921039879948,-0.249296580381122,-0.206837753763951,-0.191430445256745),
 .UNSPECIFIED.);
#255=B_SPLINE_CURVE_WITH_KNOTS('',3,(#9981,#9982,#9983,#9984,#9985,#9986,
#9987,#9988,#9989,#9990,#9991,#9992),.UNSPECIFIED.,.F.,.F.,(4,2,2,2,2,4),
(-0.191430445256747,-0.163950364548744,-0.115487283822408,-0.0730420816898471,
-0.0370114037878512,0.),.UNSPECIFIED.);
#256=FACE_BOUND('',#721,.T.);
#257=FACE_BOUND('',#734,.T.);
#258=FACE_BOUND('',#741,.T.);
#259=FACE_BOUND('',#743,.T.);
#260=FACE_BOUND('',#747,.T.);
#261=FACE_BOUND('',#749,.T.);
#262=FACE_BOUND('',#754,.T.);
#263=FACE_BOUND('',#756,.T.);
#264=FACE_BOUND('',#758,.T.);
#265=FACE_BOUND('',#759,.T.);
#266=FACE_BOUND('',#760,.T.);
#267=FACE_BOUND('',#765,.T.);
#268=FACE_BOUND('',#766,.T.);
#269=FACE_BOUND('',#767,.T.);
#270=FACE_BOUND('',#768,.T.);
#271=FACE_BOUND('',#773,.T.);
#272=FACE_BOUND('',#775,.T.);
#273=FACE_BOUND('',#777,.T.);
#274=FACE_BOUND('',#778,.T.);
#275=FACE_BOUND('',#779,.T.);
#276=FACE_BOUND('',#819,.T.);
#277=FACE_BOUND('',#820,.T.);
#278=FACE_BOUND('',#821,.T.);
#279=FACE_BOUND('',#841,.T.);
#280=FACE_BOUND('',#878,.T.);
#281=FACE_BOUND('',#881,.T.);
#282=FACE_BOUND('',#923,.T.);
#283=FACE_BOUND('',#925,.T.);
#284=FACE_BOUND('',#945,.T.);
#285=FACE_BOUND('',#946,.T.);
#286=FACE_BOUND('',#994,.T.);
#287=FACE_BOUND('',#1018,.T.);
#288=FACE_BOUND('',#1019,.T.);
#289=FACE_BOUND('',#1020,.T.);
#290=PLANE('',#4927);
#291=PLANE('',#4930);
#292=PLANE('',#4931);
#293=PLANE('',#4955);
#294=PLANE('',#4957);
#295=PLANE('',#4962);
#296=PLANE('',#4963);
#297=PLANE('',#4964);
#298=PLANE('',#4971);
#299=PLANE('',#4972);
#300=PLANE('',#4979);
#301=PLANE('',#4980);
#302=PLANE('',#4993);
#303=PLANE('',#4994);
#304=PLANE('',#4995);
#305=PLANE('',#4997);
#306=PLANE('',#4998);
#307=PLANE('',#5002);
#308=PLANE('',#5010);
#309=PLANE('',#5011);
#310=PLANE('',#5012);
#311=PLANE('',#5027);
#312=PLANE('',#5030);
#313=PLANE('',#5035);
#314=PLANE('',#5038);
#315=PLANE('',#5039);
#316=PLANE('',#5040);
#317=PLANE('',#5043);
#318=PLANE('',#5046);
#319=PLANE('',#5049);
#320=PLANE('',#5052);
#321=PLANE('',#5055);
#322=PLANE('',#5058);
#323=PLANE('',#5059);
#324=PLANE('',#5062);
#325=PLANE('',#5065);
#326=PLANE('',#5068);
#327=PLANE('',#5073);
#328=PLANE('',#5074);
#329=PLANE('',#5095);
#330=PLANE('',#5097);
#331=PLANE('',#5099);
#332=PLANE('',#5101);
#333=PLANE('',#5103);
#334=PLANE('',#5104);
#335=PLANE('',#5105);
#336=PLANE('',#5106);
#337=PLANE('',#5107);
#338=PLANE('',#5108);
#339=PLANE('',#5109);
#340=PLANE('',#5111);
#341=PLANE('',#5116);
#342=PLANE('',#5117);
#343=PLANE('',#5122);
#344=PLANE('',#5123);
#345=PLANE('',#5124);
#346=PLANE('',#5125);
#347=PLANE('',#5126);
#348=PLANE('',#5127);
#349=PLANE('',#5128);
#350=PLANE('',#5130);
#351=PLANE('',#5132);
#352=PLANE('',#5134);
#353=PLANE('',#5136);
#354=PLANE('',#5138);
#355=PLANE('',#5140);
#356=PLANE('',#5142);
#357=PLANE('',#5144);
#358=PLANE('',#5146);
#359=PLANE('',#5147);
#360=PLANE('',#5148);
#361=PLANE('',#5149);
#362=PLANE('',#5150);
#363=PLANE('',#5151);
#364=PLANE('',#5152);
#365=PLANE('',#5153);
#366=PLANE('',#5154);
#367=PLANE('',#5155);
#368=PLANE('',#5157);
#369=PLANE('',#5158);
#370=PLANE('',#5174);
#371=PLANE('',#5178);
#372=PLANE('',#5179);
#373=PLANE('',#5180);
#374=PLANE('',#5187);
#375=PLANE('',#5188);
#376=PLANE('',#5189);
#377=PLANE('',#5192);
#378=PLANE('',#5197);
#379=PLANE('',#5200);
#380=PLANE('',#5221);
#381=PLANE('',#5224);
#382=PLANE('',#5247);
#383=PLANE('',#5248);
#384=PLANE('',#5249);
#385=PLANE('',#5262);
#386=PLANE('',#5263);
#387=PLANE('',#5264);
#388=PLANE('',#5265);
#389=PLANE('',#5266);
#390=PLANE('',#5267);
#391=PLANE('',#5268);
#392=PLANE('',#5269);
#393=PLANE('',#5270);
#394=PLANE('',#5271);
#395=PLANE('',#5272);
#396=PLANE('',#5273);
#397=PLANE('',#5274);
#398=PLANE('',#5275);
#399=PLANE('',#5276);
#400=PLANE('',#5277);
#401=PLANE('',#5278);
#402=PLANE('',#5279);
#403=PLANE('',#5280);
#404=PLANE('',#5281);
#405=PLANE('',#5282);
#406=PLANE('',#5283);
#407=PLANE('',#5284);
#408=PLANE('',#5285);
#409=PLANE('',#5286);
#410=PLANE('',#5288);
#411=PLANE('',#5290);
#412=PLANE('',#5291);
#413=TOROIDAL_SURFACE('',#4904,1.375,0.15);
#414=TOROIDAL_SURFACE('',#4910,1.37500000000001,0.15);
#415=TOROIDAL_SURFACE('',#4916,1.375,0.15);
#416=TOROIDAL_SURFACE('',#4922,1.375,0.15);
#417=TOROIDAL_SURFACE('',#4935,1.675,0.15);
#418=TOROIDAL_SURFACE('',#4941,1.67500000000001,0.15);
#419=TOROIDAL_SURFACE('',#4947,1.675,0.15);
#420=TOROIDAL_SURFACE('',#4952,1.675,0.15);
#421=TOROIDAL_SURFACE('',#5204,0.700000000000017,0.25);
#422=TOROIDAL_SURFACE('',#5209,0.699999999999999,0.25);
#423=TOROIDAL_SURFACE('',#5214,0.699999999999999,0.25);
#424=TOROIDAL_SURFACE('',#5219,0.699999999999999,0.25);
#425=TOROIDAL_SURFACE('',#5227,0.699999999999999,0.25);
#426=TOROIDAL_SURFACE('',#5233,0.700000000000035,0.25);
#427=TOROIDAL_SURFACE('',#5238,0.700000000000008,0.25);
#428=TOROIDAL_SURFACE('',#5243,0.700000000000017,0.25);
#429=FACE_OUTER_BOUND('',#708,.T.);
#430=FACE_OUTER_BOUND('',#709,.T.);
#431=FACE_OUTER_BOUND('',#710,.T.);
#432=FACE_OUTER_BOUND('',#711,.T.);
#433=FACE_OUTER_BOUND('',#712,.T.);
#434=FACE_OUTER_BOUND('',#713,.T.);
#435=FACE_OUTER_BOUND('',#714,.T.);
#436=FACE_OUTER_BOUND('',#715,.T.);
#437=FACE_OUTER_BOUND('',#716,.T.);
#438=FACE_OUTER_BOUND('',#717,.T.);
#439=FACE_OUTER_BOUND('',#718,.T.);
#440=FACE_OUTER_BOUND('',#719,.T.);
#441=FACE_OUTER_BOUND('',#720,.T.);
#442=FACE_OUTER_BOUND('',#722,.T.);
#443=FACE_OUTER_BOUND('',#723,.T.);
#444=FACE_OUTER_BOUND('',#724,.T.);
#445=FACE_OUTER_BOUND('',#725,.T.);
#446=FACE_OUTER_BOUND('',#726,.T.);
#447=FACE_OUTER_BOUND('',#727,.T.);
#448=FACE_OUTER_BOUND('',#728,.T.);
#449=FACE_OUTER_BOUND('',#729,.T.);
#450=FACE_OUTER_BOUND('',#730,.T.);
#451=FACE_OUTER_BOUND('',#731,.T.);
#452=FACE_OUTER_BOUND('',#732,.T.);
#453=FACE_OUTER_BOUND('',#733,.T.);
#454=FACE_OUTER_BOUND('',#735,.T.);
#455=FACE_OUTER_BOUND('',#736,.T.);
#456=FACE_OUTER_BOUND('',#737,.T.);
#457=FACE_OUTER_BOUND('',#738,.T.);
#458=FACE_OUTER_BOUND('',#739,.T.);
#459=FACE_OUTER_BOUND('',#740,.T.);
#460=FACE_OUTER_BOUND('',#742,.T.);
#461=FACE_OUTER_BOUND('',#744,.T.);
#462=FACE_OUTER_BOUND('',#745,.T.);
#463=FACE_OUTER_BOUND('',#746,.T.);
#464=FACE_OUTER_BOUND('',#748,.T.);
#465=FACE_OUTER_BOUND('',#750,.T.);
#466=FACE_OUTER_BOUND('',#751,.T.);
#467=FACE_OUTER_BOUND('',#752,.T.);
#468=FACE_OUTER_BOUND('',#753,.T.);
#469=FACE_OUTER_BOUND('',#755,.T.);
#470=FACE_OUTER_BOUND('',#757,.T.);
#471=FACE_OUTER_BOUND('',#761,.T.);
#472=FACE_OUTER_BOUND('',#762,.T.);
#473=FACE_OUTER_BOUND('',#763,.T.);
#474=FACE_OUTER_BOUND('',#764,.T.);
#475=FACE_OUTER_BOUND('',#769,.T.);
#476=FACE_OUTER_BOUND('',#770,.T.);
#477=FACE_OUTER_BOUND('',#771,.T.);
#478=FACE_OUTER_BOUND('',#772,.T.);
#479=FACE_OUTER_BOUND('',#774,.T.);
#480=FACE_OUTER_BOUND('',#776,.T.);
#481=FACE_OUTER_BOUND('',#780,.T.);
#482=FACE_OUTER_BOUND('',#781,.T.);
#483=FACE_OUTER_BOUND('',#782,.T.);
#484=FACE_OUTER_BOUND('',#783,.T.);
#485=FACE_OUTER_BOUND('',#784,.T.);
#486=FACE_OUTER_BOUND('',#785,.T.);
#487=FACE_OUTER_BOUND('',#786,.T.);
#488=FACE_OUTER_BOUND('',#787,.T.);
#489=FACE_OUTER_BOUND('',#788,.T.);
#490=FACE_OUTER_BOUND('',#789,.T.);
#491=FACE_OUTER_BOUND('',#790,.T.);
#492=FACE_OUTER_BOUND('',#791,.T.);
#493=FACE_OUTER_BOUND('',#792,.T.);
#494=FACE_OUTER_BOUND('',#793,.T.);
#495=FACE_OUTER_BOUND('',#794,.T.);
#496=FACE_OUTER_BOUND('',#795,.T.);
#497=FACE_OUTER_BOUND('',#796,.T.);
#498=FACE_OUTER_BOUND('',#797,.T.);
#499=FACE_OUTER_BOUND('',#798,.T.);
#500=FACE_OUTER_BOUND('',#799,.T.);
#501=FACE_OUTER_BOUND('',#800,.T.);
#502=FACE_OUTER_BOUND('',#801,.T.);
#503=FACE_OUTER_BOUND('',#802,.T.);
#504=FACE_OUTER_BOUND('',#803,.T.);
#505=FACE_OUTER_BOUND('',#804,.T.);
#506=FACE_OUTER_BOUND('',#805,.T.);
#507=FACE_OUTER_BOUND('',#806,.T.);
#508=FACE_OUTER_BOUND('',#807,.T.);
#509=FACE_OUTER_BOUND('',#808,.T.);
#510=FACE_OUTER_BOUND('',#809,.T.);
#511=FACE_OUTER_BOUND('',#810,.T.);
#512=FACE_OUTER_BOUND('',#811,.T.);
#513=FACE_OUTER_BOUND('',#812,.T.);
#514=FACE_OUTER_BOUND('',#813,.T.);
#515=FACE_OUTER_BOUND('',#814,.T.);
#516=FACE_OUTER_BOUND('',#815,.T.);
#517=FACE_OUTER_BOUND('',#816,.T.);
#518=FACE_OUTER_BOUND('',#817,.T.);
#519=FACE_OUTER_BOUND('',#818,.T.);
#520=FACE_OUTER_BOUND('',#822,.T.);
#521=FACE_OUTER_BOUND('',#823,.T.);
#522=FACE_OUTER_BOUND('',#824,.T.);
#523=FACE_OUTER_BOUND('',#825,.T.);
#524=FACE_OUTER_BOUND('',#826,.T.);
#525=FACE_OUTER_BOUND('',#827,.T.);
#526=FACE_OUTER_BOUND('',#828,.T.);
#527=FACE_OUTER_BOUND('',#829,.T.);
#528=FACE_OUTER_BOUND('',#830,.T.);
#529=FACE_OUTER_BOUND('',#831,.T.);
#530=FACE_OUTER_BOUND('',#832,.T.);
#531=FACE_OUTER_BOUND('',#833,.T.);
#532=FACE_OUTER_BOUND('',#834,.T.);
#533=FACE_OUTER_BOUND('',#835,.T.);
#534=FACE_OUTER_BOUND('',#836,.T.);
#535=FACE_OUTER_BOUND('',#837,.T.);
#536=FACE_OUTER_BOUND('',#838,.T.);
#537=FACE_OUTER_BOUND('',#839,.T.);
#538=FACE_OUTER_BOUND('',#840,.T.);
#539=FACE_OUTER_BOUND('',#842,.T.);
#540=FACE_OUTER_BOUND('',#843,.T.);
#541=FACE_OUTER_BOUND('',#844,.T.);
#542=FACE_OUTER_BOUND('',#845,.T.);
#543=FACE_OUTER_BOUND('',#846,.T.);
#544=FACE_OUTER_BOUND('',#847,.T.);
#545=FACE_OUTER_BOUND('',#848,.T.);
#546=FACE_OUTER_BOUND('',#849,.T.);
#547=FACE_OUTER_BOUND('',#850,.T.);
#548=FACE_OUTER_BOUND('',#851,.T.);
#549=FACE_OUTER_BOUND('',#852,.T.);
#550=FACE_OUTER_BOUND('',#853,.T.);
#551=FACE_OUTER_BOUND('',#854,.T.);
#552=FACE_OUTER_BOUND('',#855,.T.);
#553=FACE_OUTER_BOUND('',#856,.T.);
#554=FACE_OUTER_BOUND('',#857,.T.);
#555=FACE_OUTER_BOUND('',#858,.T.);
#556=FACE_OUTER_BOUND('',#859,.T.);
#557=FACE_OUTER_BOUND('',#860,.T.);
#558=FACE_OUTER_BOUND('',#861,.T.);
#559=FACE_OUTER_BOUND('',#862,.T.);
#560=FACE_OUTER_BOUND('',#863,.T.);
#561=FACE_OUTER_BOUND('',#864,.T.);
#562=FACE_OUTER_BOUND('',#865,.T.);
#563=FACE_OUTER_BOUND('',#866,.T.);
#564=FACE_OUTER_BOUND('',#867,.T.);
#565=FACE_OUTER_BOUND('',#868,.T.);
#566=FACE_OUTER_BOUND('',#869,.T.);
#567=FACE_OUTER_BOUND('',#870,.T.);
#568=FACE_OUTER_BOUND('',#871,.T.);
#569=FACE_OUTER_BOUND('',#872,.T.);
#570=FACE_OUTER_BOUND('',#873,.T.);
#571=FACE_OUTER_BOUND('',#874,.T.);
#572=FACE_OUTER_BOUND('',#875,.T.);
#573=FACE_OUTER_BOUND('',#876,.T.);
#574=FACE_OUTER_BOUND('',#877,.T.);
#575=FACE_OUTER_BOUND('',#879,.T.);
#576=FACE_OUTER_BOUND('',#880,.T.);
#577=FACE_OUTER_BOUND('',#882,.T.);
#578=FACE_OUTER_BOUND('',#883,.T.);
#579=FACE_OUTER_BOUND('',#884,.T.);
#580=FACE_OUTER_BOUND('',#885,.T.);
#581=FACE_OUTER_BOUND('',#886,.T.);
#582=FACE_OUTER_BOUND('',#887,.T.);
#583=FACE_OUTER_BOUND('',#888,.T.);
#584=FACE_OUTER_BOUND('',#889,.T.);
#585=FACE_OUTER_BOUND('',#890,.T.);
#586=FACE_OUTER_BOUND('',#891,.T.);
#587=FACE_OUTER_BOUND('',#892,.T.);
#588=FACE_OUTER_BOUND('',#893,.T.);
#589=FACE_OUTER_BOUND('',#894,.T.);
#590=FACE_OUTER_BOUND('',#895,.T.);
#591=FACE_OUTER_BOUND('',#896,.T.);
#592=FACE_OUTER_BOUND('',#897,.T.);
#593=FACE_OUTER_BOUND('',#898,.T.);
#594=FACE_OUTER_BOUND('',#899,.T.);
#595=FACE_OUTER_BOUND('',#900,.T.);
#596=FACE_OUTER_BOUND('',#901,.T.);
#597=FACE_OUTER_BOUND('',#902,.T.);
#598=FACE_OUTER_BOUND('',#903,.T.);
#599=FACE_OUTER_BOUND('',#904,.T.);
#600=FACE_OUTER_BOUND('',#905,.T.);
#601=FACE_OUTER_BOUND('',#906,.T.);
#602=FACE_OUTER_BOUND('',#907,.T.);
#603=FACE_OUTER_BOUND('',#908,.T.);
#604=FACE_OUTER_BOUND('',#909,.T.);
#605=FACE_OUTER_BOUND('',#910,.T.);
#606=FACE_OUTER_BOUND('',#911,.T.);
#607=FACE_OUTER_BOUND('',#912,.T.);
#608=FACE_OUTER_BOUND('',#913,.T.);
#609=FACE_OUTER_BOUND('',#914,.T.);
#610=FACE_OUTER_BOUND('',#915,.T.);
#611=FACE_OUTER_BOUND('',#916,.T.);
#612=FACE_OUTER_BOUND('',#917,.T.);
#613=FACE_OUTER_BOUND('',#918,.T.);
#614=FACE_OUTER_BOUND('',#919,.T.);
#615=FACE_OUTER_BOUND('',#920,.T.);
#616=FACE_OUTER_BOUND('',#921,.T.);
#617=FACE_OUTER_BOUND('',#922,.T.);
#618=FACE_OUTER_BOUND('',#924,.T.);
#619=FACE_OUTER_BOUND('',#926,.T.);
#620=FACE_OUTER_BOUND('',#927,.T.);
#621=FACE_OUTER_BOUND('',#928,.T.);
#622=FACE_OUTER_BOUND('',#929,.T.);
#623=FACE_OUTER_BOUND('',#930,.T.);
#624=FACE_OUTER_BOUND('',#931,.T.);
#625=FACE_OUTER_BOUND('',#932,.T.);
#626=FACE_OUTER_BOUND('',#933,.T.);
#627=FACE_OUTER_BOUND('',#934,.T.);
#628=FACE_OUTER_BOUND('',#935,.T.);
#629=FACE_OUTER_BOUND('',#936,.T.);
#630=FACE_OUTER_BOUND('',#937,.T.);
#631=FACE_OUTER_BOUND('',#938,.T.);
#632=FACE_OUTER_BOUND('',#939,.T.);
#633=FACE_OUTER_BOUND('',#940,.T.);
#634=FACE_OUTER_BOUND('',#941,.T.);
#635=FACE_OUTER_BOUND('',#942,.T.);
#636=FACE_OUTER_BOUND('',#943,.T.);
#637=FACE_OUTER_BOUND('',#944,.T.);
#638=FACE_OUTER_BOUND('',#947,.T.);
#639=FACE_OUTER_BOUND('',#948,.T.);
#640=FACE_OUTER_BOUND('',#949,.T.);
#641=FACE_OUTER_BOUND('',#950,.T.);
#642=FACE_OUTER_BOUND('',#951,.T.);
#643=FACE_OUTER_BOUND('',#952,.T.);
#644=FACE_OUTER_BOUND('',#953,.T.);
#645=FACE_OUTER_BOUND('',#954,.T.);
#646=FACE_OUTER_BOUND('',#955,.T.);
#647=FACE_OUTER_BOUND('',#956,.T.);
#648=FACE_OUTER_BOUND('',#957,.T.);
#649=FACE_OUTER_BOUND('',#958,.T.);
#650=FACE_OUTER_BOUND('',#959,.T.);
#651=FACE_OUTER_BOUND('',#960,.T.);
#652=FACE_OUTER_BOUND('',#961,.T.);
#653=FACE_OUTER_BOUND('',#962,.T.);
#654=FACE_OUTER_BOUND('',#963,.T.);
#655=FACE_OUTER_BOUND('',#964,.T.);
#656=FACE_OUTER_BOUND('',#965,.T.);
#657=FACE_OUTER_BOUND('',#966,.T.);
#658=FACE_OUTER_BOUND('',#967,.T.);
#659=FACE_OUTER_BOUND('',#968,.T.);
#660=FACE_OUTER_BOUND('',#969,.T.);
#661=FACE_OUTER_BOUND('',#970,.T.);
#662=FACE_OUTER_BOUND('',#971,.T.);
#663=FACE_OUTER_BOUND('',#972,.T.);
#664=FACE_OUTER_BOUND('',#973,.T.);
#665=FACE_OUTER_BOUND('',#974,.T.);
#666=FACE_OUTER_BOUND('',#975,.T.);
#667=FACE_OUTER_BOUND('',#976,.T.);
#668=FACE_OUTER_BOUND('',#977,.T.);
#669=FACE_OUTER_BOUND('',#978,.T.);
#670=FACE_OUTER_BOUND('',#979,.T.);
#671=FACE_OUTER_BOUND('',#980,.T.);
#672=FACE_OUTER_BOUND('',#981,.T.);
#673=FACE_OUTER_BOUND('',#982,.T.);
#674=FACE_OUTER_BOUND('',#983,.T.);
#675=FACE_OUTER_BOUND('',#984,.T.);
#676=FACE_OUTER_BOUND('',#985,.T.);
#677=FACE_OUTER_BOUND('',#986,.T.);
#678=FACE_OUTER_BOUND('',#987,.T.);
#679=FACE_OUTER_BOUND('',#988,.T.);
#680=FACE_OUTER_BOUND('',#989,.T.);
#681=FACE_OUTER_BOUND('',#990,.T.);
#682=FACE_OUTER_BOUND('',#991,.T.);
#683=FACE_OUTER_BOUND('',#992,.T.);
#684=FACE_OUTER_BOUND('',#993,.T.);
#685=FACE_OUTER_BOUND('',#995,.T.);
#686=FACE_OUTER_BOUND('',#996,.T.);
#687=FACE_OUTER_BOUND('',#997,.T.);
#688=FACE_OUTER_BOUND('',#998,.T.);
#689=FACE_OUTER_BOUND('',#999,.T.);
#690=FACE_OUTER_BOUND('',#1000,.T.);
#691=FACE_OUTER_BOUND('',#1001,.T.);
#692=FACE_OUTER_BOUND('',#1002,.T.);
#693=FACE_OUTER_BOUND('',#1003,.T.);
#694=FACE_OUTER_BOUND('',#1004,.T.);
#695=FACE_OUTER_BOUND('',#1005,.T.);
#696=FACE_OUTER_BOUND('',#1006,.T.);
#697=FACE_OUTER_BOUND('',#1007,.T.);
#698=FACE_OUTER_BOUND('',#1008,.T.);
#699=FACE_OUTER_BOUND('',#1009,.T.);
#700=FACE_OUTER_BOUND('',#1010,.T.);
#701=FACE_OUTER_BOUND('',#1011,.T.);
#702=FACE_OUTER_BOUND('',#1012,.T.);
#703=FACE_OUTER_BOUND('',#1013,.T.);
#704=FACE_OUTER_BOUND('',#1014,.T.);
#705=FACE_OUTER_BOUND('',#1015,.T.);
#706=FACE_OUTER_BOUND('',#1016,.T.);
#707=FACE_OUTER_BOUND('',#1017,.T.);
#708=EDGE_LOOP('',(#3091,#3092,#3093,#3094));
#709=EDGE_LOOP('',(#3095,#3096,#3097,#3098));
#710=EDGE_LOOP('',(#3099,#3100,#3101,#3102));
#711=EDGE_LOOP('',(#3103,#3104,#3105,#3106));
#712=EDGE_LOOP('',(#3107,#3108,#3109,#3110));
#713=EDGE_LOOP('',(#3111,#3112,#3113,#3114));
#714=EDGE_LOOP('',(#3115,#3116,#3117,#3118));
#715=EDGE_LOOP('',(#3119,#3120,#3121,#3122));
#716=EDGE_LOOP('',(#3123,#3124,#3125,#3126));
#717=EDGE_LOOP('',(#3127,#3128,#3129,#3130));
#718=EDGE_LOOP('',(#3131,#3132,#3133,#3134));
#719=EDGE_LOOP('',(#3135,#3136,#3137,#3138));
#720=EDGE_LOOP('',(#3139,#3140,#3141,#3142,#3143,#3144,#3145,#3146));
#721=EDGE_LOOP('',(#3147,#3148,#3149,#3150));
#722=EDGE_LOOP('',(#3151,#3152,#3153,#3154));
#723=EDGE_LOOP('',(#3155,#3156,#3157,#3158));
#724=EDGE_LOOP('',(#3159,#3160,#3161,#3162));
#725=EDGE_LOOP('',(#3163,#3164,#3165,#3166));
#726=EDGE_LOOP('',(#3167,#3168,#3169,#3170));
#727=EDGE_LOOP('',(#3171,#3172,#3173,#3174));
#728=EDGE_LOOP('',(#3175,#3176,#3177,#3178));
#729=EDGE_LOOP('',(#3179,#3180,#3181,#3182));
#730=EDGE_LOOP('',(#3183,#3184,#3185,#3186));
#731=EDGE_LOOP('',(#3187,#3188,#3189,#3190));
#732=EDGE_LOOP('',(#3191,#3192,#3193,#3194));
#733=EDGE_LOOP('',(#3195,#3196,#3197,#3198,#3199,#3200,#3201,#3202));
#734=EDGE_LOOP('',(#3203,#3204,#3205,#3206,#3207,#3208,#3209,#3210));
#735=EDGE_LOOP('',(#3211,#3212,#3213,#3214));
#736=EDGE_LOOP('',(#3215,#3216,#3217,#3218,#3219,#3220,#3221,#3222,#3223,
#3224,#3225,#3226));
#737=EDGE_LOOP('',(#3227,#3228,#3229,#3230));
#738=EDGE_LOOP('',(#3231,#3232,#3233,#3234));
#739=EDGE_LOOP('',(#3235,#3236,#3237,#3238));
#740=EDGE_LOOP('',(#3239,#3240,#3241,#3242,#3243,#3244));
#741=EDGE_LOOP('',(#3245));
#742=EDGE_LOOP('',(#3246));
#743=EDGE_LOOP('',(#3247));
#744=EDGE_LOOP('',(#3248,#3249,#3250,#3251));
#745=EDGE_LOOP('',(#3252,#3253,#3254,#3255));
#746=EDGE_LOOP('',(#3256,#3257,#3258,#3259,#3260,#3261));
#747=EDGE_LOOP('',(#3262));
#748=EDGE_LOOP('',(#3263));
#749=EDGE_LOOP('',(#3264));
#750=EDGE_LOOP('',(#3265,#3266,#3267,#3268,#3269,#3270,#3271,#3272));
#751=EDGE_LOOP('',(#3273,#3274,#3275,#3276,#3277,#3278,#3279,#3280,#3281));
#752=EDGE_LOOP('',(#3282,#3283,#3284,#3285));
#753=EDGE_LOOP('',(#3286,#3287,#3288,#3289,#3290,#3291));
#754=EDGE_LOOP('',(#3292));
#755=EDGE_LOOP('',(#3293));
#756=EDGE_LOOP('',(#3294));
#757=EDGE_LOOP('',(#3295,#3296,#3297,#3298,#3299,#3300,#3301,#3302,#3303,
#3304,#3305,#3306,#3307,#3308,#3309));
#758=EDGE_LOOP('',(#3310));
#759=EDGE_LOOP('',(#3311));
#760=EDGE_LOOP('',(#3312));
#761=EDGE_LOOP('',(#3313,#3314,#3315,#3316));
#762=EDGE_LOOP('',(#3317,#3318,#3319,#3320));
#763=EDGE_LOOP('',(#3321,#3322,#3323,#3324));
#764=EDGE_LOOP('',(#3325,#3326,#3327,#3328,#3329,#3330,#3331,#3332,#3333,
#3334,#3335,#3336,#3337,#3338));
#765=EDGE_LOOP('',(#3339,#3340,#3341,#3342,#3343,#3344));
#766=EDGE_LOOP('',(#3345,#3346,#3347,#3348,#3349,#3350));
#767=EDGE_LOOP('',(#3351,#3352,#3353,#3354,#3355,#3356));
#768=EDGE_LOOP('',(#3357,#3358,#3359,#3360,#3361,#3362));
#769=EDGE_LOOP('',(#3363,#3364,#3365,#3366));
#770=EDGE_LOOP('',(#3367,#3368,#3369,#3370));
#771=EDGE_LOOP('',(#3371,#3372,#3373,#3374));
#772=EDGE_LOOP('',(#3375,#3376,#3377,#3378,#3379,#3380));
#773=EDGE_LOOP('',(#3381));
#774=EDGE_LOOP('',(#3382));
#775=EDGE_LOOP('',(#3383));
#776=EDGE_LOOP('',(#3384,#3385,#3386,#3387));
#777=EDGE_LOOP('',(#3388,#3389,#3390,#3391,#3392,#3393,#3394,#3395));
#778=EDGE_LOOP('',(#3396,#3397,#3398,#3399,#3400,#3401,#3402,#3403));
#779=EDGE_LOOP('',(#3404,#3405,#3406,#3407,#3408,#3409,#3410,#3411));
#780=EDGE_LOOP('',(#3412,#3413,#3414,#3415));
#781=EDGE_LOOP('',(#3416,#3417,#3418,#3419));
#782=EDGE_LOOP('',(#3420,#3421,#3422,#3423));
#783=EDGE_LOOP('',(#3424,#3425,#3426,#3427));
#784=EDGE_LOOP('',(#3428,#3429,#3430,#3431));
#785=EDGE_LOOP('',(#3432,#3433,#3434,#3435));
#786=EDGE_LOOP('',(#3436,#3437,#3438,#3439));
#787=EDGE_LOOP('',(#3440,#3441,#3442,#3443));
#788=EDGE_LOOP('',(#3444,#3445,#3446,#3447));
#789=EDGE_LOOP('',(#3448,#3449,#3450,#3451));
#790=EDGE_LOOP('',(#3452,#3453,#3454,#3455));
#791=EDGE_LOOP('',(#3456,#3457,#3458,#3459));
#792=EDGE_LOOP('',(#3460,#3461,#3462,#3463));
#793=EDGE_LOOP('',(#3464,#3465,#3466,#3467));
#794=EDGE_LOOP('',(#3468,#3469,#3470,#3471));
#795=EDGE_LOOP('',(#3472,#3473,#3474,#3475));
#796=EDGE_LOOP('',(#3476,#3477,#3478,#3479));
#797=EDGE_LOOP('',(#3480,#3481,#3482,#3483));
#798=EDGE_LOOP('',(#3484,#3485,#3486,#3487));
#799=EDGE_LOOP('',(#3488,#3489,#3490,#3491));
#800=EDGE_LOOP('',(#3492,#3493,#3494,#3495));
#801=EDGE_LOOP('',(#3496,#3497,#3498,#3499));
#802=EDGE_LOOP('',(#3500,#3501,#3502,#3503));
#803=EDGE_LOOP('',(#3504,#3505,#3506,#3507));
#804=EDGE_LOOP('',(#3508,#3509,#3510,#3511));
#805=EDGE_LOOP('',(#3512,#3513,#3514,#3515));
#806=EDGE_LOOP('',(#3516,#3517,#3518,#3519));
#807=EDGE_LOOP('',(#3520,#3521,#3522,#3523));
#808=EDGE_LOOP('',(#3524,#3525,#3526,#3527));
#809=EDGE_LOOP('',(#3528,#3529,#3530,#3531));
#810=EDGE_LOOP('',(#3532,#3533,#3534,#3535));
#811=EDGE_LOOP('',(#3536,#3537,#3538,#3539));
#812=EDGE_LOOP('',(#3540,#3541,#3542,#3543));
#813=EDGE_LOOP('',(#3544,#3545,#3546,#3547));
#814=EDGE_LOOP('',(#3548,#3549,#3550,#3551));
#815=EDGE_LOOP('',(#3552,#3553,#3554,#3555));
#816=EDGE_LOOP('',(#3556,#3557,#3558,#3559));
#817=EDGE_LOOP('',(#3560,#3561,#3562,#3563));
#818=EDGE_LOOP('',(#3564,#3565,#3566,#3567,#3568,#3569));
#819=EDGE_LOOP('',(#3570,#3571,#3572,#3573,#3574,#3575,#3576,#3577));
#820=EDGE_LOOP('',(#3578,#3579,#3580,#3581,#3582,#3583,#3584,#3585));
#821=EDGE_LOOP('',(#3586,#3587,#3588,#3589,#3590,#3591,#3592,#3593,#3594,
#3595,#3596,#3597));
#822=EDGE_LOOP('',(#3598,#3599,#3600,#3601));
#823=EDGE_LOOP('',(#3602,#3603,#3604,#3605));
#824=EDGE_LOOP('',(#3606,#3607,#3608,#3609));
#825=EDGE_LOOP('',(#3610,#3611,#3612,#3613));
#826=EDGE_LOOP('',(#3614,#3615,#3616,#3617));
#827=EDGE_LOOP('',(#3618,#3619,#3620,#3621));
#828=EDGE_LOOP('',(#3622,#3623,#3624,#3625));
#829=EDGE_LOOP('',(#3626,#3627,#3628,#3629));
#830=EDGE_LOOP('',(#3630,#3631,#3632,#3633));
#831=EDGE_LOOP('',(#3634,#3635,#3636,#3637));
#832=EDGE_LOOP('',(#3638,#3639,#3640,#3641));
#833=EDGE_LOOP('',(#3642,#3643,#3644,#3645));
#834=EDGE_LOOP('',(#3646,#3647,#3648,#3649));
#835=EDGE_LOOP('',(#3650,#3651,#3652,#3653));
#836=EDGE_LOOP('',(#3654,#3655,#3656,#3657));
#837=EDGE_LOOP('',(#3658,#3659,#3660,#3661));
#838=EDGE_LOOP('',(#3662,#3663,#3664,#3665));
#839=EDGE_LOOP('',(#3666,#3667,#3668,#3669));
#840=EDGE_LOOP('',(#3670,#3671,#3672,#3673));
#841=EDGE_LOOP('',(#3674,#3675,#3676,#3677,#3678,#3679,#3680,#3681));
#842=EDGE_LOOP('',(#3682,#3683,#3684,#3685,#3686,#3687,#3688,#3689));
#843=EDGE_LOOP('',(#3690,#3691,#3692,#3693,#3694,#3695,#3696,#3697));
#844=EDGE_LOOP('',(#3698,#3699,#3700,#3701));
#845=EDGE_LOOP('',(#3702,#3703,#3704,#3705));
#846=EDGE_LOOP('',(#3706,#3707,#3708,#3709,#3710,#3711,#3712,#3713,#3714,
#3715));
#847=EDGE_LOOP('',(#3716,#3717,#3718,#3719));
#848=EDGE_LOOP('',(#3720,#3721,#3722));
#849=EDGE_LOOP('',(#3723,#3724,#3725));
#850=EDGE_LOOP('',(#3726,#3727,#3728));
#851=EDGE_LOOP('',(#3729,#3730,#3731));
#852=EDGE_LOOP('',(#3732,#3733,#3734,#3735));
#853=EDGE_LOOP('',(#3736,#3737,#3738,#3739));
#854=EDGE_LOOP('',(#3740,#3741,#3742,#3743));
#855=EDGE_LOOP('',(#3744,#3745,#3746,#3747));
#856=EDGE_LOOP('',(#3748,#3749,#3750,#3751));
#857=EDGE_LOOP('',(#3752,#3753,#3754,#3755));
#858=EDGE_LOOP('',(#3756,#3757,#3758,#3759));
#859=EDGE_LOOP('',(#3760,#3761,#3762,#3763));
#860=EDGE_LOOP('',(#3764,#3765,#3766,#3767));
#861=EDGE_LOOP('',(#3768,#3769,#3770,#3771));
#862=EDGE_LOOP('',(#3772,#3773,#3774,#3775));
#863=EDGE_LOOP('',(#3776,#3777,#3778,#3779,#3780,#3781,#3782));
#864=EDGE_LOOP('',(#3783,#3784,#3785,#3786));
#865=EDGE_LOOP('',(#3787,#3788,#3789,#3790,#3791,#3792,#3793));
#866=EDGE_LOOP('',(#3794,#3795,#3796,#3797,#3798,#3799));
#867=EDGE_LOOP('',(#3800,#3801,#3802,#3803));
#868=EDGE_LOOP('',(#3804,#3805,#3806,#3807));
#869=EDGE_LOOP('',(#3808,#3809,#3810,#3811));
#870=EDGE_LOOP('',(#3812,#3813,#3814,#3815));
#871=EDGE_LOOP('',(#3816,#3817,#3818,#3819));
#872=EDGE_LOOP('',(#3820,#3821,#3822,#3823,#3824,#3825));
#873=EDGE_LOOP('',(#3826,#3827,#3828,#3829,#3830,#3831));
#874=EDGE_LOOP('',(#3832,#3833,#3834,#3835));
#875=EDGE_LOOP('',(#3836,#3837,#3838,#3839));
#876=EDGE_LOOP('',(#3840,#3841,#3842,#3843));
#877=EDGE_LOOP('',(#3844,#3845,#3846,#3847,#3848,#3849));
#878=EDGE_LOOP('',(#3850,#3851,#3852,#3853,#3854,#3855,#3856,#3857));
#879=EDGE_LOOP('',(#3858,#3859,#3860,#3861));
#880=EDGE_LOOP('',(#3862,#3863,#3864,#3865,#3866,#3867));
#881=EDGE_LOOP('',(#3868,#3869,#3870,#3871,#3872,#3873,#3874,#3875));
#882=EDGE_LOOP('',(#3876,#3877,#3878,#3879));
#883=EDGE_LOOP('',(#3880,#3881,#3882,#3883));
#884=EDGE_LOOP('',(#3884,#3885,#3886,#3887));
#885=EDGE_LOOP('',(#3888,#3889,#3890,#3891));
#886=EDGE_LOOP('',(#3892,#3893,#3894,#3895));
#887=EDGE_LOOP('',(#3896,#3897,#3898,#3899,#3900,#3901,#3902));
#888=EDGE_LOOP('',(#3903,#3904,#3905,#3906));
#889=EDGE_LOOP('',(#3907,#3908,#3909,#3910,#3911,#3912,#3913));
#890=EDGE_LOOP('',(#3914,#3915,#3916,#3917));
#891=EDGE_LOOP('',(#3918,#3919,#3920,#3921));
#892=EDGE_LOOP('',(#3922,#3923,#3924,#3925));
#893=EDGE_LOOP('',(#3926,#3927,#3928,#3929));
#894=EDGE_LOOP('',(#3930,#3931,#3932,#3933));
#895=EDGE_LOOP('',(#3934,#3935,#3936,#3937,#3938,#3939,#3940));
#896=EDGE_LOOP('',(#3941,#3942,#3943,#3944));
#897=EDGE_LOOP('',(#3945,#3946,#3947,#3948,#3949,#3950,#3951));
#898=EDGE_LOOP('',(#3952,#3953,#3954,#3955));
#899=EDGE_LOOP('',(#3956,#3957,#3958,#3959));
#900=EDGE_LOOP('',(#3960,#3961,#3962,#3963,#3964,#3965,#3966,#3967,#3968,
#3969,#3970,#3971,#3972,#3973,#3974,#3975,#3976,#3977,#3978,#3979));
#901=EDGE_LOOP('',(#3980,#3981,#3982,#3983));
#902=EDGE_LOOP('',(#3984,#3985,#3986,#3987));
#903=EDGE_LOOP('',(#3988,#3989,#3990,#3991));
#904=EDGE_LOOP('',(#3992,#3993,#3994,#3995));
#905=EDGE_LOOP('',(#3996,#3997,#3998,#3999));
#906=EDGE_LOOP('',(#4000,#4001,#4002,#4003));
#907=EDGE_LOOP('',(#4004,#4005,#4006,#4007));
#908=EDGE_LOOP('',(#4008,#4009,#4010,#4011));
#909=EDGE_LOOP('',(#4012,#4013,#4014,#4015));
#910=EDGE_LOOP('',(#4016,#4017,#4018,#4019));
#911=EDGE_LOOP('',(#4020,#4021,#4022,#4023));
#912=EDGE_LOOP('',(#4024,#4025,#4026,#4027));
#913=EDGE_LOOP('',(#4028,#4029,#4030,#4031));
#914=EDGE_LOOP('',(#4032,#4033,#4034,#4035));
#915=EDGE_LOOP('',(#4036,#4037,#4038,#4039));
#916=EDGE_LOOP('',(#4040,#4041,#4042,#4043));
#917=EDGE_LOOP('',(#4044,#4045,#4046,#4047));
#918=EDGE_LOOP('',(#4048,#4049,#4050,#4051));
#919=EDGE_LOOP('',(#4052,#4053,#4054,#4055));
#920=EDGE_LOOP('',(#4056,#4057,#4058,#4059));
#921=EDGE_LOOP('',(#4060,#4061,#4062,#4063));
#922=EDGE_LOOP('',(#4064,#4065,#4066,#4067,#4068,#4069));
#923=EDGE_LOOP('',(#4070,#4071,#4072,#4073));
#924=EDGE_LOOP('',(#4074,#4075,#4076,#4077));
#925=EDGE_LOOP('',(#4078,#4079,#4080,#4081));
#926=EDGE_LOOP('',(#4082,#4083,#4084,#4085));
#927=EDGE_LOOP('',(#4086,#4087,#4088,#4089));
#928=EDGE_LOOP('',(#4090,#4091,#4092,#4093));
#929=EDGE_LOOP('',(#4094,#4095,#4096,#4097));
#930=EDGE_LOOP('',(#4098,#4099,#4100,#4101));
#931=EDGE_LOOP('',(#4102,#4103,#4104,#4105));
#932=EDGE_LOOP('',(#4106,#4107,#4108,#4109,#4110));
#933=EDGE_LOOP('',(#4111,#4112,#4113,#4114));
#934=EDGE_LOOP('',(#4115,#4116,#4117,#4118,#4119));
#935=EDGE_LOOP('',(#4120,#4121,#4122,#4123));
#936=EDGE_LOOP('',(#4124,#4125,#4126,#4127));
#937=EDGE_LOOP('',(#4128,#4129,#4130,#4131));
#938=EDGE_LOOP('',(#4132,#4133,#4134,#4135));
#939=EDGE_LOOP('',(#4136,#4137,#4138,#4139));
#940=EDGE_LOOP('',(#4140,#4141,#4142,#4143));
#941=EDGE_LOOP('',(#4144,#4145,#4146,#4147));
#942=EDGE_LOOP('',(#4148,#4149,#4150,#4151));
#943=EDGE_LOOP('',(#4152,#4153,#4154,#4155));
#944=EDGE_LOOP('',(#4156,#4157,#4158,#4159,#4160,#4161));
#945=EDGE_LOOP('',(#4162,#4163,#4164,#4165,#4166,#4167,#4168,#4169));
#946=EDGE_LOOP('',(#4170,#4171,#4172,#4173,#4174,#4175,#4176,#4177));
#947=EDGE_LOOP('',(#4178,#4179,#4180,#4181));
#948=EDGE_LOOP('',(#4182,#4183,#4184,#4185));
#949=EDGE_LOOP('',(#4186,#4187,#4188,#4189));
#950=EDGE_LOOP('',(#4190,#4191,#4192,#4193));
#951=EDGE_LOOP('',(#4194,#4195,#4196,#4197));
#952=EDGE_LOOP('',(#4198,#4199,#4200,#4201));
#953=EDGE_LOOP('',(#4202,#4203,#4204,#4205));
#954=EDGE_LOOP('',(#4206,#4207,#4208,#4209));
#955=EDGE_LOOP('',(#4210,#4211,#4212,#4213));
#956=EDGE_LOOP('',(#4214,#4215,#4216,#4217));
#957=EDGE_LOOP('',(#4218,#4219,#4220,#4221));
#958=EDGE_LOOP('',(#4222,#4223,#4224,#4225));
#959=EDGE_LOOP('',(#4226,#4227,#4228,#4229));
#960=EDGE_LOOP('',(#4230,#4231,#4232,#4233,#4234));
#961=EDGE_LOOP('',(#4235,#4236,#4237,#4238,#4239));
#962=EDGE_LOOP('',(#4240,#4241,#4242,#4243));
#963=EDGE_LOOP('',(#4244,#4245,#4246,#4247));
#964=EDGE_LOOP('',(#4248,#4249,#4250,#4251));
#965=EDGE_LOOP('',(#4252,#4253,#4254,#4255));
#966=EDGE_LOOP('',(#4256,#4257,#4258,#4259));
#967=EDGE_LOOP('',(#4260,#4261,#4262,#4263));
#968=EDGE_LOOP('',(#4264,#4265,#4266,#4267));
#969=EDGE_LOOP('',(#4268,#4269,#4270,#4271));
#970=EDGE_LOOP('',(#4272,#4273,#4274,#4275));
#971=EDGE_LOOP('',(#4276,#4277,#4278,#4279));
#972=EDGE_LOOP('',(#4280,#4281,#4282,#4283));
#973=EDGE_LOOP('',(#4284,#4285,#4286,#4287));
#974=EDGE_LOOP('',(#4288,#4289,#4290,#4291));
#975=EDGE_LOOP('',(#4292,#4293,#4294,#4295));
#976=EDGE_LOOP('',(#4296,#4297,#4298,#4299));
#977=EDGE_LOOP('',(#4300,#4301,#4302,#4303));
#978=EDGE_LOOP('',(#4304,#4305,#4306,#4307));
#979=EDGE_LOOP('',(#4308,#4309,#4310,#4311));
#980=EDGE_LOOP('',(#4312,#4313,#4314,#4315,#4316));
#981=EDGE_LOOP('',(#4317,#4318,#4319,#4320,#4321));
#982=EDGE_LOOP('',(#4322,#4323,#4324,#4325));
#983=EDGE_LOOP('',(#4326,#4327,#4328,#4329));
#984=EDGE_LOOP('',(#4330,#4331,#4332,#4333));
#985=EDGE_LOOP('',(#4334,#4335,#4336,#4337));
#986=EDGE_LOOP('',(#4338,#4339,#4340,#4341));
#987=EDGE_LOOP('',(#4342,#4343,#4344,#4345));
#988=EDGE_LOOP('',(#4346,#4347,#4348,#4349));
#989=EDGE_LOOP('',(#4350,#4351,#4352,#4353));
#990=EDGE_LOOP('',(#4354,#4355,#4356,#4357));
#991=EDGE_LOOP('',(#4358,#4359,#4360,#4361));
#992=EDGE_LOOP('',(#4362,#4363,#4364,#4365));
#993=EDGE_LOOP('',(#4366,#4367,#4368,#4369,#4370,#4371,#4372,#4373,#4374,
#4375,#4376,#4377,#4378,#4379,#4380,#4381,#4382));
#994=EDGE_LOOP('',(#4383,#4384,#4385,#4386,#4387,#4388,#4389,#4390));
#995=EDGE_LOOP('',(#4391,#4392,#4393,#4394));
#996=EDGE_LOOP('',(#4395,#4396,#4397,#4398));
#997=EDGE_LOOP('',(#4399,#4400,#4401,#4402));
#998=EDGE_LOOP('',(#4403,#4404,#4405,#4406));
#999=EDGE_LOOP('',(#4407,#4408,#4409,#4410));
#1000=EDGE_LOOP('',(#4411,#4412,#4413,#4414));
#1001=EDGE_LOOP('',(#4415,#4416,#4417,#4418));
#1002=EDGE_LOOP('',(#4419,#4420,#4421,#4422));
#1003=EDGE_LOOP('',(#4423,#4424,#4425,#4426));
#1004=EDGE_LOOP('',(#4427,#4428,#4429,#4430));
#1005=EDGE_LOOP('',(#4431,#4432,#4433,#4434));
#1006=EDGE_LOOP('',(#4435,#4436,#4437,#4438));
#1007=EDGE_LOOP('',(#4439,#4440,#4441,#4442));
#1008=EDGE_LOOP('',(#4443,#4444,#4445,#4446));
#1009=EDGE_LOOP('',(#4447,#4448,#4449,#4450));
#1010=EDGE_LOOP('',(#4451,#4452,#4453,#4454));
#1011=EDGE_LOOP('',(#4455,#4456,#4457,#4458));
#1012=EDGE_LOOP('',(#4459,#4460,#4461,#4462));
#1013=EDGE_LOOP('',(#4463,#4464,#4465,#4466));
#1014=EDGE_LOOP('',(#4467,#4468,#4469,#4470));
#1015=EDGE_LOOP('',(#4471,#4472,#4473,#4474));
#1016=EDGE_LOOP('',(#4475,#4476,#4477,#4478,#4479,#4480,#4481,#4482,#4483,
#4484,#4485,#4486,#4487,#4488,#4489,#4490,#4491,#4492));
#1017=EDGE_LOOP('',(#4493,#4494,#4495,#4496));
#1018=EDGE_LOOP('',(#4497,#4498,#4499,#4500,#4501,#4502,#4503,#4504,#4505,
#4506,#4507,#4508));
#1019=EDGE_LOOP('',(#4509,#4510,#4511,#4512,#4513,#4514,#4515,#4516));
#1020=EDGE_LOOP('',(#4517,#4518,#4519,#4520,#4521,#4522,#4523,#4524));
#1021=LINE('',#6454,#1393);
#1022=LINE('',#6457,#1394);
#1023=LINE('',#6468,#1395);
#1024=LINE('',#6469,#1396);
#1025=LINE('',#6480,#1397);
#1026=LINE('',#6481,#1398);
#1027=LINE('',#6492,#1399);
#1028=LINE('',#6493,#1400);
#1029=LINE('',#6499,#1401);
#1030=LINE('',#6502,#1402);
#1031=LINE('',#6505,#1403);
#1032=LINE('',#6506,#1404);
#1033=LINE('',#6509,#1405);
#1034=LINE('',#6513,#1406);
#1035=LINE('',#6514,#1407);
#1036=LINE('',#6518,#1408);
#1037=LINE('',#6520,#1409);
#1038=LINE('',#6522,#1410);
#1039=LINE('',#6523,#1411);
#1040=LINE('',#6529,#1412);
#1041=LINE('',#6540,#1413);
#1042=LINE('',#6541,#1414);
#1043=LINE('',#6551,#1415);
#1044=LINE('',#6552,#1416);
#1045=LINE('',#6560,#1417);
#1046=LINE('',#6564,#1418);
#1047=LINE('',#6565,#1419);
#1048=LINE('',#6567,#1420);
#1049=LINE('',#6574,#1421);
#1050=LINE('',#6578,#1422);
#1051=LINE('',#6582,#1423);
#1052=LINE('',#6585,#1424);
#1053=LINE('',#6589,#1425);
#1054=LINE('',#6591,#1426);
#1055=LINE('',#6593,#1427);
#1056=LINE('',#6595,#1428);
#1057=LINE('',#6597,#1429);
#1058=LINE('',#6599,#1430);
#1059=LINE('',#6601,#1431);
#1060=LINE('',#6603,#1432);
#1061=LINE('',#6605,#1433);
#1062=LINE('',#6607,#1434);
#1063=LINE('',#6608,#1435);
#1064=LINE('',#6611,#1436);
#1065=LINE('',#6612,#1437);
#1066=LINE('',#6617,#1438);
#1067=LINE('',#6623,#1439);
#1068=LINE('',#6628,#1440);
#1069=LINE('',#6630,#1441);
#1070=LINE('',#6632,#1442);
#1071=LINE('',#6634,#1443);
#1072=LINE('',#6636,#1444);
#1073=LINE('',#6637,#1445);
#1074=LINE('',#6643,#1446);
#1075=LINE('',#6649,#1447);
#1076=LINE('',#6654,#1448);
#1077=LINE('',#6656,#1449);
#1078=LINE('',#6658,#1450);
#1079=LINE('',#6660,#1451);
#1080=LINE('',#6662,#1452);
#1081=LINE('',#6663,#1453);
#1082=LINE('',#6669,#1454);
#1083=LINE('',#6673,#1455);
#1084=LINE('',#6677,#1456);
#1085=LINE('',#6693,#1457);
#1086=LINE('',#6711,#1458);
#1087=LINE('',#6728,#1459);
#1088=LINE('',#6733,#1460);
#1089=LINE('',#6735,#1461);
#1090=LINE('',#6737,#1462);
#1091=LINE('',#6739,#1463);
#1092=LINE('',#6741,#1464);
#1093=LINE('',#6742,#1465);
#1094=LINE('',#6745,#1466);
#1095=LINE('',#6747,#1467);
#1096=LINE('',#6748,#1468);
#1097=LINE('',#6750,#1469);
#1098=LINE('',#6752,#1470);
#1099=LINE('',#6753,#1471);
#1100=LINE('',#6755,#1472);
#1101=LINE('',#6757,#1473);
#1102=LINE('',#6758,#1474);
#1103=LINE('',#6762,#1475);
#1104=LINE('',#6765,#1476);
#1105=LINE('',#6768,#1477);
#1106=LINE('',#6771,#1478);
#1107=LINE('',#6775,#1479);
#1108=LINE('',#6777,#1480);
#1109=LINE('',#6779,#1481);
#1110=LINE('',#6781,#1482);
#1111=LINE('',#6783,#1483);
#1112=LINE('',#6785,#1484);
#1113=LINE('',#6787,#1485);
#1114=LINE('',#6789,#1486);
#1115=LINE('',#6791,#1487);
#1116=LINE('',#6793,#1488);
#1117=LINE('',#6795,#1489);
#1118=LINE('',#6796,#1490);
#1119=LINE('',#6799,#1491);
#1120=LINE('',#6801,#1492);
#1121=LINE('',#6803,#1493);
#1122=LINE('',#6805,#1494);
#1123=LINE('',#6807,#1495);
#1124=LINE('',#6808,#1496);
#1125=LINE('',#6811,#1497);
#1126=LINE('',#6813,#1498);
#1127=LINE('',#6815,#1499);
#1128=LINE('',#6817,#1500);
#1129=LINE('',#6819,#1501);
#1130=LINE('',#6820,#1502);
#1131=LINE('',#6823,#1503);
#1132=LINE('',#6825,#1504);
#1133=LINE('',#6827,#1505);
#1134=LINE('',#6829,#1506);
#1135=LINE('',#6831,#1507);
#1136=LINE('',#6832,#1508);
#1137=LINE('',#6835,#1509);
#1138=LINE('',#6837,#1510);
#1139=LINE('',#6839,#1511);
#1140=LINE('',#6841,#1512);
#1141=LINE('',#6843,#1513);
#1142=LINE('',#6844,#1514);
#1143=LINE('',#6847,#1515);
#1144=LINE('',#6852,#1516);
#1145=LINE('',#6857,#1517);
#1146=LINE('',#6862,#1518);
#1147=LINE('',#6864,#1519);
#1148=LINE('',#6866,#1520);
#1149=LINE('',#6868,#1521);
#1150=LINE('',#6870,#1522);
#1151=LINE('',#6871,#1523);
#1152=LINE('',#6874,#1524);
#1153=LINE('',#6877,#1525);
#1154=LINE('',#6881,#1526);
#1155=LINE('',#6885,#1527);
#1156=LINE('',#6889,#1528);
#1157=LINE('',#6893,#1529);
#1158=LINE('',#6897,#1530);
#1159=LINE('',#6901,#1531);
#1160=LINE('',#6905,#1532);
#1161=LINE('',#6909,#1533);
#1162=LINE('',#6913,#1534);
#1163=LINE('',#6917,#1535);
#1164=LINE('',#6921,#1536);
#1165=LINE('',#6931,#1537);
#1166=LINE('',#6934,#1538);
#1167=LINE('',#6942,#1539);
#1168=LINE('',#6943,#1540);
#1169=LINE('',#6952,#1541);
#1170=LINE('',#6960,#1542);
#1171=LINE('',#6961,#1543);
#1172=LINE('',#6970,#1544);
#1173=LINE('',#6980,#1545);
#1174=LINE('',#6983,#1546);
#1175=LINE('',#6991,#1547);
#1176=LINE('',#6992,#1548);
#1177=LINE('',#7002,#1549);
#1178=LINE('',#7010,#1550);
#1179=LINE('',#7011,#1551);
#1180=LINE('',#7019,#1552);
#1181=LINE('',#7020,#1553);
#1182=LINE('',#7029,#1554);
#1183=LINE('',#7031,#1555);
#1184=LINE('',#7032,#1556);
#1185=LINE('',#7042,#1557);
#1186=LINE('',#7051,#1558);
#1187=LINE('',#7053,#1559);
#1188=LINE('',#7054,#1560);
#1189=LINE('',#7069,#1561);
#1190=LINE('',#7070,#1562);
#1191=LINE('',#7080,#1563);
#1192=LINE('',#7088,#1564);
#1193=LINE('',#7089,#1565);
#1194=LINE('',#7412,#1566);
#1195=LINE('',#7413,#1567);
#1196=LINE('',#7423,#1568);
#1197=LINE('',#7431,#1569);
#1198=LINE('',#7432,#1570);
#1199=LINE('',#7751,#1571);
#1200=LINE('',#7753,#1572);
#1201=LINE('',#7755,#1573);
#1202=LINE('',#7762,#1574);
#1203=LINE('',#7838,#1575);
#1204=LINE('',#7839,#1576);
#1205=LINE('',#7849,#1577);
#1206=LINE('',#7857,#1578);
#1207=LINE('',#7858,#1579);
#1208=LINE('',#7868,#1580);
#1209=LINE('',#7876,#1581);
#1210=LINE('',#7877,#1582);
#1211=LINE('',#8259,#1583);
#1212=LINE('',#8261,#1584);
#1213=LINE('',#8263,#1585);
#1214=LINE('',#8264,#1586);
#1215=LINE('',#8269,#1587);
#1216=LINE('',#8273,#1588);
#1217=LINE('',#8277,#1589);
#1218=LINE('',#8280,#1590);
#1219=LINE('',#8283,#1591);
#1220=LINE('',#8285,#1592);
#1221=LINE('',#8287,#1593);
#1222=LINE('',#8289,#1594);
#1223=LINE('',#8291,#1595);
#1224=LINE('',#8293,#1596);
#1225=LINE('',#8294,#1597);
#1226=LINE('',#8297,#1598);
#1227=LINE('',#8299,#1599);
#1228=LINE('',#8316,#1600);
#1229=LINE('',#8317,#1601);
#1230=LINE('',#8323,#1602);
#1231=LINE('',#8353,#1603);
#1232=LINE('',#8356,#1604);
#1233=LINE('',#8370,#1605);
#1234=LINE('',#8371,#1606);
#1235=LINE('',#8373,#1607);
#1236=LINE('',#8375,#1608);
#1237=LINE('',#8377,#1609);
#1238=LINE('',#8379,#1610);
#1239=LINE('',#8381,#1611);
#1240=LINE('',#8383,#1612);
#1241=LINE('',#8392,#1613);
#1242=LINE('',#8393,#1614);
#1243=LINE('',#8400,#1615);
#1244=LINE('',#8407,#1616);
#1245=LINE('',#8672,#1617);
#1246=LINE('',#8679,#1618);
#1247=LINE('',#8899,#1619);
#1248=LINE('',#8906,#1620);
#1249=LINE('',#8908,#1621);
#1250=LINE('',#8910,#1622);
#1251=LINE('',#8919,#1623);
#1252=LINE('',#8923,#1624);
#1253=LINE('',#8927,#1625);
#1254=LINE('',#8930,#1626);
#1255=LINE('',#8949,#1627);
#1256=LINE('',#8956,#1628);
#1257=LINE('',#8958,#1629);
#1258=LINE('',#8960,#1630);
#1259=LINE('',#8969,#1631);
#1260=LINE('',#8973,#1632);
#1261=LINE('',#8977,#1633);
#1262=LINE('',#8980,#1634);
#1263=LINE('',#9007,#1635);
#1264=LINE('',#9014,#1636);
#1265=LINE('',#9264,#1637);
#1266=LINE('',#9271,#1638);
#1267=LINE('',#9555,#1639);
#1268=LINE('',#9556,#1640);
#1269=LINE('',#9557,#1641);
#1270=LINE('',#9558,#1642);
#1271=LINE('',#9596,#1643);
#1272=LINE('',#9597,#1644);
#1273=LINE('',#9599,#1645);
#1274=LINE('',#9601,#1646);
#1275=LINE('',#9602,#1647);
#1276=LINE('',#9604,#1648);
#1277=LINE('',#9606,#1649);
#1278=LINE('',#9609,#1650);
#1279=LINE('',#9612,#1651);
#1280=LINE('',#9613,#1652);
#1281=LINE('',#9615,#1653);
#1282=LINE('',#9617,#1654);
#1283=LINE('',#9619,#1655);
#1284=LINE('',#9621,#1656);
#1285=LINE('',#9622,#1657);
#1286=LINE('',#9625,#1658);
#1287=LINE('',#9630,#1659);
#1288=LINE('',#9632,#1660);
#1289=LINE('',#9634,#1661);
#1290=LINE('',#9635,#1662);
#1291=LINE('',#9638,#1663);
#1292=LINE('',#9640,#1664);
#1293=LINE('',#9641,#1665);
#1294=LINE('',#9644,#1666);
#1295=LINE('',#9646,#1667);
#1296=LINE('',#9647,#1668);
#1297=LINE('',#9649,#1669);
#1298=LINE('',#9650,#1670);
#1299=LINE('',#9654,#1671);
#1300=LINE('',#9663,#1672);
#1301=LINE('',#9665,#1673);
#1302=LINE('',#9667,#1674);
#1303=LINE('',#9676,#1675);
#1304=LINE('',#9678,#1676);
#1305=LINE('',#9679,#1677);
#1306=LINE('',#9681,#1678);
#1307=LINE('',#9682,#1679);
#1308=LINE('',#9688,#1680);
#1309=LINE('',#9690,#1681);
#1310=LINE('',#9693,#1682);
#1311=LINE('',#9694,#1683);
#1312=LINE('',#9698,#1684);
#1313=LINE('',#9761,#1685);
#1314=LINE('',#9764,#1686);
#1315=LINE('',#9767,#1687);
#1316=LINE('',#9769,#1688);
#1317=LINE('',#9770,#1689);
#1318=LINE('',#9776,#1690);
#1319=LINE('',#9779,#1691);
#1320=LINE('',#9781,#1692);
#1321=LINE('',#9782,#1693);
#1322=LINE('',#9786,#1694);
#1323=LINE('',#9788,#1695);
#1324=LINE('',#9790,#1696);
#1325=LINE('',#9791,#1697);
#1326=LINE('',#9794,#1698);
#1327=LINE('',#9796,#1699);
#1328=LINE('',#9797,#1700);
#1329=LINE('',#9801,#1701);
#1330=LINE('',#9804,#1702);
#1331=LINE('',#9810,#1703);
#1332=LINE('',#9814,#1704);
#1333=LINE('',#9817,#1705);
#1334=LINE('',#9819,#1706);
#1335=LINE('',#9821,#1707);
#1336=LINE('',#9826,#1708);
#1337=LINE('',#9829,#1709);
#1338=LINE('',#9830,#1710);
#1339=LINE('',#9834,#1711);
#1340=LINE('',#9838,#1712);
#1341=LINE('',#9841,#1713);
#1342=LINE('',#9842,#1714);
#1343=LINE('',#9846,#1715);
#1344=LINE('',#9848,#1716);
#1345=LINE('',#9854,#1717);
#1346=LINE('',#9862,#1718);
#1347=LINE('',#9869,#1719);
#1348=LINE('',#9877,#1720);
#1349=LINE('',#9882,#1721);
#1350=LINE('',#9883,#1722);
#1351=LINE('',#9887,#1723);
#1352=LINE('',#9890,#1724);
#1353=LINE('',#9891,#1725);
#1354=LINE('',#9903,#1726);
#1355=LINE('',#9911,#1727);
#1356=LINE('',#9919,#1728);
#1357=LINE('',#9925,#1729);
#1358=LINE('',#9928,#1730);
#1359=LINE('',#9929,#1731);
#1360=LINE('',#9932,#1732);
#1361=LINE('',#9934,#1733);
#1362=LINE('',#9935,#1734);
#1363=LINE('',#9940,#1735);
#1364=LINE('',#9941,#1736);
#1365=LINE('',#9999,#1737);
#1366=LINE('',#10001,#1738);
#1367=LINE('',#10002,#1739);
#1368=LINE('',#10004,#1740);
#1369=LINE('',#10006,#1741);
#1370=LINE('',#10008,#1742);
#1371=LINE('',#10010,#1743);
#1372=LINE('',#10014,#1744);
#1373=LINE('',#10015,#1745);
#1374=LINE('',#10017,#1746);
#1375=LINE('',#10018,#1747);
#1376=LINE('',#10020,#1748);
#1377=LINE('',#10023,#1749);
#1378=LINE('',#10026,#1750);
#1379=LINE('',#10027,#1751);
#1380=LINE('',#10029,#1752);
#1381=LINE('',#10031,#1753);
#1382=LINE('',#10033,#1754);
#1383=LINE('',#10035,#1755);
#1384=LINE('',#10038,#1756);
#1385=LINE('',#10039,#1757);
#1386=LINE('',#10041,#1758);
#1387=LINE('',#10043,#1759);
#1388=LINE('',#10045,#1760);
#1389=LINE('',#10047,#1761);
#1390=LINE('',#10050,#1762);
#1391=LINE('',#10052,#1763);
#1392=LINE('',#10054,#1764);
#1393=VECTOR('',#5298,10.);
#1394=VECTOR('',#5301,10.);
#1395=VECTOR('',#5314,10.);
#1396=VECTOR('',#5315,10.);
#1397=VECTOR('',#5328,10.);
#1398=VECTOR('',#5329,10.);
#1399=VECTOR('',#5342,10.);
#1400=VECTOR('',#5343,10.);
#1401=VECTOR('',#5352,10.);
#1402=VECTOR('',#5355,10.);
#1403=VECTOR('',#5358,10.);
#1404=VECTOR('',#5359,10.);
#1405=VECTOR('',#5362,10.);
#1406=VECTOR('',#5367,10.);
#1407=VECTOR('',#5368,10.);
#1408=VECTOR('',#5371,10.);
#1409=VECTOR('',#5372,10.);
#1410=VECTOR('',#5373,10.);
#1411=VECTOR('',#5374,10.);
#1412=VECTOR('',#5381,10.);
#1413=VECTOR('',#5394,10.);
#1414=VECTOR('',#5395,10.);
#1415=VECTOR('',#5408,10.);
#1416=VECTOR('',#5409,10.);
#1417=VECTOR('',#5420,10.);
#1418=VECTOR('',#5427,10.);
#1419=VECTOR('',#5428,10.);
#1420=VECTOR('',#5431,10.);
#1421=VECTOR('',#5438,10.);
#1422=VECTOR('',#5441,10.);
#1423=VECTOR('',#5444,10.);
#1424=VECTOR('',#5447,10.);
#1425=VECTOR('',#5452,10.);
#1426=VECTOR('',#5453,10.);
#1427=VECTOR('',#5454,10.);
#1428=VECTOR('',#5455,10.);
#1429=VECTOR('',#5456,10.);
#1430=VECTOR('',#5457,10.);
#1431=VECTOR('',#5458,10.);
#1432=VECTOR('',#5459,10.);
#1433=VECTOR('',#5460,10.);
#1434=VECTOR('',#5461,10.);
#1435=VECTOR('',#5462,10.);
#1436=VECTOR('',#5465,10.);
#1437=VECTOR('',#5466,10.);
#1438=VECTOR('',#5471,3.6);
#1439=VECTOR('',#5478,1.5);
#1440=VECTOR('',#5483,10.);
#1441=VECTOR('',#5484,10.);
#1442=VECTOR('',#5485,10.);
#1443=VECTOR('',#5486,10.);
#1444=VECTOR('',#5487,10.);
#1445=VECTOR('',#5488,10.);
#1446=VECTOR('',#5495,3.6);
#1447=VECTOR('',#5502,1.5);
#1448=VECTOR('',#5507,10.);
#1449=VECTOR('',#5508,10.);
#1450=VECTOR('',#5509,10.);
#1451=VECTOR('',#5510,10.);
#1452=VECTOR('',#5511,10.);
#1453=VECTOR('',#5512,10.);
#1454=VECTOR('',#5519,3.6);
#1455=VECTOR('',#5522,10.);
#1456=VECTOR('',#5525,10.);
#1457=VECTOR('',#5530,10.);
#1458=VECTOR('',#5535,10.);
#1459=VECTOR('',#5542,1.5);
#1460=VECTOR('',#5547,10.);
#1461=VECTOR('',#5548,10.);
#1462=VECTOR('',#5549,10.);
#1463=VECTOR('',#5550,10.);
#1464=VECTOR('',#5551,10.);
#1465=VECTOR('',#5552,10.);
#1466=VECTOR('',#5557,10.);
#1467=VECTOR('',#5558,10.);
#1468=VECTOR('',#5559,10.);
#1469=VECTOR('',#5560,10.);
#1470=VECTOR('',#5561,10.);
#1471=VECTOR('',#5562,10.);
#1472=VECTOR('',#5563,10.);
#1473=VECTOR('',#5564,10.);
#1474=VECTOR('',#5565,10.);
#1475=VECTOR('',#5570,10.);
#1476=VECTOR('',#5573,10.);
#1477=VECTOR('',#5576,10.);
#1478=VECTOR('',#5579,10.);
#1479=VECTOR('',#5584,10.);
#1480=VECTOR('',#5585,10.);
#1481=VECTOR('',#5586,10.);
#1482=VECTOR('',#5587,10.);
#1483=VECTOR('',#5588,10.);
#1484=VECTOR('',#5589,10.);
#1485=VECTOR('',#5590,10.);
#1486=VECTOR('',#5591,10.);
#1487=VECTOR('',#5592,10.);
#1488=VECTOR('',#5593,10.);
#1489=VECTOR('',#5594,10.);
#1490=VECTOR('',#5595,10.);
#1491=VECTOR('',#5596,10.);
#1492=VECTOR('',#5597,10.);
#1493=VECTOR('',#5598,10.);
#1494=VECTOR('',#5599,10.);
#1495=VECTOR('',#5600,10.);
#1496=VECTOR('',#5601,10.);
#1497=VECTOR('',#5602,10.);
#1498=VECTOR('',#5603,10.);
#1499=VECTOR('',#5604,10.);
#1500=VECTOR('',#5605,10.);
#1501=VECTOR('',#5606,10.);
#1502=VECTOR('',#5607,10.);
#1503=VECTOR('',#5608,10.);
#1504=VECTOR('',#5609,10.);
#1505=VECTOR('',#5610,10.);
#1506=VECTOR('',#5611,10.);
#1507=VECTOR('',#5612,10.);
#1508=VECTOR('',#5613,10.);
#1509=VECTOR('',#5614,10.);
#1510=VECTOR('',#5615,10.);
#1511=VECTOR('',#5616,10.);
#1512=VECTOR('',#5617,10.);
#1513=VECTOR('',#5618,10.);
#1514=VECTOR('',#5619,10.);
#1515=VECTOR('',#5622,10.);
#1516=VECTOR('',#5629,3.6);
#1517=VECTOR('',#5634,1.5);
#1518=VECTOR('',#5639,10.);
#1519=VECTOR('',#5640,10.);
#1520=VECTOR('',#5641,10.);
#1521=VECTOR('',#5642,10.);
#1522=VECTOR('',#5643,10.);
#1523=VECTOR('',#5644,10.);
#1524=VECTOR('',#5649,10.);
#1525=VECTOR('',#5650,10.);
#1526=VECTOR('',#5653,10.);
#1527=VECTOR('',#5656,10.);
#1528=VECTOR('',#5659,10.);
#1529=VECTOR('',#5662,10.);
#1530=VECTOR('',#5665,10.);
#1531=VECTOR('',#5668,10.);
#1532=VECTOR('',#5671,10.);
#1533=VECTOR('',#5674,10.);
#1534=VECTOR('',#5677,10.);
#1535=VECTOR('',#5680,10.);
#1536=VECTOR('',#5683,10.);
#1537=VECTOR('',#5688,10.);
#1538=VECTOR('',#5691,10.);
#1539=VECTOR('',#5694,10.);
#1540=VECTOR('',#5695,10.);
#1541=VECTOR('',#5700,10.);
#1542=VECTOR('',#5703,10.);
#1543=VECTOR('',#5704,10.);
#1544=VECTOR('',#5709,10.);
#1545=VECTOR('',#5712,10.);
#1546=VECTOR('',#5715,10.);
#1547=VECTOR('',#5718,10.);
#1548=VECTOR('',#5719,10.);
#1549=VECTOR('',#5724,10.);
#1550=VECTOR('',#5727,10.);
#1551=VECTOR('',#5728,10.);
#1552=VECTOR('',#5731,10.);
#1553=VECTOR('',#5732,10.);
#1554=VECTOR('',#5735,10.);
#1555=VECTOR('',#5736,10.);
#1556=VECTOR('',#5737,10.);
#1557=VECTOR('',#5742,10.);
#1558=VECTOR('',#5745,10.);
#1559=VECTOR('',#5746,10.);
#1560=VECTOR('',#5747,10.);
#1561=VECTOR('',#5754,10.);
#1562=VECTOR('',#5755,10.);
#1563=VECTOR('',#5760,10.);
#1564=VECTOR('',#5763,10.);
#1565=VECTOR('',#5764,10.);
#1566=VECTOR('',#5771,10.);
#1567=VECTOR('',#5772,10.);
#1568=VECTOR('',#5777,10.);
#1569=VECTOR('',#5780,10.);
#1570=VECTOR('',#5781,10.);
#1571=VECTOR('',#5788,10.);
#1572=VECTOR('',#5789,10.);
#1573=VECTOR('',#5790,10.);
#1574=VECTOR('',#5791,10.);
#1575=VECTOR('',#5794,10.);
#1576=VECTOR('',#5795,10.);
#1577=VECTOR('',#5800,10.);
#1578=VECTOR('',#5803,10.);
#1579=VECTOR('',#5804,10.);
#1580=VECTOR('',#5809,10.);
#1581=VECTOR('',#5812,10.);
#1582=VECTOR('',#5813,10.);
#1583=VECTOR('',#5820,10.);
#1584=VECTOR('',#5821,10.);
#1585=VECTOR('',#5822,10.);
#1586=VECTOR('',#5823,10.);
#1587=VECTOR('',#5826,10.);
#1588=VECTOR('',#5829,10.);
#1589=VECTOR('',#5832,10.);
#1590=VECTOR('',#5835,10.);
#1591=VECTOR('',#5838,10.);
#1592=VECTOR('',#5839,10.);
#1593=VECTOR('',#5840,10.);
#1594=VECTOR('',#5841,10.);
#1595=VECTOR('',#5842,10.);
#1596=VECTOR('',#5843,10.);
#1597=VECTOR('',#5844,10.);
#1598=VECTOR('',#5847,10.);
#1599=VECTOR('',#5848,10.);
#1600=VECTOR('',#5849,10.);
#1601=VECTOR('',#5850,10.);
#1602=VECTOR('',#5857,10.);
#1603=VECTOR('',#5868,1.25);
#1604=VECTOR('',#5871,10.);
#1605=VECTOR('',#5896,10.);
#1606=VECTOR('',#5897,10.);
#1607=VECTOR('',#5900,10.);
#1608=VECTOR('',#5903,10.);
#1609=VECTOR('',#5906,10.);
#1610=VECTOR('',#5909,10.);
#1611=VECTOR('',#5912,10.);
#1612=VECTOR('',#5915,10.);
#1613=VECTOR('',#5920,10.);
#1614=VECTOR('',#5921,10.);
#1615=VECTOR('',#5924,10.);
#1616=VECTOR('',#5927,10.);
#1617=VECTOR('',#5932,10.);
#1618=VECTOR('',#5935,10.);
#1619=VECTOR('',#5942,10.);
#1620=VECTOR('',#5943,10.);
#1621=VECTOR('',#5944,10.);
#1622=VECTOR('',#5945,10.);
#1623=VECTOR('',#5948,10.);
#1624=VECTOR('',#5951,10.);
#1625=VECTOR('',#5954,10.);
#1626=VECTOR('',#5957,10.);
#1627=VECTOR('',#5962,10.);
#1628=VECTOR('',#5963,10.);
#1629=VECTOR('',#5964,10.);
#1630=VECTOR('',#5965,10.);
#1631=VECTOR('',#5968,10.);
#1632=VECTOR('',#5971,10.);
#1633=VECTOR('',#5974,10.);
#1634=VECTOR('',#5977,10.);
#1635=VECTOR('',#5982,10.);
#1636=VECTOR('',#5985,10.);
#1637=VECTOR('',#5990,10.);
#1638=VECTOR('',#5993,10.);
#1639=VECTOR('',#5998,10.);
#1640=VECTOR('',#5999,10.);
#1641=VECTOR('',#6000,10.);
#1642=VECTOR('',#6001,10.);
#1643=VECTOR('',#6004,10.);
#1644=VECTOR('',#6005,10.);
#1645=VECTOR('',#6008,10.);
#1646=VECTOR('',#6011,10.);
#1647=VECTOR('',#6012,10.);
#1648=VECTOR('',#6015,10.);
#1649=VECTOR('',#6018,10.);
#1650=VECTOR('',#6023,10.);
#1651=VECTOR('',#6028,10.);
#1652=VECTOR('',#6029,10.);
#1653=VECTOR('',#6032,10.);
#1654=VECTOR('',#6035,10.);
#1655=VECTOR('',#6038,10.);
#1656=VECTOR('',#6041,10.);
#1657=VECTOR('',#6042,10.);
#1658=VECTOR('',#6047,10.);
#1659=VECTOR('',#6052,10.);
#1660=VECTOR('',#6053,10.);
#1661=VECTOR('',#6054,10.);
#1662=VECTOR('',#6055,10.);
#1663=VECTOR('',#6058,10.);
#1664=VECTOR('',#6059,10.);
#1665=VECTOR('',#6060,10.);
#1666=VECTOR('',#6063,10.);
#1667=VECTOR('',#6064,10.);
#1668=VECTOR('',#6065,10.);
#1669=VECTOR('',#6068,10.);
#1670=VECTOR('',#6069,10.);
#1671=VECTOR('',#6072,10.);
#1672=VECTOR('',#6073,10.);
#1673=VECTOR('',#6074,10.);
#1674=VECTOR('',#6075,10.);
#1675=VECTOR('',#6078,10.);
#1676=VECTOR('',#6079,10.);
#1677=VECTOR('',#6080,10.);
#1678=VECTOR('',#6083,10.);
#1679=VECTOR('',#6084,10.);
#1680=VECTOR('',#6091,10.);
#1681=VECTOR('',#6094,10.);
#1682=VECTOR('',#6097,10.);
#1683=VECTOR('',#6098,10.);
#1684=VECTOR('',#6103,10.);
#1685=VECTOR('',#6130,10.);
#1686=VECTOR('',#6133,10.);
#1687=VECTOR('',#6136,10.);
#1688=VECTOR('',#6137,10.);
#1689=VECTOR('',#6138,10.);
#1690=VECTOR('',#6145,10.);
#1691=VECTOR('',#6148,10.);
#1692=VECTOR('',#6149,10.);
#1693=VECTOR('',#6150,10.);
#1694=VECTOR('',#6153,10.);
#1695=VECTOR('',#6154,10.);
#1696=VECTOR('',#6155,10.);
#1697=VECTOR('',#6156,10.);
#1698=VECTOR('',#6159,10.);
#1699=VECTOR('',#6160,10.);
#1700=VECTOR('',#6161,10.);
#1701=VECTOR('',#6164,10.);
#1702=VECTOR('',#6167,10.);
#1703=VECTOR('',#6172,10.);
#1704=VECTOR('',#6175,10.);
#1705=VECTOR('',#6178,10.);
#1706=VECTOR('',#6181,10.);
#1707=VECTOR('',#6184,10.);
#1708=VECTOR('',#6191,10.);
#1709=VECTOR('',#6194,10.);
#1710=VECTOR('',#6195,10.);
#1711=VECTOR('',#6200,10.);
#1712=VECTOR('',#6205,10.);
#1713=VECTOR('',#6208,10.);
#1714=VECTOR('',#6209,10.);
#1715=VECTOR('',#6214,10.);
#1716=VECTOR('',#6217,10.);
#1717=VECTOR('',#6224,10.);
#1718=VECTOR('',#6235,10.);
#1719=VECTOR('',#6246,10.);
#1720=VECTOR('',#6257,10.);
#1721=VECTOR('',#6264,10.);
#1722=VECTOR('',#6265,10.);
#1723=VECTOR('',#6270,10.);
#1724=VECTOR('',#6273,10.);
#1725=VECTOR('',#6274,10.);
#1726=VECTOR('',#6291,10.);
#1727=VECTOR('',#6302,10.);
#1728=VECTOR('',#6313,10.);
#1729=VECTOR('',#6322,10.);
#1730=VECTOR('',#6325,10.);
#1731=VECTOR('',#6326,10.);
#1732=VECTOR('',#6329,10.);
#1733=VECTOR('',#6330,10.);
#1734=VECTOR('',#6331,10.);
#1735=VECTOR('',#6336,10.);
#1736=VECTOR('',#6337,10.);
#1737=VECTOR('',#6360,10.);
#1738=VECTOR('',#6363,10.);
#1739=VECTOR('',#6364,10.);
#1740=VECTOR('',#6367,10.);
#1741=VECTOR('',#6370,10.);
#1742=VECTOR('',#6373,10.);
#1743=VECTOR('',#6376,10.);
#1744=VECTOR('',#6383,10.);
#1745=VECTOR('',#6384,10.);
#1746=VECTOR('',#6387,10.);
#1747=VECTOR('',#6388,10.);
#1748=VECTOR('',#6391,10.);
#1749=VECTOR('',#6396,10.);
#1750=VECTOR('',#6401,10.);
#1751=VECTOR('',#6402,10.);
#1752=VECTOR('',#6405,10.);
#1753=VECTOR('',#6408,10.);
#1754=VECTOR('',#6411,10.);
#1755=VECTOR('',#6414,10.);
#1756=VECTOR('',#6419,10.);
#1757=VECTOR('',#6420,10.);
#1758=VECTOR('',#6423,10.);
#1759=VECTOR('',#6426,10.);
#1760=VECTOR('',#6429,10.);
#1761=VECTOR('',#6432,10.);
#1762=VECTOR('',#6437,10.);
#1763=VECTOR('',#6440,10.);
#1764=VECTOR('',#6443,10.);
#1765=CIRCLE('',#4902,0.150000000000002);
#1766=CIRCLE('',#4903,0.15);
#1767=CIRCLE('',#4905,0.15);
#1768=CIRCLE('',#4906,1.525);
#1769=CIRCLE('',#4907,1.375);
#1770=CIRCLE('',#4909,0.15);
#1771=CIRCLE('',#4911,0.15);
#1772=CIRCLE('',#4912,1.52500000000001);
#1773=CIRCLE('',#4913,1.37500000000001);
#1774=CIRCLE('',#4915,0.15);
#1775=CIRCLE('',#4917,0.15);
#1776=CIRCLE('',#4918,1.525);
#1777=CIRCLE('',#4919,1.375);
#1778=CIRCLE('',#4921,0.15);
#1779=CIRCLE('',#4923,1.525);
#1780=CIRCLE('',#4924,1.375);
#1781=CIRCLE('',#4926,1.525);
#1782=CIRCLE('',#4929,1.525);
#1783=CIRCLE('',#4933,0.150000000000001);
#1784=CIRCLE('',#4934,0.15);
#1785=CIRCLE('',#4936,0.150000000000001);
#1786=CIRCLE('',#4937,1.675);
#1787=CIRCLE('',#4938,1.525);
#1788=CIRCLE('',#4940,0.150000000000001);
#1789=CIRCLE('',#4942,0.150000000000006);
#1790=CIRCLE('',#4943,1.67500000000001);
#1791=CIRCLE('',#4944,1.52500000000001);
#1792=CIRCLE('',#4946,0.150000000000006);
#1793=CIRCLE('',#4948,0.150000000000006);
#1794=CIRCLE('',#4949,1.675);
#1795=CIRCLE('',#4951,0.149999999999988);
#1796=CIRCLE('',#4953,1.675);
#1797=CIRCLE('',#4958,2.5);
#1798=CIRCLE('',#4959,2.5);
#1799=CIRCLE('',#4960,2.5);
#1800=CIRCLE('',#4961,2.5);
#1801=CIRCLE('',#4966,3.6);
#1802=CIRCLE('',#4967,3.6);
#1803=CIRCLE('',#4969,1.5);
#1804=CIRCLE('',#4970,1.5);
#1805=CIRCLE('',#4974,3.6);
#1806=CIRCLE('',#4975,3.6);
#1807=CIRCLE('',#4977,1.5);
#1808=CIRCLE('',#4978,1.5);
#1809=CIRCLE('',#4982,3.6);
#1810=CIRCLE('',#4983,3.6);
#1811=CIRCLE('',#4984,3.6);
#1812=CIRCLE('',#4985,3.6);
#1813=CIRCLE('',#4987,3.6);
#1814=CIRCLE('',#4988,3.6);
#1815=CIRCLE('',#4989,3.6);
#1816=CIRCLE('',#4991,1.5);
#1817=CIRCLE('',#4992,1.5);
#1818=CIRCLE('',#4996,3.6);
#1819=CIRCLE('',#4999,1.25);
#1820=CIRCLE('',#5001,1.25);
#1821=CIRCLE('',#5006,3.6);
#1822=CIRCLE('',#5008,1.5);
#1823=CIRCLE('',#5009,1.5);
#1824=CIRCLE('',#5013,0.25);
#1825=CIRCLE('',#5014,0.25);
#1826=CIRCLE('',#5015,0.25);
#1827=CIRCLE('',#5016,0.25);
#1828=CIRCLE('',#5017,0.25);
#1829=CIRCLE('',#5018,0.25);
#1830=CIRCLE('',#5019,0.25);
#1831=CIRCLE('',#5020,0.25);
#1832=CIRCLE('',#5021,0.25);
#1833=CIRCLE('',#5022,0.25);
#1834=CIRCLE('',#5023,0.25);
#1835=CIRCLE('',#5024,0.25);
#1836=CIRCLE('',#5026,0.800000000000002);
#1837=CIRCLE('',#5029,0.799999999999986);
#1838=CIRCLE('',#5032,0.799999942865448);
#1839=CIRCLE('',#5034,1.8);
#1840=CIRCLE('',#5037,1.79999999999999);
#1841=CIRCLE('',#5042,0.25);
#1842=CIRCLE('',#5045,0.25);
#1843=CIRCLE('',#5048,0.25);
#1844=CIRCLE('',#5051,0.25);
#1845=CIRCLE('',#5054,1.79999999999998);
#1846=CIRCLE('',#5057,1.79999999999999);
#1847=CIRCLE('',#5061,0.7);
#1848=CIRCLE('',#5064,0.700000057134551);
#1849=CIRCLE('',#5067,0.799999999999973);
#1850=CIRCLE('',#5069,0.25);
#1851=CIRCLE('',#5070,0.25);
#1852=CIRCLE('',#5071,0.25);
#1853=CIRCLE('',#5072,0.25);
#1854=CIRCLE('',#5076,2.5);
#1855=CIRCLE('',#5077,2.5);
#1856=CIRCLE('',#5079,2.5);
#1857=CIRCLE('',#5081,2.5);
#1858=CIRCLE('',#5082,2.5);
#1859=CIRCLE('',#5084,2.5);
#1860=CIRCLE('',#5086,2.5);
#1861=CIRCLE('',#5088,2.5);
#1862=CIRCLE('',#5089,2.5);
#1863=CIRCLE('',#5091,2.5);
#1864=CIRCLE('',#5093,2.5);
#1865=CIRCLE('',#5094,2.5);
#1866=CIRCLE('',#5112,0.25);
#1867=CIRCLE('',#5113,0.25);
#1868=CIRCLE('',#5114,0.25);
#1869=CIRCLE('',#5115,0.25);
#1870=CIRCLE('',#5118,0.25);
#1871=CIRCLE('',#5119,0.25);
#1872=CIRCLE('',#5120,0.25);
#1873=CIRCLE('',#5121,0.25);
#1874=CIRCLE('',#5156,1.25);
#1875=CIRCLE('',#5159,1.25);
#1876=CIRCLE('',#5160,2.5);
#1877=CIRCLE('',#5161,1.25);
#1878=CIRCLE('',#5163,1.25);
#1879=CIRCLE('',#5165,2.5);
#1880=CIRCLE('',#5172,0.449999999999999);
#1881=CIRCLE('',#5173,0.449999999999999);
#1882=CIRCLE('',#5176,0.449999999999999);
#1883=CIRCLE('',#5177,0.449999999999999);
#1884=CIRCLE('',#5181,0.449999999999999);
#1885=CIRCLE('',#5182,0.450000000000017);
#1886=CIRCLE('',#5183,0.450000000000008);
#1887=CIRCLE('',#5184,0.450000000000035);
#1888=CIRCLE('',#5185,0.449999999999999);
#1889=CIRCLE('',#5186,0.450000000000017);
#1890=CIRCLE('',#5191,0.450000000000008);
#1891=CIRCLE('',#5194,0.450000000000017);
#1892=CIRCLE('',#5196,0.449999999999999);
#1893=CIRCLE('',#5199,0.450000000000017);
#1894=CIRCLE('',#5202,0.250000000000004);
#1895=CIRCLE('',#5203,0.249999999999999);
#1896=CIRCLE('',#5205,0.249999999999999);
#1897=CIRCLE('',#5206,0.700000000000017);
#1898=CIRCLE('',#5208,0.249999999999999);
#1899=CIRCLE('',#5210,0.699999999999999);
#1900=CIRCLE('',#5211,0.249999999999999);
#1901=CIRCLE('',#5213,0.249999999999999);
#1902=CIRCLE('',#5215,0.249999999999999);
#1903=CIRCLE('',#5216,0.699999999999999);
#1904=CIRCLE('',#5218,0.249999999999999);
#1905=CIRCLE('',#5220,0.699999999999999);
#1906=CIRCLE('',#5223,0.449999999999999);
#1907=CIRCLE('',#5226,0.450000000000035);
#1908=CIRCLE('',#5228,0.250000000000004);
#1909=CIRCLE('',#5229,0.249999999999999);
#1910=CIRCLE('',#5230,0.699999999999999);
#1911=CIRCLE('',#5232,0.249999999999999);
#1912=CIRCLE('',#5234,0.249999999999999);
#1913=CIRCLE('',#5235,0.700000000000035);
#1914=CIRCLE('',#5237,0.249999999999999);
#1915=CIRCLE('',#5239,0.249999999999999);
#1916=CIRCLE('',#5240,0.700000000000008);
#1917=CIRCLE('',#5242,0.249999999999999);
#1918=CIRCLE('',#5244,0.249999999999999);
#1919=CIRCLE('',#5245,0.700000000000017);
#1920=CIRCLE('',#5250,1.25);
#1921=CIRCLE('',#5251,2.5);
#1922=CIRCLE('',#5252,1.25);
#1923=CIRCLE('',#5253,1.25);
#1924=CIRCLE('',#5254,1.25);
#1925=CIRCLE('',#5255,2.5);
#1926=VERTEX_POINT('',#6450);
#1927=VERTEX_POINT('',#6451);
#1928=VERTEX_POINT('',#6453);
#1929=VERTEX_POINT('',#6455);
#1930=VERTEX_POINT('',#6459);
#1931=VERTEX_POINT('',#6460);
#1932=VERTEX_POINT('',#6465);
#1933=VERTEX_POINT('',#6466);
#1934=VERTEX_POINT('',#6471);
#1935=VERTEX_POINT('',#6472);
#1936=VERTEX_POINT('',#6477);
#1937=VERTEX_POINT('',#6478);
#1938=VERTEX_POINT('',#6483);
#1939=VERTEX_POINT('',#6484);
#1940=VERTEX_POINT('',#6489);
#1941=VERTEX_POINT('',#6490);
#1942=VERTEX_POINT('',#6498);
#1943=VERTEX_POINT('',#6500);
#1944=VERTEX_POINT('',#6504);
#1945=VERTEX_POINT('',#6508);
#1946=VERTEX_POINT('',#6512);
#1947=VERTEX_POINT('',#6516);
#1948=VERTEX_POINT('',#6517);
#1949=VERTEX_POINT('',#6519);
#1950=VERTEX_POINT('',#6521);
#1951=VERTEX_POINT('',#6525);
#1952=VERTEX_POINT('',#6527);
#1953=VERTEX_POINT('',#6531);
#1954=VERTEX_POINT('',#6532);
#1955=VERTEX_POINT('',#6537);
#1956=VERTEX_POINT('',#6538);
#1957=VERTEX_POINT('',#6543);
#1958=VERTEX_POINT('',#6544);
#1959=VERTEX_POINT('',#6549);
#1960=VERTEX_POINT('',#6554);
#1961=VERTEX_POINT('',#6558);
#1962=VERTEX_POINT('',#6570);
#1963=VERTEX_POINT('',#6571);
#1964=VERTEX_POINT('',#6573);
#1965=VERTEX_POINT('',#6575);
#1966=VERTEX_POINT('',#6577);
#1967=VERTEX_POINT('',#6579);
#1968=VERTEX_POINT('',#6581);
#1969=VERTEX_POINT('',#6583);
#1970=VERTEX_POINT('',#6588);
#1971=VERTEX_POINT('',#6590);
#1972=VERTEX_POINT('',#6592);
#1973=VERTEX_POINT('',#6594);
#1974=VERTEX_POINT('',#6596);
#1975=VERTEX_POINT('',#6598);
#1976=VERTEX_POINT('',#6600);
#1977=VERTEX_POINT('',#6602);
#1978=VERTEX_POINT('',#6604);
#1979=VERTEX_POINT('',#6606);
#1980=VERTEX_POINT('',#6610);
#1981=VERTEX_POINT('',#6614);
#1982=VERTEX_POINT('',#6616);
#1983=VERTEX_POINT('',#6620);
#1984=VERTEX_POINT('',#6622);
#1985=VERTEX_POINT('',#6626);
#1986=VERTEX_POINT('',#6627);
#1987=VERTEX_POINT('',#6629);
#1988=VERTEX_POINT('',#6631);
#1989=VERTEX_POINT('',#6633);
#1990=VERTEX_POINT('',#6635);
#1991=VERTEX_POINT('',#6640);
#1992=VERTEX_POINT('',#6642);
#1993=VERTEX_POINT('',#6646);
#1994=VERTEX_POINT('',#6648);
#1995=VERTEX_POINT('',#6652);
#1996=VERTEX_POINT('',#6653);
#1997=VERTEX_POINT('',#6655);
#1998=VERTEX_POINT('',#6657);
#1999=VERTEX_POINT('',#6659);
#2000=VERTEX_POINT('',#6661);
#2001=VERTEX_POINT('',#6666);
#2002=VERTEX_POINT('',#6668);
#2003=VERTEX_POINT('',#6670);
#2004=VERTEX_POINT('',#6672);
#2005=VERTEX_POINT('',#6674);
#2006=VERTEX_POINT('',#6676);
#2007=VERTEX_POINT('',#6680);
#2008=VERTEX_POINT('',#6681);
#2009=VERTEX_POINT('',#6692);
#2010=VERTEX_POINT('',#6694);
#2011=VERTEX_POINT('',#6696);
#2012=VERTEX_POINT('',#6701);
#2013=VERTEX_POINT('',#6708);
#2014=VERTEX_POINT('',#6710);
#2015=VERTEX_POINT('',#6712);
#2016=VERTEX_POINT('',#6725);
#2017=VERTEX_POINT('',#6727);
#2018=VERTEX_POINT('',#6731);
#2019=VERTEX_POINT('',#6732);
#2020=VERTEX_POINT('',#6734);
#2021=VERTEX_POINT('',#6736);
#2022=VERTEX_POINT('',#6738);
#2023=VERTEX_POINT('',#6740);
#2024=VERTEX_POINT('',#6746);
#2025=VERTEX_POINT('',#6749);
#2026=VERTEX_POINT('',#6751);
#2027=VERTEX_POINT('',#6754);
#2028=VERTEX_POINT('',#6756);
#2029=VERTEX_POINT('',#6759);
#2030=VERTEX_POINT('',#6764);
#2031=VERTEX_POINT('',#6766);
#2032=VERTEX_POINT('',#6770);
#2033=VERTEX_POINT('',#6774);
#2034=VERTEX_POINT('',#6776);
#2035=VERTEX_POINT('',#6778);
#2036=VERTEX_POINT('',#6780);
#2037=VERTEX_POINT('',#6782);
#2038=VERTEX_POINT('',#6784);
#2039=VERTEX_POINT('',#6786);
#2040=VERTEX_POINT('',#6788);
#2041=VERTEX_POINT('',#6790);
#2042=VERTEX_POINT('',#6792);
#2043=VERTEX_POINT('',#6794);
#2044=VERTEX_POINT('',#6797);
#2045=VERTEX_POINT('',#6798);
#2046=VERTEX_POINT('',#6800);
#2047=VERTEX_POINT('',#6802);
#2048=VERTEX_POINT('',#6804);
#2049=VERTEX_POINT('',#6806);
#2050=VERTEX_POINT('',#6809);
#2051=VERTEX_POINT('',#6810);
#2052=VERTEX_POINT('',#6812);
#2053=VERTEX_POINT('',#6814);
#2054=VERTEX_POINT('',#6816);
#2055=VERTEX_POINT('',#6818);
#2056=VERTEX_POINT('',#6821);
#2057=VERTEX_POINT('',#6822);
#2058=VERTEX_POINT('',#6824);
#2059=VERTEX_POINT('',#6826);
#2060=VERTEX_POINT('',#6828);
#2061=VERTEX_POINT('',#6830);
#2062=VERTEX_POINT('',#6833);
#2063=VERTEX_POINT('',#6834);
#2064=VERTEX_POINT('',#6836);
#2065=VERTEX_POINT('',#6838);
#2066=VERTEX_POINT('',#6840);
#2067=VERTEX_POINT('',#6842);
#2068=VERTEX_POINT('',#6846);
#2069=VERTEX_POINT('',#6850);
#2070=VERTEX_POINT('',#6854);
#2071=VERTEX_POINT('',#6856);
#2072=VERTEX_POINT('',#6860);
#2073=VERTEX_POINT('',#6861);
#2074=VERTEX_POINT('',#6863);
#2075=VERTEX_POINT('',#6865);
#2076=VERTEX_POINT('',#6867);
#2077=VERTEX_POINT('',#6869);
#2078=VERTEX_POINT('',#6875);
#2079=VERTEX_POINT('',#6876);
#2080=VERTEX_POINT('',#6878);
#2081=VERTEX_POINT('',#6880);
#2082=VERTEX_POINT('',#6882);
#2083=VERTEX_POINT('',#6884);
#2084=VERTEX_POINT('',#6886);
#2085=VERTEX_POINT('',#6888);
#2086=VERTEX_POINT('',#6891);
#2087=VERTEX_POINT('',#6892);
#2088=VERTEX_POINT('',#6894);
#2089=VERTEX_POINT('',#6896);
#2090=VERTEX_POINT('',#6898);
#2091=VERTEX_POINT('',#6900);
#2092=VERTEX_POINT('',#6902);
#2093=VERTEX_POINT('',#6904);
#2094=VERTEX_POINT('',#6907);
#2095=VERTEX_POINT('',#6908);
#2096=VERTEX_POINT('',#6910);
#2097=VERTEX_POINT('',#6912);
#2098=VERTEX_POINT('',#6914);
#2099=VERTEX_POINT('',#6916);
#2100=VERTEX_POINT('',#6918);
#2101=VERTEX_POINT('',#6920);
#2102=VERTEX_POINT('',#6924);
#2103=VERTEX_POINT('',#6925);
#2104=VERTEX_POINT('',#6930);
#2105=VERTEX_POINT('',#6932);
#2106=VERTEX_POINT('',#6936);
#2107=VERTEX_POINT('',#6941);
#2108=VERTEX_POINT('',#6945);
#2109=VERTEX_POINT('',#6950);
#2110=VERTEX_POINT('',#6954);
#2111=VERTEX_POINT('',#6959);
#2112=VERTEX_POINT('',#6963);
#2113=VERTEX_POINT('',#6968);
#2114=VERTEX_POINT('',#6972);
#2115=VERTEX_POINT('',#6973);
#2116=VERTEX_POINT('',#6979);
#2117=VERTEX_POINT('',#6981);
#2118=VERTEX_POINT('',#6985);
#2119=VERTEX_POINT('',#6990);
#2120=VERTEX_POINT('',#6994);
#2121=VERTEX_POINT('',#7000);
#2122=VERTEX_POINT('',#7004);
#2123=VERTEX_POINT('',#7009);
#2124=VERTEX_POINT('',#7013);
#2125=VERTEX_POINT('',#7018);
#2126=VERTEX_POINT('',#7022);
#2127=VERTEX_POINT('',#7023);
#2128=VERTEX_POINT('',#7028);
#2129=VERTEX_POINT('',#7030);
#2130=VERTEX_POINT('',#7034);
#2131=VERTEX_POINT('',#7040);
#2132=VERTEX_POINT('',#7044);
#2133=VERTEX_POINT('',#7045);
#2134=VERTEX_POINT('',#7050);
#2135=VERTEX_POINT('',#7052);
#2136=VERTEX_POINT('',#7063);
#2137=VERTEX_POINT('',#7068);
#2138=VERTEX_POINT('',#7072);
#2139=VERTEX_POINT('',#7078);
#2140=VERTEX_POINT('',#7082);
#2141=VERTEX_POINT('',#7087);
#2142=VERTEX_POINT('',#7127);
#2143=VERTEX_POINT('',#7134);
#2144=VERTEX_POINT('',#7170);
#2145=VERTEX_POINT('',#7211);
#2146=VERTEX_POINT('',#7247);
#2147=VERTEX_POINT('',#7288);
#2148=VERTEX_POINT('',#7324);
#2149=VERTEX_POINT('',#7365);
#2150=VERTEX_POINT('',#7406);
#2151=VERTEX_POINT('',#7411);
#2152=VERTEX_POINT('',#7415);
#2153=VERTEX_POINT('',#7421);
#2154=VERTEX_POINT('',#7425);
#2155=VERTEX_POINT('',#7430);
#2156=VERTEX_POINT('',#7470);
#2157=VERTEX_POINT('',#7477);
#2158=VERTEX_POINT('',#7513);
#2159=VERTEX_POINT('',#7554);
#2160=VERTEX_POINT('',#7590);
#2161=VERTEX_POINT('',#7631);
#2162=VERTEX_POINT('',#7667);
#2163=VERTEX_POINT('',#7708);
#2164=VERTEX_POINT('',#7749);
#2165=VERTEX_POINT('',#7750);
#2166=VERTEX_POINT('',#7752);
#2167=VERTEX_POINT('',#7754);
#2168=VERTEX_POINT('',#7756);
#2169=VERTEX_POINT('',#7761);
#2170=VERTEX_POINT('',#7769);
#2171=VERTEX_POINT('',#7770);
#2172=VERTEX_POINT('',#7775);
#2173=VERTEX_POINT('',#7781);
#2174=VERTEX_POINT('',#7786);
#2175=VERTEX_POINT('',#7792);
#2176=VERTEX_POINT('',#7797);
#2177=VERTEX_POINT('',#7802);
#2178=VERTEX_POINT('',#7807);
#2179=VERTEX_POINT('',#7812);
#2180=VERTEX_POINT('',#7817);
#2181=VERTEX_POINT('',#7822);
#2182=VERTEX_POINT('',#7832);
#2183=VERTEX_POINT('',#7837);
#2184=VERTEX_POINT('',#7841);
#2185=VERTEX_POINT('',#7847);
#2186=VERTEX_POINT('',#7851);
#2187=VERTEX_POINT('',#7856);
#2188=VERTEX_POINT('',#7860);
#2189=VERTEX_POINT('',#7866);
#2190=VERTEX_POINT('',#7870);
#2191=VERTEX_POINT('',#7875);
#2192=VERTEX_POINT('',#8257);
#2193=VERTEX_POINT('',#8258);
#2194=VERTEX_POINT('',#8260);
#2195=VERTEX_POINT('',#8262);
#2196=VERTEX_POINT('',#8265);
#2197=VERTEX_POINT('',#8266);
#2198=VERTEX_POINT('',#8268);
#2199=VERTEX_POINT('',#8270);
#2200=VERTEX_POINT('',#8272);
#2201=VERTEX_POINT('',#8274);
#2202=VERTEX_POINT('',#8276);
#2203=VERTEX_POINT('',#8278);
#2204=VERTEX_POINT('',#8282);
#2205=VERTEX_POINT('',#8284);
#2206=VERTEX_POINT('',#8286);
#2207=VERTEX_POINT('',#8288);
#2208=VERTEX_POINT('',#8290);
#2209=VERTEX_POINT('',#8292);
#2210=VERTEX_POINT('',#8296);
#2211=VERTEX_POINT('',#8298);
#2212=VERTEX_POINT('',#8300);
#2213=VERTEX_POINT('',#8305);
#2214=VERTEX_POINT('',#8310);
#2215=VERTEX_POINT('',#8315);
#2216=VERTEX_POINT('',#8319);
#2217=VERTEX_POINT('',#8321);
#2218=VERTEX_POINT('',#8327);
#2219=VERTEX_POINT('',#8328);
#2220=VERTEX_POINT('',#8341);
#2221=VERTEX_POINT('',#8347);
#2222=VERTEX_POINT('',#8355);
#2223=VERTEX_POINT('',#8361);
#2224=VERTEX_POINT('',#8386);
#2225=VERTEX_POINT('',#8387);
#2226=VERTEX_POINT('',#8395);
#2227=VERTEX_POINT('',#8402);
#2228=VERTEX_POINT('',#8432);
#2229=VERTEX_POINT('',#8433);
#2230=VERTEX_POINT('',#8438);
#2231=VERTEX_POINT('',#8443);
#2232=VERTEX_POINT('',#8451);
#2233=VERTEX_POINT('',#8528);
#2234=VERTEX_POINT('',#8571);
#2235=VERTEX_POINT('',#8576);
#2236=VERTEX_POINT('',#8611);
#2237=VERTEX_POINT('',#8619);
#2238=VERTEX_POINT('',#8662);
#2239=VERTEX_POINT('',#8663);
#2240=VERTEX_POINT('',#8674);
#2241=VERTEX_POINT('',#8681);
#2242=VERTEX_POINT('',#8897);
#2243=VERTEX_POINT('',#8898);
#2244=VERTEX_POINT('',#8900);
#2245=VERTEX_POINT('',#8905);
#2246=VERTEX_POINT('',#8907);
#2247=VERTEX_POINT('',#8909);
#2248=VERTEX_POINT('',#8915);
#2249=VERTEX_POINT('',#8916);
#2250=VERTEX_POINT('',#8918);
#2251=VERTEX_POINT('',#8920);
#2252=VERTEX_POINT('',#8922);
#2253=VERTEX_POINT('',#8924);
#2254=VERTEX_POINT('',#8926);
#2255=VERTEX_POINT('',#8928);
#2256=VERTEX_POINT('',#8932);
#2257=VERTEX_POINT('',#8933);
#2258=VERTEX_POINT('',#8947);
#2259=VERTEX_POINT('',#8948);
#2260=VERTEX_POINT('',#8950);
#2261=VERTEX_POINT('',#8955);
#2262=VERTEX_POINT('',#8957);
#2263=VERTEX_POINT('',#8959);
#2264=VERTEX_POINT('',#8965);
#2265=VERTEX_POINT('',#8966);
#2266=VERTEX_POINT('',#8968);
#2267=VERTEX_POINT('',#8970);
#2268=VERTEX_POINT('',#8972);
#2269=VERTEX_POINT('',#8974);
#2270=VERTEX_POINT('',#8976);
#2271=VERTEX_POINT('',#8978);
#2272=VERTEX_POINT('',#8982);
#2273=VERTEX_POINT('',#8983);
#2274=VERTEX_POINT('',#8997);
#2275=VERTEX_POINT('',#8998);
#2276=VERTEX_POINT('',#9009);
#2277=VERTEX_POINT('',#9016);
#2278=VERTEX_POINT('',#9049);
#2279=VERTEX_POINT('',#9050);
#2280=VERTEX_POINT('',#9099);
#2281=VERTEX_POINT('',#9104);
#2282=VERTEX_POINT('',#9149);
#2283=VERTEX_POINT('',#9192);
#2284=VERTEX_POINT('',#9193);
#2285=VERTEX_POINT('',#9204);
#2286=VERTEX_POINT('',#9254);
#2287=VERTEX_POINT('',#9255);
#2288=VERTEX_POINT('',#9266);
#2289=VERTEX_POINT('',#9273);
#2290=VERTEX_POINT('',#9306);
#2291=VERTEX_POINT('',#9307);
#2292=VERTEX_POINT('',#9356);
#2293=VERTEX_POINT('',#9361);
#2294=VERTEX_POINT('',#9406);
#2295=VERTEX_POINT('',#9449);
#2296=VERTEX_POINT('',#9450);
#2297=VERTEX_POINT('',#9461);
#2298=VERTEX_POINT('',#9628);
#2299=VERTEX_POINT('',#9629);
#2300=VERTEX_POINT('',#9631);
#2301=VERTEX_POINT('',#9633);
#2302=VERTEX_POINT('',#9637);
#2303=VERTEX_POINT('',#9639);
#2304=VERTEX_POINT('',#9643);
#2305=VERTEX_POINT('',#9645);
#2306=VERTEX_POINT('',#9652);
#2307=VERTEX_POINT('',#9653);
#2308=VERTEX_POINT('',#9655);
#2309=VERTEX_POINT('',#9662);
#2310=VERTEX_POINT('',#9664);
#2311=VERTEX_POINT('',#9666);
#2312=VERTEX_POINT('',#9675);
#2313=VERTEX_POINT('',#9677);
#2314=VERTEX_POINT('',#9686);
#2315=VERTEX_POINT('',#9687);
#2316=VERTEX_POINT('',#9692);
#2317=VERTEX_POINT('',#9696);
#2318=VERTEX_POINT('',#9757);
#2319=VERTEX_POINT('',#9758);
#2320=VERTEX_POINT('',#9760);
#2321=VERTEX_POINT('',#9762);
#2322=VERTEX_POINT('',#9766);
#2323=VERTEX_POINT('',#9768);
#2324=VERTEX_POINT('',#9772);
#2325=VERTEX_POINT('',#9774);
#2326=VERTEX_POINT('',#9778);
#2327=VERTEX_POINT('',#9780);
#2328=VERTEX_POINT('',#9784);
#2329=VERTEX_POINT('',#9785);
#2330=VERTEX_POINT('',#9787);
#2331=VERTEX_POINT('',#9789);
#2332=VERTEX_POINT('',#9793);
#2333=VERTEX_POINT('',#9795);
#2334=VERTEX_POINT('',#9798);
#2335=VERTEX_POINT('',#9800);
#2336=VERTEX_POINT('',#9802);
#2337=VERTEX_POINT('',#9805);
#2338=VERTEX_POINT('',#9807);
#2339=VERTEX_POINT('',#9809);
#2340=VERTEX_POINT('',#9811);
#2341=VERTEX_POINT('',#9813);
#2342=VERTEX_POINT('',#9815);
#2343=VERTEX_POINT('',#9824);
#2344=VERTEX_POINT('',#9828);
#2345=VERTEX_POINT('',#9832);
#2346=VERTEX_POINT('',#9836);
#2347=VERTEX_POINT('',#9840);
#2348=VERTEX_POINT('',#9844);
#2349=VERTEX_POINT('',#9850);
#2350=VERTEX_POINT('',#9852);
#2351=VERTEX_POINT('',#9856);
#2352=VERTEX_POINT('',#9860);
#2353=VERTEX_POINT('',#9867);
#2354=VERTEX_POINT('',#9871);
#2355=VERTEX_POINT('',#9875);
#2356=VERTEX_POINT('',#9881);
#2357=VERTEX_POINT('',#9885);
#2358=VERTEX_POINT('',#9889);
#2359=VERTEX_POINT('',#9895);
#2360=VERTEX_POINT('',#9897);
#2361=VERTEX_POINT('',#9901);
#2362=VERTEX_POINT('',#9905);
#2363=VERTEX_POINT('',#9909);
#2364=VERTEX_POINT('',#9913);
#2365=VERTEX_POINT('',#9917);
#2366=VERTEX_POINT('',#9921);
#2367=VERTEX_POINT('',#9927);
#2368=VERTEX_POINT('',#9931);
#2369=VERTEX_POINT('',#9933);
#2370=VERTEX_POINT('',#9937);
#2371=VERTEX_POINT('',#9938);
#2372=VERTEX_POINT('',#9953);
#2373=VERTEX_POINT('',#9978);
#2374=EDGE_CURVE('',#1926,#1927,#1765,.T.);
#2375=EDGE_CURVE('',#1927,#1928,#1021,.T.);
#2376=EDGE_CURVE('',#1928,#1929,#1766,.T.);
#2377=EDGE_CURVE('',#1929,#1926,#1022,.T.);
#2378=EDGE_CURVE('',#1930,#1931,#1767,.T.);
#2379=EDGE_CURVE('',#1931,#1929,#1768,.T.);
#2380=EDGE_CURVE('',#1928,#1930,#1769,.T.);
#2381=EDGE_CURVE('',#1932,#1933,#1770,.T.);
#2382=EDGE_CURVE('',#1933,#1931,#1023,.T.);
#2383=EDGE_CURVE('',#1930,#1932,#1024,.T.);
#2384=EDGE_CURVE('',#1934,#1935,#1771,.T.);
#2385=EDGE_CURVE('',#1935,#1933,#1772,.T.);
#2386=EDGE_CURVE('',#1932,#1934,#1773,.T.);
#2387=EDGE_CURVE('',#1936,#1937,#1774,.T.);
#2388=EDGE_CURVE('',#1937,#1935,#1025,.T.);
#2389=EDGE_CURVE('',#1934,#1936,#1026,.T.);
#2390=EDGE_CURVE('',#1938,#1939,#1775,.T.);
#2391=EDGE_CURVE('',#1939,#1937,#1776,.T.);
#2392=EDGE_CURVE('',#1936,#1938,#1777,.T.);
#2393=EDGE_CURVE('',#1940,#1941,#1778,.T.);
#2394=EDGE_CURVE('',#1941,#1939,#1027,.T.);
#2395=EDGE_CURVE('',#1938,#1940,#1028,.T.);
#2396=EDGE_CURVE('',#1926,#1941,#1779,.T.);
#2397=EDGE_CURVE('',#1940,#1927,#1780,.T.);
#2398=EDGE_CURVE('',#1942,#1939,#1029,.T.);
#2399=EDGE_CURVE('',#1943,#1942,#1781,.T.);
#2400=EDGE_CURVE('',#1943,#1937,#1030,.T.);
#2401=EDGE_CURVE('',#1944,#1941,#1031,.T.);
#2402=EDGE_CURVE('',#1942,#1944,#1032,.T.);
#2403=EDGE_CURVE('',#1945,#1926,#1033,.T.);
#2404=EDGE_CURVE('',#1944,#1945,#1782,.T.);
#2405=EDGE_CURVE('',#1946,#1929,#1034,.T.);
#2406=EDGE_CURVE('',#1945,#1946,#1035,.T.);
#2407=EDGE_CURVE('',#1947,#1948,#1036,.F.);
#2408=EDGE_CURVE('',#1949,#1947,#1037,.F.);
#2409=EDGE_CURVE('',#1950,#1949,#1038,.F.);
#2410=EDGE_CURVE('',#1948,#1950,#1039,.F.);
#2411=EDGE_CURVE('',#1951,#1945,#1783,.T.);
#2412=EDGE_CURVE('',#1946,#1952,#1784,.T.);
#2413=EDGE_CURVE('',#1952,#1951,#1040,.T.);
#2414=EDGE_CURVE('',#1953,#1954,#1785,.T.);
#2415=EDGE_CURVE('',#1954,#1952,#1786,.T.);
#2416=EDGE_CURVE('',#1946,#1953,#1787,.T.);
#2417=EDGE_CURVE('',#1955,#1956,#1788,.T.);
#2418=EDGE_CURVE('',#1956,#1954,#1041,.T.);
#2419=EDGE_CURVE('',#1953,#1955,#1042,.T.);
#2420=EDGE_CURVE('',#1957,#1958,#1789,.T.);
#2421=EDGE_CURVE('',#1958,#1956,#1790,.T.);
#2422=EDGE_CURVE('',#1955,#1957,#1791,.T.);
#2423=EDGE_CURVE('',#1943,#1959,#1792,.T.);
#2424=EDGE_CURVE('',#1959,#1958,#1043,.T.);
#2425=EDGE_CURVE('',#1957,#1943,#1044,.T.);
#2426=EDGE_CURVE('',#1942,#1960,#1793,.T.);
#2427=EDGE_CURVE('',#1960,#1959,#1794,.T.);
#2428=EDGE_CURVE('',#1944,#1961,#1795,.T.);
#2429=EDGE_CURVE('',#1961,#1960,#1045,.T.);
#2430=EDGE_CURVE('',#1951,#1961,#1796,.T.);
#2431=EDGE_CURVE('',#1957,#1935,#1046,.T.);
#2432=EDGE_CURVE('',#1955,#1933,#1047,.T.);
#2433=EDGE_CURVE('',#1953,#1931,#1048,.T.);
#2434=EDGE_CURVE('',#1962,#1963,#1797,.T.);
#2435=EDGE_CURVE('',#1963,#1964,#1049,.T.);
#2436=EDGE_CURVE('',#1964,#1965,#1798,.T.);
#2437=EDGE_CURVE('',#1965,#1966,#1050,.T.);
#2438=EDGE_CURVE('',#1966,#1967,#1799,.T.);
#2439=EDGE_CURVE('',#1967,#1968,#1051,.T.);
#2440=EDGE_CURVE('',#1968,#1969,#1800,.T.);
#2441=EDGE_CURVE('',#1969,#1962,#1052,.T.);
#2442=EDGE_CURVE('',#1949,#1970,#1053,.T.);
#2443=EDGE_CURVE('',#1970,#1971,#1054,.F.);
#2444=EDGE_CURVE('',#1971,#1972,#1055,.T.);
#2445=EDGE_CURVE('',#1972,#1973,#1056,.T.);
#2446=EDGE_CURVE('',#1973,#1974,#1057,.T.);
#2447=EDGE_CURVE('',#1974,#1975,#1058,.F.);
#2448=EDGE_CURVE('',#1975,#1976,#1059,.T.);
#2449=EDGE_CURVE('',#1976,#1977,#1060,.T.);
#2450=EDGE_CURVE('',#1977,#1978,#1061,.T.);
#2451=EDGE_CURVE('',#1978,#1979,#1062,.F.);
#2452=EDGE_CURVE('',#1950,#1979,#1063,.F.);
#2453=EDGE_CURVE('',#1947,#1980,#1064,.F.);
#2454=EDGE_CURVE('',#1980,#1970,#1065,.F.);
#2455=EDGE_CURVE('',#1981,#1981,#1801,.T.);
#2456=EDGE_CURVE('',#1981,#1982,#1066,.T.);
#2457=EDGE_CURVE('',#1982,#1982,#1802,.T.);
#2458=EDGE_CURVE('',#1983,#1983,#1803,.T.);
#2459=EDGE_CURVE('',#1983,#1984,#1067,.T.);
#2460=EDGE_CURVE('',#1984,#1984,#1804,.T.);
#2461=EDGE_CURVE('',#1985,#1986,#1068,.T.);
#2462=EDGE_CURVE('',#1987,#1985,#1069,.T.);
#2463=EDGE_CURVE('',#1988,#1987,#1070,.T.);
#2464=EDGE_CURVE('',#1989,#1988,#1071,.T.);
#2465=EDGE_CURVE('',#1990,#1989,#1072,.T.);
#2466=EDGE_CURVE('',#1986,#1990,#1073,.T.);
#2467=EDGE_CURVE('',#1991,#1991,#1805,.T.);
#2468=EDGE_CURVE('',#1991,#1992,#1074,.T.);
#2469=EDGE_CURVE('',#1992,#1992,#1806,.T.);
#2470=EDGE_CURVE('',#1993,#1993,#1807,.T.);
#2471=EDGE_CURVE('',#1993,#1994,#1075,.T.);
#2472=EDGE_CURVE('',#1994,#1994,#1808,.T.);
#2473=EDGE_CURVE('',#1995,#1996,#1076,.T.);
#2474=EDGE_CURVE('',#1996,#1997,#1077,.T.);
#2475=EDGE_CURVE('',#1997,#1998,#1078,.T.);
#2476=EDGE_CURVE('',#1998,#1999,#1079,.T.);
#2477=EDGE_CURVE('',#1999,#2000,#1080,.T.);
#2478=EDGE_CURVE('',#2000,#1995,#1081,.T.);
#2479=EDGE_CURVE('',#2001,#2001,#1809,.T.);
#2480=EDGE_CURVE('',#2001,#2002,#1082,.T.);
#2481=EDGE_CURVE('',#2003,#2002,#1810,.T.);
#2482=EDGE_CURVE('',#2004,#2003,#1083,.T.);
#2483=EDGE_CURVE('',#2005,#2004,#1811,.T.);
#2484=EDGE_CURVE('',#2006,#2005,#1084,.T.);
#2485=EDGE_CURVE('',#2002,#2006,#1812,.T.);
#2486=EDGE_CURVE('',#2007,#2008,#76,.T.);
#2487=EDGE_CURVE('',#2009,#2007,#1085,.T.);
#2488=EDGE_CURVE('',#2010,#2009,#1813,.T.);
#2489=EDGE_CURVE('',#2011,#2010,#77,.T.);
#2490=EDGE_CURVE('',#2012,#2011,#78,.T.);
#2491=EDGE_CURVE('',#2013,#2012,#1814,.T.);
#2492=EDGE_CURVE('',#2014,#2013,#1086,.T.);
#2493=EDGE_CURVE('',#2015,#2014,#79,.T.);
#2494=EDGE_CURVE('',#2015,#2008,#1815,.T.);
#2495=EDGE_CURVE('',#2016,#2016,#1816,.T.);
#2496=EDGE_CURVE('',#2016,#2017,#1087,.T.);
#2497=EDGE_CURVE('',#2017,#2017,#1817,.T.);
#2498=EDGE_CURVE('',#2018,#2019,#1088,.T.);
#2499=EDGE_CURVE('',#2019,#2020,#1089,.T.);
#2500=EDGE_CURVE('',#2020,#2021,#1090,.T.);
#2501=EDGE_CURVE('',#2021,#2022,#1091,.T.);
#2502=EDGE_CURVE('',#2022,#2023,#1092,.T.);
#2503=EDGE_CURVE('',#2023,#2018,#1093,.T.);
#2504=EDGE_CURVE('',#2006,#1971,#1094,.T.);
#2505=EDGE_CURVE('',#2024,#1980,#1095,.F.);
#2506=EDGE_CURVE('',#1979,#2024,#1096,.F.);
#2507=EDGE_CURVE('',#1978,#2025,#1097,.T.);
#2508=EDGE_CURVE('',#2025,#2026,#1098,.T.);
#2509=EDGE_CURVE('',#2026,#1975,#1099,.T.);
#2510=EDGE_CURVE('',#1974,#2027,#1100,.T.);
#2511=EDGE_CURVE('',#2027,#2028,#1101,.T.);
#2512=EDGE_CURVE('',#2028,#2003,#1102,.T.);
#2513=EDGE_CURVE('',#2029,#2029,#1818,.T.);
#2514=EDGE_CURVE('',#1972,#2005,#1103,.T.);
#2515=EDGE_CURVE('',#2030,#2007,#1104,.T.);
#2516=EDGE_CURVE('',#2031,#2030,#1819,.T.);
#2517=EDGE_CURVE('',#2031,#2009,#1105,.T.);
#2518=EDGE_CURVE('',#2008,#2032,#1106,.T.);
#2519=EDGE_CURVE('',#2030,#2032,#1820,.T.);
#2520=EDGE_CURVE('',#2033,#2015,#1107,.T.);
#2521=EDGE_CURVE('',#2034,#2033,#1108,.T.);
#2522=EDGE_CURVE('',#2035,#2034,#1109,.T.);
#2523=EDGE_CURVE('',#2036,#2035,#1110,.T.);
#2524=EDGE_CURVE('',#2037,#2036,#1111,.T.);
#2525=EDGE_CURVE('',#2038,#2037,#1112,.T.);
#2526=EDGE_CURVE('',#2039,#2038,#1113,.T.);
#2527=EDGE_CURVE('',#2040,#2039,#1114,.T.);
#2528=EDGE_CURVE('',#2041,#2040,#1115,.T.);
#2529=EDGE_CURVE('',#2042,#2041,#1116,.T.);
#2530=EDGE_CURVE('',#2043,#2042,#1117,.T.);
#2531=EDGE_CURVE('',#2032,#2043,#1118,.T.);
#2532=EDGE_CURVE('',#2044,#2045,#1119,.T.);
#2533=EDGE_CURVE('',#2045,#2046,#1120,.T.);
#2534=EDGE_CURVE('',#2046,#2047,#1121,.T.);
#2535=EDGE_CURVE('',#2047,#2048,#1122,.T.);
#2536=EDGE_CURVE('',#2048,#2049,#1123,.T.);
#2537=EDGE_CURVE('',#2049,#2044,#1124,.T.);
#2538=EDGE_CURVE('',#2050,#2051,#1125,.T.);
#2539=EDGE_CURVE('',#2051,#2052,#1126,.T.);
#2540=EDGE_CURVE('',#2052,#2053,#1127,.T.);
#2541=EDGE_CURVE('',#2053,#2054,#1128,.T.);
#2542=EDGE_CURVE('',#2054,#2055,#1129,.T.);
#2543=EDGE_CURVE('',#2055,#2050,#1130,.T.);
#2544=EDGE_CURVE('',#2056,#2057,#1131,.T.);
#2545=EDGE_CURVE('',#2057,#2058,#1132,.T.);
#2546=EDGE_CURVE('',#2058,#2059,#1133,.T.);
#2547=EDGE_CURVE('',#2059,#2060,#1134,.T.);
#2548=EDGE_CURVE('',#2060,#2061,#1135,.T.);
#2549=EDGE_CURVE('',#2061,#2056,#1136,.T.);
#2550=EDGE_CURVE('',#2062,#2063,#1137,.T.);
#2551=EDGE_CURVE('',#2063,#2064,#1138,.T.);
#2552=EDGE_CURVE('',#2064,#2065,#1139,.T.);
#2553=EDGE_CURVE('',#2065,#2066,#1140,.T.);
#2554=EDGE_CURVE('',#2066,#2067,#1141,.T.);
#2555=EDGE_CURVE('',#2067,#2062,#1142,.T.);
#2556=EDGE_CURVE('',#2014,#2068,#1143,.T.);
#2557=EDGE_CURVE('',#2033,#2068,#72,.T.);
#2558=EDGE_CURVE('',#2069,#2069,#1821,.T.);
#2559=EDGE_CURVE('',#2069,#2029,#1144,.T.);
#2560=EDGE_CURVE('',#2070,#2070,#1822,.T.);
#2561=EDGE_CURVE('',#2070,#2071,#1145,.T.);
#2562=EDGE_CURVE('',#2071,#2071,#1823,.T.);
#2563=EDGE_CURVE('',#2072,#2073,#1146,.T.);
#2564=EDGE_CURVE('',#2074,#2072,#1147,.T.);
#2565=EDGE_CURVE('',#2075,#2074,#1148,.T.);
#2566=EDGE_CURVE('',#2076,#2075,#1149,.T.);
#2567=EDGE_CURVE('',#2077,#2076,#1150,.T.);
#2568=EDGE_CURVE('',#2073,#2077,#1151,.T.);
#2569=EDGE_CURVE('',#1948,#2024,#1152,.F.);
#2570=EDGE_CURVE('',#2078,#2079,#1153,.T.);
#2571=EDGE_CURVE('',#2080,#2079,#1824,.T.);
#2572=EDGE_CURVE('',#2080,#2081,#1154,.T.);
#2573=EDGE_CURVE('',#2082,#2081,#1825,.T.);
#2574=EDGE_CURVE('',#2082,#2083,#1155,.T.);
#2575=EDGE_CURVE('',#2084,#2083,#1826,.T.);
#2576=EDGE_CURVE('',#2084,#2085,#1156,.T.);
#2577=EDGE_CURVE('',#2078,#2085,#1827,.T.);
#2578=EDGE_CURVE('',#2086,#2087,#1157,.T.);
#2579=EDGE_CURVE('',#2088,#2087,#1828,.T.);
#2580=EDGE_CURVE('',#2088,#2089,#1158,.T.);
#2581=EDGE_CURVE('',#2090,#2089,#1829,.T.);
#2582=EDGE_CURVE('',#2090,#2091,#1159,.T.);
#2583=EDGE_CURVE('',#2092,#2091,#1830,.T.);
#2584=EDGE_CURVE('',#2092,#2093,#1160,.T.);
#2585=EDGE_CURVE('',#2086,#2093,#1831,.T.);
#2586=EDGE_CURVE('',#2094,#2095,#1161,.T.);
#2587=EDGE_CURVE('',#2096,#2095,#1832,.T.);
#2588=EDGE_CURVE('',#2096,#2097,#1162,.T.);
#2589=EDGE_CURVE('',#2098,#2097,#1833,.T.);
#2590=EDGE_CURVE('',#2098,#2099,#1163,.T.);
#2591=EDGE_CURVE('',#2100,#2099,#1834,.T.);
#2592=EDGE_CURVE('',#2100,#2101,#1164,.T.);
#2593=EDGE_CURVE('',#2094,#2101,#1835,.T.);
#2594=EDGE_CURVE('',#2102,#2103,#80,.T.);
#2595=EDGE_CURVE('',#2102,#2104,#1165,.T.);
#2596=EDGE_CURVE('',#2105,#2104,#1836,.T.);
#2597=EDGE_CURVE('',#2103,#2105,#1166,.T.);
#2598=EDGE_CURVE('',#2103,#2106,#81,.T.);
#2599=EDGE_CURVE('',#2107,#2105,#1167,.T.);
#2600=EDGE_CURVE('',#2106,#2107,#1168,.T.);
#2601=EDGE_CURVE('',#2106,#2108,#82,.T.);
#2602=EDGE_CURVE('',#2109,#2107,#1837,.T.);
#2603=EDGE_CURVE('',#2108,#2109,#1169,.T.);
#2604=EDGE_CURVE('',#2108,#2110,#83,.T.);
#2605=EDGE_CURVE('',#2111,#2109,#1170,.T.);
#2606=EDGE_CURVE('',#2110,#2111,#1171,.T.);
#2607=EDGE_CURVE('',#2110,#2112,#84,.T.);
#2608=EDGE_CURVE('',#2113,#2111,#1838,.T.);
#2609=EDGE_CURVE('',#2112,#2113,#1172,.T.);
#2610=EDGE_CURVE('',#2114,#2115,#85,.T.);
#2611=EDGE_CURVE('',#2114,#2116,#1173,.T.);
#2612=EDGE_CURVE('',#2117,#2116,#1839,.T.);
#2613=EDGE_CURVE('',#2115,#2117,#1174,.T.);
#2614=EDGE_CURVE('',#2115,#2118,#86,.T.);
#2615=EDGE_CURVE('',#2119,#2117,#1175,.T.);
#2616=EDGE_CURVE('',#2118,#2119,#1176,.T.);
#2617=EDGE_CURVE('',#2118,#2120,#87,.T.);
#2618=EDGE_CURVE('',#2121,#2119,#1840,.T.);
#2619=EDGE_CURVE('',#2120,#2121,#1177,.T.);
#2620=EDGE_CURVE('',#2122,#2102,#88,.T.);
#2621=EDGE_CURVE('',#2122,#2123,#1178,.T.);
#2622=EDGE_CURVE('',#2104,#2123,#1179,.T.);
#2623=EDGE_CURVE('',#2124,#2114,#89,.T.);
#2624=EDGE_CURVE('',#2124,#2125,#1180,.T.);
#2625=EDGE_CURVE('',#2116,#2125,#1181,.T.);
#2626=EDGE_CURVE('',#2126,#2127,#90,.T.);
#2627=EDGE_CURVE('',#2128,#2126,#1182,.T.);
#2628=EDGE_CURVE('',#2129,#2128,#1183,.T.);
#2629=EDGE_CURVE('',#2127,#2129,#1184,.T.);
#2630=EDGE_CURVE('',#2127,#2130,#91,.T.);
#2631=EDGE_CURVE('',#2129,#2131,#1841,.T.);
#2632=EDGE_CURVE('',#2131,#2130,#1185,.T.);
#2633=EDGE_CURVE('',#2132,#2133,#92,.T.);
#2634=EDGE_CURVE('',#2134,#2132,#1186,.T.);
#2635=EDGE_CURVE('',#2135,#2134,#1187,.T.);
#2636=EDGE_CURVE('',#2133,#2135,#1188,.T.);
#2637=EDGE_CURVE('',#2133,#2126,#93,.T.);
#2638=EDGE_CURVE('',#2135,#2128,#1842,.T.);
#2639=EDGE_CURVE('',#2130,#2136,#94,.T.);
#2640=EDGE_CURVE('',#2137,#2131,#1189,.T.);
#2641=EDGE_CURVE('',#2136,#2137,#1190,.T.);
#2642=EDGE_CURVE('',#2136,#2138,#95,.T.);
#2643=EDGE_CURVE('',#2137,#2139,#1843,.T.);
#2644=EDGE_CURVE('',#2139,#2138,#1191,.T.);
#2645=EDGE_CURVE('',#2138,#2140,#96,.T.);
#2646=EDGE_CURVE('',#2141,#2139,#1192,.T.);
#2647=EDGE_CURVE('',#2140,#2141,#1193,.T.);
#2648=EDGE_CURVE('',#2140,#2132,#97,.T.);
#2649=EDGE_CURVE('',#2141,#2134,#1844,.T.);
#2650=EDGE_CURVE('',#2136,#2142,#98,.T.);
#2651=EDGE_CURVE('',#2143,#2138,#99,.T.);
#2652=EDGE_CURVE('',#2143,#2142,#100,.T.);
#2653=EDGE_CURVE('',#2144,#2140,#101,.T.);
#2654=EDGE_CURVE('',#2144,#2143,#102,.T.);
#2655=EDGE_CURVE('',#2145,#2132,#103,.T.);
#2656=EDGE_CURVE('',#2145,#2144,#104,.T.);
#2657=EDGE_CURVE('',#2146,#2133,#105,.T.);
#2658=EDGE_CURVE('',#2146,#2145,#106,.T.);
#2659=EDGE_CURVE('',#2147,#2126,#107,.T.);
#2660=EDGE_CURVE('',#2147,#2146,#108,.T.);
#2661=EDGE_CURVE('',#2148,#2127,#109,.T.);
#2662=EDGE_CURVE('',#2148,#2147,#110,.T.);
#2663=EDGE_CURVE('',#2149,#2130,#111,.T.);
#2664=EDGE_CURVE('',#2149,#2148,#112,.T.);
#2665=EDGE_CURVE('',#2142,#2149,#113,.T.);
#2666=EDGE_CURVE('',#2120,#2150,#114,.T.);
#2667=EDGE_CURVE('',#2151,#2121,#1194,.T.);
#2668=EDGE_CURVE('',#2150,#2151,#1195,.T.);
#2669=EDGE_CURVE('',#2150,#2152,#115,.T.);
#2670=EDGE_CURVE('',#2153,#2151,#1845,.T.);
#2671=EDGE_CURVE('',#2152,#2153,#1196,.T.);
#2672=EDGE_CURVE('',#2152,#2154,#116,.T.);
#2673=EDGE_CURVE('',#2155,#2153,#1197,.T.);
#2674=EDGE_CURVE('',#2154,#2155,#1198,.T.);
#2675=EDGE_CURVE('',#2154,#2124,#117,.T.);
#2676=EDGE_CURVE('',#2125,#2155,#1846,.T.);
#2677=EDGE_CURVE('',#2150,#2156,#118,.T.);
#2678=EDGE_CURVE('',#2157,#2152,#119,.T.);
#2679=EDGE_CURVE('',#2157,#2156,#120,.T.);
#2680=EDGE_CURVE('',#2158,#2154,#121,.T.);
#2681=EDGE_CURVE('',#2158,#2157,#122,.T.);
#2682=EDGE_CURVE('',#2159,#2124,#123,.T.);
#2683=EDGE_CURVE('',#2159,#2158,#124,.T.);
#2684=EDGE_CURVE('',#2160,#2114,#125,.T.);
#2685=EDGE_CURVE('',#2160,#2159,#126,.T.);
#2686=EDGE_CURVE('',#2161,#2115,#127,.T.);
#2687=EDGE_CURVE('',#2161,#2160,#128,.T.);
#2688=EDGE_CURVE('',#2162,#2118,#129,.T.);
#2689=EDGE_CURVE('',#2162,#2161,#130,.T.);
#2690=EDGE_CURVE('',#2163,#2120,#131,.T.);
#2691=EDGE_CURVE('',#2163,#2162,#132,.T.);
#2692=EDGE_CURVE('',#2156,#2163,#133,.T.);
#2693=EDGE_CURVE('',#2164,#2165,#1199,.T.);
#2694=EDGE_CURVE('',#2166,#2164,#1200,.T.);
#2695=EDGE_CURVE('',#2167,#2166,#1201,.T.);
#2696=EDGE_CURVE('',#2167,#2168,#134,.T.);
#2697=EDGE_CURVE('',#2168,#2169,#1202,.T.);
#2698=EDGE_CURVE('',#2165,#2169,#135,.F.);
#2699=EDGE_CURVE('',#2170,#2171,#136,.T.);
#2700=EDGE_CURVE('',#2172,#2170,#137,.T.);
#2701=EDGE_CURVE('',#2173,#2172,#138,.T.);
#2702=EDGE_CURVE('',#2174,#2173,#139,.T.);
#2703=EDGE_CURVE('',#2175,#2174,#140,.T.);
#2704=EDGE_CURVE('',#2176,#2175,#141,.T.);
#2705=EDGE_CURVE('',#2177,#2176,#142,.T.);
#2706=EDGE_CURVE('',#2178,#2177,#143,.T.);
#2707=EDGE_CURVE('',#2179,#2178,#144,.T.);
#2708=EDGE_CURVE('',#2180,#2179,#145,.T.);
#2709=EDGE_CURVE('',#2181,#2180,#146,.T.);
#2710=EDGE_CURVE('',#2171,#2181,#147,.T.);
#2711=EDGE_CURVE('',#2112,#2182,#148,.T.);
#2712=EDGE_CURVE('',#2183,#2113,#1203,.T.);
#2713=EDGE_CURVE('',#2182,#2183,#1204,.T.);
#2714=EDGE_CURVE('',#2182,#2184,#149,.T.);
#2715=EDGE_CURVE('',#2185,#2183,#1847,.T.);
#2716=EDGE_CURVE('',#2184,#2185,#1205,.T.);
#2717=EDGE_CURVE('',#2184,#2186,#150,.T.);
#2718=EDGE_CURVE('',#2187,#2185,#1206,.T.);
#2719=EDGE_CURVE('',#2186,#2187,#1207,.T.);
#2720=EDGE_CURVE('',#2186,#2188,#151,.T.);
#2721=EDGE_CURVE('',#2189,#2187,#1848,.T.);
#2722=EDGE_CURVE('',#2188,#2189,#1208,.T.);
#2723=EDGE_CURVE('',#2188,#2190,#152,.T.);
#2724=EDGE_CURVE('',#2191,#2189,#1209,.T.);
#2725=EDGE_CURVE('',#2190,#2191,#1210,.T.);
#2726=EDGE_CURVE('',#2190,#2122,#153,.T.);
#2727=EDGE_CURVE('',#2123,#2191,#1849,.T.);
#2728=EDGE_CURVE('',#2182,#2170,#154,.T.);
#2729=EDGE_CURVE('',#2172,#2184,#155,.T.);
#2730=EDGE_CURVE('',#2173,#2186,#156,.T.);
#2731=EDGE_CURVE('',#2174,#2188,#157,.T.);
#2732=EDGE_CURVE('',#2175,#2190,#158,.T.);
#2733=EDGE_CURVE('',#2176,#2122,#159,.T.);
#2734=EDGE_CURVE('',#2177,#2102,#160,.T.);
#2735=EDGE_CURVE('',#2178,#2103,#161,.T.);
#2736=EDGE_CURVE('',#2179,#2106,#162,.T.);
#2737=EDGE_CURVE('',#2180,#2108,#163,.T.);
#2738=EDGE_CURVE('',#2181,#2110,#164,.T.);
#2739=EDGE_CURVE('',#2171,#2112,#165,.T.);
#2740=EDGE_CURVE('',#2192,#2193,#1211,.T.);
#2741=EDGE_CURVE('',#2194,#2192,#1212,.T.);
#2742=EDGE_CURVE('',#2195,#2194,#1213,.T.);
#2743=EDGE_CURVE('',#2193,#2195,#1214,.T.);
#2744=EDGE_CURVE('',#2196,#2197,#1850,.T.);
#2745=EDGE_CURVE('',#2198,#2196,#1215,.T.);
#2746=EDGE_CURVE('',#2199,#2198,#1851,.T.);
#2747=EDGE_CURVE('',#2200,#2199,#1216,.T.);
#2748=EDGE_CURVE('',#2201,#2200,#1852,.T.);
#2749=EDGE_CURVE('',#2202,#2201,#1217,.T.);
#2750=EDGE_CURVE('',#2203,#2202,#1853,.T.);
#2751=EDGE_CURVE('',#2197,#2203,#1218,.T.);
#2752=EDGE_CURVE('',#2204,#1969,#1219,.T.);
#2753=EDGE_CURVE('',#2205,#2204,#1220,.T.);
#2754=EDGE_CURVE('',#2206,#2205,#1221,.T.);
#2755=EDGE_CURVE('',#2207,#2206,#1222,.T.);
#2756=EDGE_CURVE('',#2208,#2207,#1223,.T.);
#2757=EDGE_CURVE('',#2209,#2208,#1224,.T.);
#2758=EDGE_CURVE('',#1962,#2209,#1225,.T.);
#2759=EDGE_CURVE('',#2210,#1967,#1226,.T.);
#2760=EDGE_CURVE('',#2211,#2210,#1227,.T.);
#2761=EDGE_CURVE('',#2212,#2211,#166,.T.);
#2762=EDGE_CURVE('',#2213,#2212,#167,.T.);
#2763=EDGE_CURVE('',#2214,#2213,#168,.T.);
#2764=EDGE_CURVE('',#2215,#2214,#1228,.T.);
#2765=EDGE_CURVE('',#1968,#2215,#1229,.T.);
#2766=EDGE_CURVE('',#2216,#2043,#1854,.F.);
#2767=EDGE_CURVE('',#2042,#2217,#1855,.F.);
#2768=EDGE_CURVE('',#2217,#2216,#1230,.T.);
#2769=EDGE_CURVE('',#2215,#2204,#1856,.F.);
#2770=EDGE_CURVE('',#2218,#2219,#169,.T.);
#2771=EDGE_CURVE('',#2211,#2219,#170,.T.);
#2772=EDGE_CURVE('',#2210,#2041,#1857,.F.);
#2773=EDGE_CURVE('',#2040,#2215,#1858,.F.);
#2774=EDGE_CURVE('',#2220,#2214,#171,.T.);
#2775=EDGE_CURVE('',#2220,#2221,#172,.T.);
#2776=EDGE_CURVE('',#2218,#2221,#1231,.T.);
#2777=EDGE_CURVE('',#1966,#2222,#1232,.T.);
#2778=EDGE_CURVE('',#2222,#2210,#1859,.F.);
#2779=EDGE_CURVE('',#2041,#2222,#1860,.F.);
#2780=EDGE_CURVE('',#2223,#2042,#1861,.F.);
#2781=EDGE_CURVE('',#2217,#2223,#1862,.F.);
#2782=EDGE_CURVE('',#2204,#2040,#1863,.F.);
#2783=EDGE_CURVE('',#2209,#2216,#1864,.F.);
#2784=EDGE_CURVE('',#2043,#2209,#1865,.F.);
#2785=EDGE_CURVE('',#2099,#2196,#1233,.T.);
#2786=EDGE_CURVE('',#2198,#2098,#1234,.T.);
#2787=EDGE_CURVE('',#2097,#2199,#1235,.T.);
#2788=EDGE_CURVE('',#2200,#2096,#1236,.T.);
#2789=EDGE_CURVE('',#2095,#2201,#1237,.T.);
#2790=EDGE_CURVE('',#2202,#2094,#1238,.T.);
#2791=EDGE_CURVE('',#2101,#2203,#1239,.T.);
#2792=EDGE_CURVE('',#2197,#2100,#1240,.T.);
#2793=EDGE_CURVE('',#2224,#2225,#173,.T.);
#2794=EDGE_CURVE('',#2224,#2193,#1241,.T.);
#2795=EDGE_CURVE('',#2225,#2195,#1242,.T.);
#2796=EDGE_CURVE('',#2225,#2226,#174,.T.);
#2797=EDGE_CURVE('',#2226,#2194,#1243,.T.);
#2798=EDGE_CURVE('',#2226,#2227,#175,.T.);
#2799=EDGE_CURVE('',#2227,#2192,#1244,.T.);
#2800=EDGE_CURVE('',#2228,#2229,#176,.T.);
#2801=EDGE_CURVE('',#2230,#2229,#177,.T.);
#2802=EDGE_CURVE('',#2230,#2231,#178,.T.);
#2803=EDGE_CURVE('',#2231,#2232,#179,.T.);
#2804=EDGE_CURVE('',#2232,#2224,#180,.F.);
#2805=EDGE_CURVE('',#2228,#2225,#181,.T.);
#2806=EDGE_CURVE('',#2233,#2226,#182,.T.);
#2807=EDGE_CURVE('',#2233,#2228,#183,.T.);
#2808=EDGE_CURVE('',#2227,#2234,#184,.F.);
#2809=EDGE_CURVE('',#2235,#2234,#185,.F.);
#2810=EDGE_CURVE('',#2235,#2236,#186,.T.);
#2811=EDGE_CURVE('',#2237,#2236,#187,.T.);
#2812=EDGE_CURVE('',#2237,#2233,#188,.T.);
#2813=EDGE_CURVE('',#2234,#2232,#189,.T.);
#2814=EDGE_CURVE('',#2231,#2235,#190,.T.);
#2815=EDGE_CURVE('',#2238,#2239,#191,.T.);
#2816=EDGE_CURVE('',#2167,#2238,#192,.T.);
#2817=EDGE_CURVE('',#2239,#2166,#1245,.T.);
#2818=EDGE_CURVE('',#2239,#2240,#193,.T.);
#2819=EDGE_CURVE('',#2240,#2164,#1246,.T.);
#2820=EDGE_CURVE('',#2241,#2165,#194,.T.);
#2821=EDGE_CURVE('',#2240,#2241,#195,.T.);
#2822=EDGE_CURVE('',#2238,#2211,#196,.T.);
#2823=EDGE_CURVE('',#2212,#2239,#197,.T.);
#2824=EDGE_CURVE('',#2218,#2168,#198,.T.);
#2825=EDGE_CURVE('',#2241,#2214,#199,.T.);
#2826=EDGE_CURVE('',#2221,#2169,#200,.F.);
#2827=EDGE_CURVE('',#2240,#2213,#201,.T.);
#2828=EDGE_CURVE('',#2242,#2243,#1247,.T.);
#2829=EDGE_CURVE('',#2244,#2243,#202,.F.);
#2830=EDGE_CURVE('',#2245,#2244,#1248,.T.);
#2831=EDGE_CURVE('',#2246,#2245,#1249,.T.);
#2832=EDGE_CURVE('',#2247,#2246,#1250,.T.);
#2833=EDGE_CURVE('',#2247,#2242,#203,.T.);
#2834=EDGE_CURVE('',#2248,#2249,#1866,.T.);
#2835=EDGE_CURVE('',#2250,#2248,#1251,.T.);
#2836=EDGE_CURVE('',#2251,#2250,#1867,.T.);
#2837=EDGE_CURVE('',#2252,#2251,#1252,.T.);
#2838=EDGE_CURVE('',#2253,#2252,#1868,.T.);
#2839=EDGE_CURVE('',#2254,#2253,#1253,.T.);
#2840=EDGE_CURVE('',#2255,#2254,#1869,.T.);
#2841=EDGE_CURVE('',#2249,#2255,#1254,.T.);
#2842=EDGE_CURVE('',#2256,#2257,#204,.T.);
#2843=EDGE_CURVE('',#2256,#2243,#205,.T.);
#2844=EDGE_CURVE('',#2257,#2242,#206,.F.);
#2845=EDGE_CURVE('',#2258,#2259,#1255,.T.);
#2846=EDGE_CURVE('',#2260,#2259,#207,.F.);
#2847=EDGE_CURVE('',#2261,#2260,#1256,.T.);
#2848=EDGE_CURVE('',#2262,#2261,#1257,.T.);
#2849=EDGE_CURVE('',#2263,#2262,#1258,.T.);
#2850=EDGE_CURVE('',#2263,#2258,#208,.T.);
#2851=EDGE_CURVE('',#2264,#2265,#1870,.T.);
#2852=EDGE_CURVE('',#2266,#2264,#1259,.T.);
#2853=EDGE_CURVE('',#2267,#2266,#1871,.T.);
#2854=EDGE_CURVE('',#2268,#2267,#1260,.T.);
#2855=EDGE_CURVE('',#2269,#2268,#1872,.T.);
#2856=EDGE_CURVE('',#2270,#2269,#1261,.T.);
#2857=EDGE_CURVE('',#2271,#2270,#1873,.T.);
#2858=EDGE_CURVE('',#2265,#2271,#1262,.T.);
#2859=EDGE_CURVE('',#2272,#2273,#209,.T.);
#2860=EDGE_CURVE('',#2272,#2259,#210,.T.);
#2861=EDGE_CURVE('',#2273,#2258,#211,.F.);
#2862=EDGE_CURVE('',#2274,#2275,#212,.T.);
#2863=EDGE_CURVE('',#2263,#2274,#213,.T.);
#2864=EDGE_CURVE('',#2275,#2262,#1263,.T.);
#2865=EDGE_CURVE('',#2275,#2276,#214,.T.);
#2866=EDGE_CURVE('',#2276,#2261,#1264,.T.);
#2867=EDGE_CURVE('',#2277,#2260,#215,.T.);
#2868=EDGE_CURVE('',#2276,#2277,#216,.T.);
#2869=EDGE_CURVE('',#2278,#2279,#217,.T.);
#2870=EDGE_CURVE('',#2274,#2279,#218,.T.);
#2871=EDGE_CURVE('',#2278,#2275,#219,.T.);
#2872=EDGE_CURVE('',#2279,#2280,#220,.T.);
#2873=EDGE_CURVE('',#2281,#2280,#221,.T.);
#2874=EDGE_CURVE('',#2273,#2281,#222,.F.);
#2875=EDGE_CURVE('',#2282,#2276,#223,.T.);
#2876=EDGE_CURVE('',#2282,#2278,#224,.T.);
#2877=EDGE_CURVE('',#2283,#2284,#225,.T.);
#2878=EDGE_CURVE('',#2277,#2284,#226,.T.);
#2879=EDGE_CURVE('',#2285,#2272,#227,.F.);
#2880=EDGE_CURVE('',#2283,#2285,#228,.T.);
#2881=EDGE_CURVE('',#2284,#2282,#229,.T.);
#2882=EDGE_CURVE('',#2286,#2287,#230,.T.);
#2883=EDGE_CURVE('',#2247,#2286,#231,.T.);
#2884=EDGE_CURVE('',#2287,#2246,#1265,.T.);
#2885=EDGE_CURVE('',#2287,#2288,#232,.T.);
#2886=EDGE_CURVE('',#2288,#2245,#1266,.T.);
#2887=EDGE_CURVE('',#2289,#2244,#233,.T.);
#2888=EDGE_CURVE('',#2288,#2289,#234,.T.);
#2889=EDGE_CURVE('',#2290,#2291,#235,.T.);
#2890=EDGE_CURVE('',#2286,#2291,#236,.T.);
#2891=EDGE_CURVE('',#2290,#2287,#237,.T.);
#2892=EDGE_CURVE('',#2291,#2292,#238,.T.);
#2893=EDGE_CURVE('',#2293,#2292,#239,.T.);
#2894=EDGE_CURVE('',#2257,#2293,#240,.F.);
#2895=EDGE_CURVE('',#2294,#2288,#241,.T.);
#2896=EDGE_CURVE('',#2294,#2290,#242,.T.);
#2897=EDGE_CURVE('',#2295,#2296,#243,.T.);
#2898=EDGE_CURVE('',#2289,#2296,#244,.T.);
#2899=EDGE_CURVE('',#2297,#2256,#245,.F.);
#2900=EDGE_CURVE('',#2295,#2297,#246,.T.);
#2901=EDGE_CURVE('',#2296,#2294,#247,.T.);
#2902=EDGE_CURVE('',#2281,#2285,#248,.T.);
#2903=EDGE_CURVE('',#2293,#2297,#249,.T.);
#2904=EDGE_CURVE('',#2291,#2223,#1267,.T.);
#2905=EDGE_CURVE('',#2222,#2236,#1268,.T.);
#2906=EDGE_CURVE('',#2230,#2284,#1269,.T.);
#2907=EDGE_CURVE('',#2279,#2296,#1270,.T.);
#2908=EDGE_CURVE('',#2081,#2267,#1271,.T.);
#2909=EDGE_CURVE('',#2268,#2080,#1272,.T.);
#2910=EDGE_CURVE('',#2079,#2269,#1273,.T.);
#2911=EDGE_CURVE('',#2085,#2271,#1274,.T.);
#2912=EDGE_CURVE('',#2265,#2084,#1275,.T.);
#2913=EDGE_CURVE('',#2083,#2264,#1276,.T.);
#2914=EDGE_CURVE('',#2270,#2078,#1277,.T.);
#2915=EDGE_CURVE('',#2266,#2082,#1278,.T.);
#2916=EDGE_CURVE('',#2087,#2253,#1279,.T.);
#2917=EDGE_CURVE('',#2254,#2086,#1280,.T.);
#2918=EDGE_CURVE('',#2093,#2255,#1281,.T.);
#2919=EDGE_CURVE('',#2249,#2092,#1282,.T.);
#2920=EDGE_CURVE('',#2091,#2248,#1283,.T.);
#2921=EDGE_CURVE('',#2089,#2251,#1284,.T.);
#2922=EDGE_CURVE('',#2252,#2088,#1285,.T.);
#2923=EDGE_CURVE('',#2250,#2090,#1286,.T.);
#2924=EDGE_CURVE('',#2298,#2299,#1287,.T.);
#2925=EDGE_CURVE('',#2299,#2300,#1288,.T.);
#2926=EDGE_CURVE('',#2301,#2300,#1289,.T.);
#2927=EDGE_CURVE('',#2298,#2301,#1290,.T.);
#2928=EDGE_CURVE('',#2302,#2298,#1291,.T.);
#2929=EDGE_CURVE('',#2303,#2301,#1292,.T.);
#2930=EDGE_CURVE('',#2302,#2303,#1293,.T.);
#2931=EDGE_CURVE('',#2304,#2302,#1294,.T.);
#2932=EDGE_CURVE('',#2305,#2303,#1295,.T.);
#2933=EDGE_CURVE('',#2304,#2305,#1296,.T.);
#2934=EDGE_CURVE('',#2299,#2304,#1297,.T.);
#2935=EDGE_CURVE('',#2300,#2305,#1298,.T.);
#2936=EDGE_CURVE('',#2306,#2307,#1299,.T.);
#2937=EDGE_CURVE('',#2308,#2307,#250,.F.);
#2938=EDGE_CURVE('',#2309,#2308,#1300,.T.);
#2939=EDGE_CURVE('',#2310,#2309,#1301,.T.);
#2940=EDGE_CURVE('',#2311,#2310,#1302,.T.);
#2941=EDGE_CURVE('',#2311,#2306,#251,.T.);
#2942=EDGE_CURVE('',#1976,#2312,#1303,.T.);
#2943=EDGE_CURVE('',#2312,#2313,#1304,.T.);
#2944=EDGE_CURVE('',#2313,#1977,#1305,.T.);
#2945=EDGE_CURVE('',#2025,#2313,#1306,.T.);
#2946=EDGE_CURVE('',#2026,#2312,#1307,.T.);
#2947=EDGE_CURVE('',#2314,#2315,#1308,.T.);
#2948=EDGE_CURVE('',#2311,#2314,#1874,.T.);
#2949=EDGE_CURVE('',#2315,#2310,#1309,.T.);
#2950=EDGE_CURVE('',#2315,#2316,#1310,.T.);
#2951=EDGE_CURVE('',#2316,#2309,#1311,.T.);
#2952=EDGE_CURVE('',#2317,#2308,#1875,.T.);
#2953=EDGE_CURVE('',#2316,#2317,#1312,.T.);
#2954=EDGE_CURVE('',#2039,#2205,#1876,.T.);
#2955=EDGE_CURVE('',#2317,#2039,#1877,.T.);
#2956=EDGE_CURVE('',#2205,#2307,#252,.F.);
#2957=EDGE_CURVE('',#2314,#2036,#1878,.T.);
#2958=EDGE_CURVE('',#2037,#2315,#73,.T.);
#2959=EDGE_CURVE('',#2036,#2206,#1879,.T.);
#2960=EDGE_CURVE('',#2206,#2306,#253,.T.);
#2961=EDGE_CURVE('',#2038,#2316,#74,.T.);
#2962=EDGE_CURVE('',#2318,#2319,#1880,.T.);
#2963=EDGE_CURVE('',#2318,#2320,#1313,.T.);
#2964=EDGE_CURVE('',#2321,#2320,#1881,.T.);
#2965=EDGE_CURVE('',#2319,#2321,#1314,.T.);
#2966=EDGE_CURVE('',#2319,#2322,#1315,.T.);
#2967=EDGE_CURVE('',#2323,#2321,#1316,.T.);
#2968=EDGE_CURVE('',#2322,#2323,#1317,.T.);
#2969=EDGE_CURVE('',#2322,#2324,#1882,.T.);
#2970=EDGE_CURVE('',#2325,#2323,#1883,.T.);
#2971=EDGE_CURVE('',#2324,#2325,#1318,.T.);
#2972=EDGE_CURVE('',#2324,#2326,#1319,.T.);
#2973=EDGE_CURVE('',#2327,#2325,#1320,.T.);
#2974=EDGE_CURVE('',#2326,#2327,#1321,.T.);
#2975=EDGE_CURVE('',#2328,#2329,#1322,.T.);
#2976=EDGE_CURVE('',#2328,#2330,#1323,.T.);
#2977=EDGE_CURVE('',#2331,#2330,#1324,.T.);
#2978=EDGE_CURVE('',#2329,#2331,#1325,.T.);
#2979=EDGE_CURVE('',#2004,#2332,#1326,.T.);
#2980=EDGE_CURVE('',#2332,#2333,#1327,.T.);
#2981=EDGE_CURVE('',#2333,#1973,#1328,.T.);
#2982=EDGE_CURVE('',#2334,#2327,#1884,.T.);
#2983=EDGE_CURVE('',#2320,#2335,#1329,.T.);
#2984=EDGE_CURVE('',#2335,#2336,#1885,.T.);
#2985=EDGE_CURVE('',#2336,#2334,#1330,.T.);
#2986=EDGE_CURVE('',#2337,#2331,#1886,.T.);
#2987=EDGE_CURVE('',#2330,#2338,#1887,.T.);
#2988=EDGE_CURVE('',#2338,#2339,#1331,.T.);
#2989=EDGE_CURVE('',#2339,#2340,#1888,.T.);
#2990=EDGE_CURVE('',#2340,#2341,#1332,.T.);
#2991=EDGE_CURVE('',#2341,#2342,#1889,.T.);
#2992=EDGE_CURVE('',#2342,#2337,#1333,.T.);
#2993=EDGE_CURVE('',#2028,#2332,#1334,.T.);
#2994=EDGE_CURVE('',#2027,#2333,#1335,.T.);
#2995=EDGE_CURVE('',#2329,#2343,#1890,.T.);
#2996=EDGE_CURVE('',#2343,#2337,#1336,.T.);
#2997=EDGE_CURVE('',#2343,#2344,#1337,.T.);
#2998=EDGE_CURVE('',#2344,#2342,#1338,.T.);
#2999=EDGE_CURVE('',#2344,#2345,#1891,.T.);
#3000=EDGE_CURVE('',#2345,#2341,#1339,.T.);
#3001=EDGE_CURVE('',#2326,#2346,#1892,.T.);
#3002=EDGE_CURVE('',#2346,#2334,#1340,.T.);
#3003=EDGE_CURVE('',#2346,#2347,#1341,.T.);
#3004=EDGE_CURVE('',#2347,#2336,#1342,.T.);
#3005=EDGE_CURVE('',#2347,#2348,#1893,.T.);
#3006=EDGE_CURVE('',#2348,#2335,#1343,.T.);
#3007=EDGE_CURVE('',#2348,#2318,#1344,.T.);
#3008=EDGE_CURVE('',#2346,#2349,#1894,.T.);
#3009=EDGE_CURVE('',#2350,#2347,#1895,.T.);
#3010=EDGE_CURVE('',#2350,#2349,#1345,.T.);
#3011=EDGE_CURVE('',#2351,#2348,#1896,.T.);
#3012=EDGE_CURVE('',#2351,#2350,#1897,.T.);
#3013=EDGE_CURVE('',#2352,#2318,#1898,.T.);
#3014=EDGE_CURVE('',#2352,#2351,#1346,.T.);
#3015=EDGE_CURVE('',#2010,#2352,#1899,.T.);
#3016=EDGE_CURVE('',#2011,#2319,#1900,.T.);
#3017=EDGE_CURVE('',#2353,#2322,#1901,.T.);
#3018=EDGE_CURVE('',#2353,#2012,#1347,.T.);
#3019=EDGE_CURVE('',#2354,#2324,#1902,.T.);
#3020=EDGE_CURVE('',#2354,#2353,#1903,.T.);
#3021=EDGE_CURVE('',#2355,#2326,#1904,.T.);
#3022=EDGE_CURVE('',#2355,#2354,#1348,.T.);
#3023=EDGE_CURVE('',#2349,#2355,#1905,.T.);
#3024=EDGE_CURVE('',#2345,#2356,#1349,.T.);
#3025=EDGE_CURVE('',#2356,#2340,#1350,.T.);
#3026=EDGE_CURVE('',#2356,#2357,#1906,.T.);
#3027=EDGE_CURVE('',#2357,#2339,#1351,.T.);
#3028=EDGE_CURVE('',#2357,#2358,#1352,.T.);
#3029=EDGE_CURVE('',#2358,#2338,#1353,.T.);
#3030=EDGE_CURVE('',#2358,#2328,#1907,.T.);
#3031=EDGE_CURVE('',#2356,#2359,#1908,.T.);
#3032=EDGE_CURVE('',#2360,#2357,#1909,.T.);
#3033=EDGE_CURVE('',#2360,#2359,#1910,.T.);
#3034=EDGE_CURVE('',#2361,#2358,#1911,.T.);
#3035=EDGE_CURVE('',#2361,#2360,#1354,.T.);
#3036=EDGE_CURVE('',#2362,#2328,#1912,.T.);
#3037=EDGE_CURVE('',#2362,#2361,#1913,.T.);
#3038=EDGE_CURVE('',#2363,#2329,#1914,.T.);
#3039=EDGE_CURVE('',#2363,#2362,#1355,.T.);
#3040=EDGE_CURVE('',#2364,#2343,#1915,.T.);
#3041=EDGE_CURVE('',#2364,#2363,#1916,.T.);
#3042=EDGE_CURVE('',#2365,#2344,#1917,.T.);
#3043=EDGE_CURVE('',#2365,#2364,#1356,.T.);
#3044=EDGE_CURVE('',#2366,#2345,#1918,.T.);
#3045=EDGE_CURVE('',#2366,#2365,#1919,.T.);
#3046=EDGE_CURVE('',#2359,#2366,#1357,.T.);
#3047=EDGE_CURVE('',#2013,#2367,#1358,.T.);
#3048=EDGE_CURVE('',#2068,#2367,#1359,.T.);
#3049=EDGE_CURVE('',#2068,#2368,#1360,.T.);
#3050=EDGE_CURVE('',#2367,#2369,#1361,.T.);
#3051=EDGE_CURVE('',#2368,#2369,#1362,.T.);
#3052=EDGE_CURVE('',#2370,#2371,#1920,.T.);
#3053=EDGE_CURVE('',#2368,#2370,#1363,.T.);
#3054=EDGE_CURVE('',#2369,#2371,#1364,.T.);
#3055=EDGE_CURVE('',#2035,#2207,#1921,.T.);
#3056=EDGE_CURVE('',#2370,#2035,#1922,.T.);
#3057=EDGE_CURVE('',#2371,#2372,#1923,.F.);
#3058=EDGE_CURVE('',#2207,#2372,#254,.F.);
#3059=EDGE_CURVE('',#2031,#2373,#1924,.T.);
#3060=EDGE_CURVE('',#2032,#2208,#1925,.T.);
#3061=EDGE_CURVE('',#2208,#2373,#255,.T.);
#3062=EDGE_CURVE('',#2034,#2368,#75,.T.);
#3063=EDGE_CURVE('',#2373,#2372,#1365,.F.);
#3064=EDGE_CURVE('',#2067,#2075,#1366,.T.);
#3065=EDGE_CURVE('',#2066,#2076,#1367,.T.);
#3066=EDGE_CURVE('',#2062,#2074,#1368,.T.);
#3067=EDGE_CURVE('',#2063,#2072,#1369,.T.);
#3068=EDGE_CURVE('',#2064,#2073,#1370,.T.);
#3069=EDGE_CURVE('',#2065,#2077,#1371,.T.);
#3070=EDGE_CURVE('',#2060,#2021,#1372,.T.);
#3071=EDGE_CURVE('',#2059,#2022,#1373,.T.);
#3072=EDGE_CURVE('',#2056,#2019,#1374,.T.);
#3073=EDGE_CURVE('',#2057,#2018,#1375,.T.);
#3074=EDGE_CURVE('',#2058,#2023,#1376,.T.);
#3075=EDGE_CURVE('',#2061,#2020,#1377,.T.);
#3076=EDGE_CURVE('',#2050,#1995,#1378,.T.);
#3077=EDGE_CURVE('',#2055,#1996,#1379,.T.);
#3078=EDGE_CURVE('',#2054,#1997,#1380,.T.);
#3079=EDGE_CURVE('',#2051,#2000,#1381,.T.);
#3080=EDGE_CURVE('',#2052,#1999,#1382,.T.);
#3081=EDGE_CURVE('',#2053,#1998,#1383,.T.);
#3082=EDGE_CURVE('',#2049,#1988,#1384,.T.);
#3083=EDGE_CURVE('',#2048,#1989,#1385,.T.);
#3084=EDGE_CURVE('',#2044,#1987,#1386,.T.);
#3085=EDGE_CURVE('',#2045,#1985,#1387,.T.);
#3086=EDGE_CURVE('',#2046,#1986,#1388,.T.);
#3087=EDGE_CURVE('',#2047,#1990,#1389,.T.);
#3088=EDGE_CURVE('',#2216,#1963,#1390,.T.);
#3089=EDGE_CURVE('',#1964,#2217,#1391,.T.);
#3090=EDGE_CURVE('',#2223,#1965,#1392,.T.);
#3091=ORIENTED_EDGE('',*,*,#2374,.T.);
#3092=ORIENTED_EDGE('',*,*,#2375,.T.);
#3093=ORIENTED_EDGE('',*,*,#2376,.T.);
#3094=ORIENTED_EDGE('',*,*,#2377,.T.);
#3095=ORIENTED_EDGE('',*,*,#2378,.T.);
#3096=ORIENTED_EDGE('',*,*,#2379,.T.);
#3097=ORIENTED_EDGE('',*,*,#2376,.F.);
#3098=ORIENTED_EDGE('',*,*,#2380,.T.);
#3099=ORIENTED_EDGE('',*,*,#2381,.T.);
#3100=ORIENTED_EDGE('',*,*,#2382,.T.);
#3101=ORIENTED_EDGE('',*,*,#2378,.F.);
#3102=ORIENTED_EDGE('',*,*,#2383,.T.);
#3103=ORIENTED_EDGE('',*,*,#2384,.T.);
#3104=ORIENTED_EDGE('',*,*,#2385,.T.);
#3105=ORIENTED_EDGE('',*,*,#2381,.F.);
#3106=ORIENTED_EDGE('',*,*,#2386,.T.);
#3107=ORIENTED_EDGE('',*,*,#2387,.T.);
#3108=ORIENTED_EDGE('',*,*,#2388,.T.);
#3109=ORIENTED_EDGE('',*,*,#2384,.F.);
#3110=ORIENTED_EDGE('',*,*,#2389,.T.);
#3111=ORIENTED_EDGE('',*,*,#2390,.T.);
#3112=ORIENTED_EDGE('',*,*,#2391,.T.);
#3113=ORIENTED_EDGE('',*,*,#2387,.F.);
#3114=ORIENTED_EDGE('',*,*,#2392,.T.);
#3115=ORIENTED_EDGE('',*,*,#2393,.T.);
#3116=ORIENTED_EDGE('',*,*,#2394,.T.);
#3117=ORIENTED_EDGE('',*,*,#2390,.F.);
#3118=ORIENTED_EDGE('',*,*,#2395,.T.);
#3119=ORIENTED_EDGE('',*,*,#2374,.F.);
#3120=ORIENTED_EDGE('',*,*,#2396,.T.);
#3121=ORIENTED_EDGE('',*,*,#2393,.F.);
#3122=ORIENTED_EDGE('',*,*,#2397,.T.);
#3123=ORIENTED_EDGE('',*,*,#2391,.F.);
#3124=ORIENTED_EDGE('',*,*,#2398,.F.);
#3125=ORIENTED_EDGE('',*,*,#2399,.F.);
#3126=ORIENTED_EDGE('',*,*,#2400,.T.);
#3127=ORIENTED_EDGE('',*,*,#2394,.F.);
#3128=ORIENTED_EDGE('',*,*,#2401,.F.);
#3129=ORIENTED_EDGE('',*,*,#2402,.F.);
#3130=ORIENTED_EDGE('',*,*,#2398,.T.);
#3131=ORIENTED_EDGE('',*,*,#2396,.F.);
#3132=ORIENTED_EDGE('',*,*,#2403,.F.);
#3133=ORIENTED_EDGE('',*,*,#2404,.F.);
#3134=ORIENTED_EDGE('',*,*,#2401,.T.);
#3135=ORIENTED_EDGE('',*,*,#2377,.F.);
#3136=ORIENTED_EDGE('',*,*,#2405,.F.);
#3137=ORIENTED_EDGE('',*,*,#2406,.F.);
#3138=ORIENTED_EDGE('',*,*,#2403,.T.);
#3139=ORIENTED_EDGE('',*,*,#2375,.F.);
#3140=ORIENTED_EDGE('',*,*,#2397,.F.);
#3141=ORIENTED_EDGE('',*,*,#2395,.F.);
#3142=ORIENTED_EDGE('',*,*,#2392,.F.);
#3143=ORIENTED_EDGE('',*,*,#2389,.F.);
#3144=ORIENTED_EDGE('',*,*,#2386,.F.);
#3145=ORIENTED_EDGE('',*,*,#2383,.F.);
#3146=ORIENTED_EDGE('',*,*,#2380,.F.);
#3147=ORIENTED_EDGE('',*,*,#2407,.F.);
#3148=ORIENTED_EDGE('',*,*,#2408,.F.);
#3149=ORIENTED_EDGE('',*,*,#2409,.F.);
#3150=ORIENTED_EDGE('',*,*,#2410,.F.);
#3151=ORIENTED_EDGE('',*,*,#2411,.T.);
#3152=ORIENTED_EDGE('',*,*,#2406,.T.);
#3153=ORIENTED_EDGE('',*,*,#2412,.T.);
#3154=ORIENTED_EDGE('',*,*,#2413,.T.);
#3155=ORIENTED_EDGE('',*,*,#2414,.T.);
#3156=ORIENTED_EDGE('',*,*,#2415,.T.);
#3157=ORIENTED_EDGE('',*,*,#2412,.F.);
#3158=ORIENTED_EDGE('',*,*,#2416,.T.);
#3159=ORIENTED_EDGE('',*,*,#2417,.T.);
#3160=ORIENTED_EDGE('',*,*,#2418,.T.);
#3161=ORIENTED_EDGE('',*,*,#2414,.F.);
#3162=ORIENTED_EDGE('',*,*,#2419,.T.);
#3163=ORIENTED_EDGE('',*,*,#2420,.T.);
#3164=ORIENTED_EDGE('',*,*,#2421,.T.);
#3165=ORIENTED_EDGE('',*,*,#2417,.F.);
#3166=ORIENTED_EDGE('',*,*,#2422,.T.);
#3167=ORIENTED_EDGE('',*,*,#2423,.T.);
#3168=ORIENTED_EDGE('',*,*,#2424,.T.);
#3169=ORIENTED_EDGE('',*,*,#2420,.F.);
#3170=ORIENTED_EDGE('',*,*,#2425,.T.);
#3171=ORIENTED_EDGE('',*,*,#2426,.T.);
#3172=ORIENTED_EDGE('',*,*,#2427,.T.);
#3173=ORIENTED_EDGE('',*,*,#2423,.F.);
#3174=ORIENTED_EDGE('',*,*,#2399,.T.);
#3175=ORIENTED_EDGE('',*,*,#2428,.T.);
#3176=ORIENTED_EDGE('',*,*,#2429,.T.);
#3177=ORIENTED_EDGE('',*,*,#2426,.F.);
#3178=ORIENTED_EDGE('',*,*,#2402,.T.);
#3179=ORIENTED_EDGE('',*,*,#2411,.F.);
#3180=ORIENTED_EDGE('',*,*,#2430,.T.);
#3181=ORIENTED_EDGE('',*,*,#2428,.F.);
#3182=ORIENTED_EDGE('',*,*,#2404,.T.);
#3183=ORIENTED_EDGE('',*,*,#2385,.F.);
#3184=ORIENTED_EDGE('',*,*,#2431,.F.);
#3185=ORIENTED_EDGE('',*,*,#2422,.F.);
#3186=ORIENTED_EDGE('',*,*,#2432,.T.);
#3187=ORIENTED_EDGE('',*,*,#2382,.F.);
#3188=ORIENTED_EDGE('',*,*,#2432,.F.);
#3189=ORIENTED_EDGE('',*,*,#2419,.F.);
#3190=ORIENTED_EDGE('',*,*,#2433,.T.);
#3191=ORIENTED_EDGE('',*,*,#2379,.F.);
#3192=ORIENTED_EDGE('',*,*,#2433,.F.);
#3193=ORIENTED_EDGE('',*,*,#2416,.F.);
#3194=ORIENTED_EDGE('',*,*,#2405,.T.);
#3195=ORIENTED_EDGE('',*,*,#2434,.T.);
#3196=ORIENTED_EDGE('',*,*,#2435,.T.);
#3197=ORIENTED_EDGE('',*,*,#2436,.T.);
#3198=ORIENTED_EDGE('',*,*,#2437,.T.);
#3199=ORIENTED_EDGE('',*,*,#2438,.T.);
#3200=ORIENTED_EDGE('',*,*,#2439,.T.);
#3201=ORIENTED_EDGE('',*,*,#2440,.T.);
#3202=ORIENTED_EDGE('',*,*,#2441,.T.);
#3203=ORIENTED_EDGE('',*,*,#2413,.F.);
#3204=ORIENTED_EDGE('',*,*,#2415,.F.);
#3205=ORIENTED_EDGE('',*,*,#2418,.F.);
#3206=ORIENTED_EDGE('',*,*,#2421,.F.);
#3207=ORIENTED_EDGE('',*,*,#2424,.F.);
#3208=ORIENTED_EDGE('',*,*,#2427,.F.);
#3209=ORIENTED_EDGE('',*,*,#2429,.F.);
#3210=ORIENTED_EDGE('',*,*,#2430,.F.);
#3211=ORIENTED_EDGE('',*,*,#2388,.F.);
#3212=ORIENTED_EDGE('',*,*,#2400,.F.);
#3213=ORIENTED_EDGE('',*,*,#2425,.F.);
#3214=ORIENTED_EDGE('',*,*,#2431,.T.);
#3215=ORIENTED_EDGE('',*,*,#2409,.T.);
#3216=ORIENTED_EDGE('',*,*,#2442,.T.);
#3217=ORIENTED_EDGE('',*,*,#2443,.T.);
#3218=ORIENTED_EDGE('',*,*,#2444,.T.);
#3219=ORIENTED_EDGE('',*,*,#2445,.T.);
#3220=ORIENTED_EDGE('',*,*,#2446,.T.);
#3221=ORIENTED_EDGE('',*,*,#2447,.T.);
#3222=ORIENTED_EDGE('',*,*,#2448,.T.);
#3223=ORIENTED_EDGE('',*,*,#2449,.T.);
#3224=ORIENTED_EDGE('',*,*,#2450,.T.);
#3225=ORIENTED_EDGE('',*,*,#2451,.T.);
#3226=ORIENTED_EDGE('',*,*,#2452,.F.);
#3227=ORIENTED_EDGE('',*,*,#2408,.T.);
#3228=ORIENTED_EDGE('',*,*,#2453,.T.);
#3229=ORIENTED_EDGE('',*,*,#2454,.T.);
#3230=ORIENTED_EDGE('',*,*,#2442,.F.);
#3231=ORIENTED_EDGE('',*,*,#2455,.F.);
#3232=ORIENTED_EDGE('',*,*,#2456,.T.);
#3233=ORIENTED_EDGE('',*,*,#2457,.F.);
#3234=ORIENTED_EDGE('',*,*,#2456,.F.);
#3235=ORIENTED_EDGE('',*,*,#2458,.F.);
#3236=ORIENTED_EDGE('',*,*,#2459,.T.);
#3237=ORIENTED_EDGE('',*,*,#2460,.F.);
#3238=ORIENTED_EDGE('',*,*,#2459,.F.);
#3239=ORIENTED_EDGE('',*,*,#2461,.F.);
#3240=ORIENTED_EDGE('',*,*,#2462,.F.);
#3241=ORIENTED_EDGE('',*,*,#2463,.F.);
#3242=ORIENTED_EDGE('',*,*,#2464,.F.);
#3243=ORIENTED_EDGE('',*,*,#2465,.F.);
#3244=ORIENTED_EDGE('',*,*,#2466,.F.);
#3245=ORIENTED_EDGE('',*,*,#2458,.T.);
#3246=ORIENTED_EDGE('',*,*,#2455,.T.);
#3247=ORIENTED_EDGE('',*,*,#2460,.T.);
#3248=ORIENTED_EDGE('',*,*,#2467,.T.);
#3249=ORIENTED_EDGE('',*,*,#2468,.T.);
#3250=ORIENTED_EDGE('',*,*,#2469,.F.);
#3251=ORIENTED_EDGE('',*,*,#2468,.F.);
#3252=ORIENTED_EDGE('',*,*,#2470,.F.);
#3253=ORIENTED_EDGE('',*,*,#2471,.T.);
#3254=ORIENTED_EDGE('',*,*,#2472,.F.);
#3255=ORIENTED_EDGE('',*,*,#2471,.F.);
#3256=ORIENTED_EDGE('',*,*,#2473,.T.);
#3257=ORIENTED_EDGE('',*,*,#2474,.T.);
#3258=ORIENTED_EDGE('',*,*,#2475,.T.);
#3259=ORIENTED_EDGE('',*,*,#2476,.T.);
#3260=ORIENTED_EDGE('',*,*,#2477,.T.);
#3261=ORIENTED_EDGE('',*,*,#2478,.T.);
#3262=ORIENTED_EDGE('',*,*,#2470,.T.);
#3263=ORIENTED_EDGE('',*,*,#2467,.F.);
#3264=ORIENTED_EDGE('',*,*,#2472,.T.);
#3265=ORIENTED_EDGE('',*,*,#2479,.T.);
#3266=ORIENTED_EDGE('',*,*,#2480,.T.);
#3267=ORIENTED_EDGE('',*,*,#2481,.F.);
#3268=ORIENTED_EDGE('',*,*,#2482,.F.);
#3269=ORIENTED_EDGE('',*,*,#2483,.F.);
#3270=ORIENTED_EDGE('',*,*,#2484,.F.);
#3271=ORIENTED_EDGE('',*,*,#2485,.F.);
#3272=ORIENTED_EDGE('',*,*,#2480,.F.);
#3273=ORIENTED_EDGE('',*,*,#2486,.F.);
#3274=ORIENTED_EDGE('',*,*,#2487,.F.);
#3275=ORIENTED_EDGE('',*,*,#2488,.F.);
#3276=ORIENTED_EDGE('',*,*,#2489,.F.);
#3277=ORIENTED_EDGE('',*,*,#2490,.F.);
#3278=ORIENTED_EDGE('',*,*,#2491,.F.);
#3279=ORIENTED_EDGE('',*,*,#2492,.F.);
#3280=ORIENTED_EDGE('',*,*,#2493,.F.);
#3281=ORIENTED_EDGE('',*,*,#2494,.T.);
#3282=ORIENTED_EDGE('',*,*,#2495,.F.);
#3283=ORIENTED_EDGE('',*,*,#2496,.T.);
#3284=ORIENTED_EDGE('',*,*,#2497,.F.);
#3285=ORIENTED_EDGE('',*,*,#2496,.F.);
#3286=ORIENTED_EDGE('',*,*,#2498,.T.);
#3287=ORIENTED_EDGE('',*,*,#2499,.T.);
#3288=ORIENTED_EDGE('',*,*,#2500,.T.);
#3289=ORIENTED_EDGE('',*,*,#2501,.T.);
#3290=ORIENTED_EDGE('',*,*,#2502,.T.);
#3291=ORIENTED_EDGE('',*,*,#2503,.T.);
#3292=ORIENTED_EDGE('',*,*,#2495,.T.);
#3293=ORIENTED_EDGE('',*,*,#2479,.F.);
#3294=ORIENTED_EDGE('',*,*,#2497,.T.);
#3295=ORIENTED_EDGE('',*,*,#2481,.T.);
#3296=ORIENTED_EDGE('',*,*,#2485,.T.);
#3297=ORIENTED_EDGE('',*,*,#2504,.T.);
#3298=ORIENTED_EDGE('',*,*,#2443,.F.);
#3299=ORIENTED_EDGE('',*,*,#2454,.F.);
#3300=ORIENTED_EDGE('',*,*,#2505,.F.);
#3301=ORIENTED_EDGE('',*,*,#2506,.F.);
#3302=ORIENTED_EDGE('',*,*,#2451,.F.);
#3303=ORIENTED_EDGE('',*,*,#2507,.T.);
#3304=ORIENTED_EDGE('',*,*,#2508,.T.);
#3305=ORIENTED_EDGE('',*,*,#2509,.T.);
#3306=ORIENTED_EDGE('',*,*,#2447,.F.);
#3307=ORIENTED_EDGE('',*,*,#2510,.T.);
#3308=ORIENTED_EDGE('',*,*,#2511,.T.);
#3309=ORIENTED_EDGE('',*,*,#2512,.T.);
#3310=ORIENTED_EDGE('',*,*,#2457,.T.);
#3311=ORIENTED_EDGE('',*,*,#2469,.T.);
#3312=ORIENTED_EDGE('',*,*,#2513,.T.);
#3313=ORIENTED_EDGE('',*,*,#2484,.T.);
#3314=ORIENTED_EDGE('',*,*,#2514,.F.);
#3315=ORIENTED_EDGE('',*,*,#2444,.F.);
#3316=ORIENTED_EDGE('',*,*,#2504,.F.);
#3317=ORIENTED_EDGE('',*,*,#2487,.T.);
#3318=ORIENTED_EDGE('',*,*,#2515,.F.);
#3319=ORIENTED_EDGE('',*,*,#2516,.F.);
#3320=ORIENTED_EDGE('',*,*,#2517,.T.);
#3321=ORIENTED_EDGE('',*,*,#2486,.T.);
#3322=ORIENTED_EDGE('',*,*,#2518,.T.);
#3323=ORIENTED_EDGE('',*,*,#2519,.F.);
#3324=ORIENTED_EDGE('',*,*,#2515,.T.);
#3325=ORIENTED_EDGE('',*,*,#2494,.F.);
#3326=ORIENTED_EDGE('',*,*,#2520,.F.);
#3327=ORIENTED_EDGE('',*,*,#2521,.F.);
#3328=ORIENTED_EDGE('',*,*,#2522,.F.);
#3329=ORIENTED_EDGE('',*,*,#2523,.F.);
#3330=ORIENTED_EDGE('',*,*,#2524,.F.);
#3331=ORIENTED_EDGE('',*,*,#2525,.F.);
#3332=ORIENTED_EDGE('',*,*,#2526,.F.);
#3333=ORIENTED_EDGE('',*,*,#2527,.F.);
#3334=ORIENTED_EDGE('',*,*,#2528,.F.);
#3335=ORIENTED_EDGE('',*,*,#2529,.F.);
#3336=ORIENTED_EDGE('',*,*,#2530,.F.);
#3337=ORIENTED_EDGE('',*,*,#2531,.F.);
#3338=ORIENTED_EDGE('',*,*,#2518,.F.);
#3339=ORIENTED_EDGE('',*,*,#2532,.T.);
#3340=ORIENTED_EDGE('',*,*,#2533,.T.);
#3341=ORIENTED_EDGE('',*,*,#2534,.T.);
#3342=ORIENTED_EDGE('',*,*,#2535,.T.);
#3343=ORIENTED_EDGE('',*,*,#2536,.T.);
#3344=ORIENTED_EDGE('',*,*,#2537,.T.);
#3345=ORIENTED_EDGE('',*,*,#2538,.T.);
#3346=ORIENTED_EDGE('',*,*,#2539,.T.);
#3347=ORIENTED_EDGE('',*,*,#2540,.T.);
#3348=ORIENTED_EDGE('',*,*,#2541,.T.);
#3349=ORIENTED_EDGE('',*,*,#2542,.T.);
#3350=ORIENTED_EDGE('',*,*,#2543,.T.);
#3351=ORIENTED_EDGE('',*,*,#2544,.T.);
#3352=ORIENTED_EDGE('',*,*,#2545,.T.);
#3353=ORIENTED_EDGE('',*,*,#2546,.T.);
#3354=ORIENTED_EDGE('',*,*,#2547,.T.);
#3355=ORIENTED_EDGE('',*,*,#2548,.T.);
#3356=ORIENTED_EDGE('',*,*,#2549,.T.);
#3357=ORIENTED_EDGE('',*,*,#2550,.T.);
#3358=ORIENTED_EDGE('',*,*,#2551,.T.);
#3359=ORIENTED_EDGE('',*,*,#2552,.T.);
#3360=ORIENTED_EDGE('',*,*,#2553,.T.);
#3361=ORIENTED_EDGE('',*,*,#2554,.T.);
#3362=ORIENTED_EDGE('',*,*,#2555,.T.);
#3363=ORIENTED_EDGE('',*,*,#2493,.T.);
#3364=ORIENTED_EDGE('',*,*,#2556,.T.);
#3365=ORIENTED_EDGE('',*,*,#2557,.F.);
#3366=ORIENTED_EDGE('',*,*,#2520,.T.);
#3367=ORIENTED_EDGE('',*,*,#2558,.F.);
#3368=ORIENTED_EDGE('',*,*,#2559,.T.);
#3369=ORIENTED_EDGE('',*,*,#2513,.F.);
#3370=ORIENTED_EDGE('',*,*,#2559,.F.);
#3371=ORIENTED_EDGE('',*,*,#2560,.F.);
#3372=ORIENTED_EDGE('',*,*,#2561,.T.);
#3373=ORIENTED_EDGE('',*,*,#2562,.F.);
#3374=ORIENTED_EDGE('',*,*,#2561,.F.);
#3375=ORIENTED_EDGE('',*,*,#2563,.F.);
#3376=ORIENTED_EDGE('',*,*,#2564,.F.);
#3377=ORIENTED_EDGE('',*,*,#2565,.F.);
#3378=ORIENTED_EDGE('',*,*,#2566,.F.);
#3379=ORIENTED_EDGE('',*,*,#2567,.F.);
#3380=ORIENTED_EDGE('',*,*,#2568,.F.);
#3381=ORIENTED_EDGE('',*,*,#2560,.T.);
#3382=ORIENTED_EDGE('',*,*,#2558,.T.);
#3383=ORIENTED_EDGE('',*,*,#2562,.T.);
#3384=ORIENTED_EDGE('',*,*,#2407,.T.);
#3385=ORIENTED_EDGE('',*,*,#2569,.T.);
#3386=ORIENTED_EDGE('',*,*,#2505,.T.);
#3387=ORIENTED_EDGE('',*,*,#2453,.F.);
#3388=ORIENTED_EDGE('',*,*,#2570,.T.);
#3389=ORIENTED_EDGE('',*,*,#2571,.F.);
#3390=ORIENTED_EDGE('',*,*,#2572,.T.);
#3391=ORIENTED_EDGE('',*,*,#2573,.F.);
#3392=ORIENTED_EDGE('',*,*,#2574,.T.);
#3393=ORIENTED_EDGE('',*,*,#2575,.F.);
#3394=ORIENTED_EDGE('',*,*,#2576,.T.);
#3395=ORIENTED_EDGE('',*,*,#2577,.F.);
#3396=ORIENTED_EDGE('',*,*,#2578,.T.);
#3397=ORIENTED_EDGE('',*,*,#2579,.F.);
#3398=ORIENTED_EDGE('',*,*,#2580,.T.);
#3399=ORIENTED_EDGE('',*,*,#2581,.F.);
#3400=ORIENTED_EDGE('',*,*,#2582,.T.);
#3401=ORIENTED_EDGE('',*,*,#2583,.F.);
#3402=ORIENTED_EDGE('',*,*,#2584,.T.);
#3403=ORIENTED_EDGE('',*,*,#2585,.F.);
#3404=ORIENTED_EDGE('',*,*,#2586,.T.);
#3405=ORIENTED_EDGE('',*,*,#2587,.F.);
#3406=ORIENTED_EDGE('',*,*,#2588,.T.);
#3407=ORIENTED_EDGE('',*,*,#2589,.F.);
#3408=ORIENTED_EDGE('',*,*,#2590,.T.);
#3409=ORIENTED_EDGE('',*,*,#2591,.F.);
#3410=ORIENTED_EDGE('',*,*,#2592,.T.);
#3411=ORIENTED_EDGE('',*,*,#2593,.F.);
#3412=ORIENTED_EDGE('',*,*,#2594,.F.);
#3413=ORIENTED_EDGE('',*,*,#2595,.T.);
#3414=ORIENTED_EDGE('',*,*,#2596,.F.);
#3415=ORIENTED_EDGE('',*,*,#2597,.F.);
#3416=ORIENTED_EDGE('',*,*,#2598,.F.);
#3417=ORIENTED_EDGE('',*,*,#2597,.T.);
#3418=ORIENTED_EDGE('',*,*,#2599,.F.);
#3419=ORIENTED_EDGE('',*,*,#2600,.F.);
#3420=ORIENTED_EDGE('',*,*,#2601,.F.);
#3421=ORIENTED_EDGE('',*,*,#2600,.T.);
#3422=ORIENTED_EDGE('',*,*,#2602,.F.);
#3423=ORIENTED_EDGE('',*,*,#2603,.F.);
#3424=ORIENTED_EDGE('',*,*,#2604,.F.);
#3425=ORIENTED_EDGE('',*,*,#2603,.T.);
#3426=ORIENTED_EDGE('',*,*,#2605,.F.);
#3427=ORIENTED_EDGE('',*,*,#2606,.F.);
#3428=ORIENTED_EDGE('',*,*,#2607,.F.);
#3429=ORIENTED_EDGE('',*,*,#2606,.T.);
#3430=ORIENTED_EDGE('',*,*,#2608,.F.);
#3431=ORIENTED_EDGE('',*,*,#2609,.F.);
#3432=ORIENTED_EDGE('',*,*,#2610,.F.);
#3433=ORIENTED_EDGE('',*,*,#2611,.T.);
#3434=ORIENTED_EDGE('',*,*,#2612,.F.);
#3435=ORIENTED_EDGE('',*,*,#2613,.F.);
#3436=ORIENTED_EDGE('',*,*,#2614,.F.);
#3437=ORIENTED_EDGE('',*,*,#2613,.T.);
#3438=ORIENTED_EDGE('',*,*,#2615,.F.);
#3439=ORIENTED_EDGE('',*,*,#2616,.F.);
#3440=ORIENTED_EDGE('',*,*,#2617,.F.);
#3441=ORIENTED_EDGE('',*,*,#2616,.T.);
#3442=ORIENTED_EDGE('',*,*,#2618,.F.);
#3443=ORIENTED_EDGE('',*,*,#2619,.F.);
#3444=ORIENTED_EDGE('',*,*,#2620,.F.);
#3445=ORIENTED_EDGE('',*,*,#2621,.T.);
#3446=ORIENTED_EDGE('',*,*,#2622,.F.);
#3447=ORIENTED_EDGE('',*,*,#2595,.F.);
#3448=ORIENTED_EDGE('',*,*,#2623,.F.);
#3449=ORIENTED_EDGE('',*,*,#2624,.T.);
#3450=ORIENTED_EDGE('',*,*,#2625,.F.);
#3451=ORIENTED_EDGE('',*,*,#2611,.F.);
#3452=ORIENTED_EDGE('',*,*,#2626,.F.);
#3453=ORIENTED_EDGE('',*,*,#2627,.F.);
#3454=ORIENTED_EDGE('',*,*,#2628,.F.);
#3455=ORIENTED_EDGE('',*,*,#2629,.F.);
#3456=ORIENTED_EDGE('',*,*,#2630,.F.);
#3457=ORIENTED_EDGE('',*,*,#2629,.T.);
#3458=ORIENTED_EDGE('',*,*,#2631,.T.);
#3459=ORIENTED_EDGE('',*,*,#2632,.T.);
#3460=ORIENTED_EDGE('',*,*,#2633,.F.);
#3461=ORIENTED_EDGE('',*,*,#2634,.F.);
#3462=ORIENTED_EDGE('',*,*,#2635,.F.);
#3463=ORIENTED_EDGE('',*,*,#2636,.F.);
#3464=ORIENTED_EDGE('',*,*,#2637,.F.);
#3465=ORIENTED_EDGE('',*,*,#2636,.T.);
#3466=ORIENTED_EDGE('',*,*,#2638,.T.);
#3467=ORIENTED_EDGE('',*,*,#2627,.T.);
#3468=ORIENTED_EDGE('',*,*,#2639,.F.);
#3469=ORIENTED_EDGE('',*,*,#2632,.F.);
#3470=ORIENTED_EDGE('',*,*,#2640,.F.);
#3471=ORIENTED_EDGE('',*,*,#2641,.F.);
#3472=ORIENTED_EDGE('',*,*,#2642,.F.);
#3473=ORIENTED_EDGE('',*,*,#2641,.T.);
#3474=ORIENTED_EDGE('',*,*,#2643,.T.);
#3475=ORIENTED_EDGE('',*,*,#2644,.T.);
#3476=ORIENTED_EDGE('',*,*,#2645,.F.);
#3477=ORIENTED_EDGE('',*,*,#2644,.F.);
#3478=ORIENTED_EDGE('',*,*,#2646,.F.);
#3479=ORIENTED_EDGE('',*,*,#2647,.F.);
#3480=ORIENTED_EDGE('',*,*,#2648,.F.);
#3481=ORIENTED_EDGE('',*,*,#2647,.T.);
#3482=ORIENTED_EDGE('',*,*,#2649,.T.);
#3483=ORIENTED_EDGE('',*,*,#2634,.T.);
#3484=ORIENTED_EDGE('',*,*,#2650,.F.);
#3485=ORIENTED_EDGE('',*,*,#2642,.T.);
#3486=ORIENTED_EDGE('',*,*,#2651,.F.);
#3487=ORIENTED_EDGE('',*,*,#2652,.T.);
#3488=ORIENTED_EDGE('',*,*,#2651,.T.);
#3489=ORIENTED_EDGE('',*,*,#2645,.T.);
#3490=ORIENTED_EDGE('',*,*,#2653,.F.);
#3491=ORIENTED_EDGE('',*,*,#2654,.T.);
#3492=ORIENTED_EDGE('',*,*,#2653,.T.);
#3493=ORIENTED_EDGE('',*,*,#2648,.T.);
#3494=ORIENTED_EDGE('',*,*,#2655,.F.);
#3495=ORIENTED_EDGE('',*,*,#2656,.T.);
#3496=ORIENTED_EDGE('',*,*,#2655,.T.);
#3497=ORIENTED_EDGE('',*,*,#2633,.T.);
#3498=ORIENTED_EDGE('',*,*,#2657,.F.);
#3499=ORIENTED_EDGE('',*,*,#2658,.T.);
#3500=ORIENTED_EDGE('',*,*,#2657,.T.);
#3501=ORIENTED_EDGE('',*,*,#2637,.T.);
#3502=ORIENTED_EDGE('',*,*,#2659,.F.);
#3503=ORIENTED_EDGE('',*,*,#2660,.T.);
#3504=ORIENTED_EDGE('',*,*,#2659,.T.);
#3505=ORIENTED_EDGE('',*,*,#2626,.T.);
#3506=ORIENTED_EDGE('',*,*,#2661,.F.);
#3507=ORIENTED_EDGE('',*,*,#2662,.T.);
#3508=ORIENTED_EDGE('',*,*,#2661,.T.);
#3509=ORIENTED_EDGE('',*,*,#2630,.T.);
#3510=ORIENTED_EDGE('',*,*,#2663,.F.);
#3511=ORIENTED_EDGE('',*,*,#2664,.T.);
#3512=ORIENTED_EDGE('',*,*,#2650,.T.);
#3513=ORIENTED_EDGE('',*,*,#2665,.T.);
#3514=ORIENTED_EDGE('',*,*,#2663,.T.);
#3515=ORIENTED_EDGE('',*,*,#2639,.T.);
#3516=ORIENTED_EDGE('',*,*,#2666,.F.);
#3517=ORIENTED_EDGE('',*,*,#2619,.T.);
#3518=ORIENTED_EDGE('',*,*,#2667,.F.);
#3519=ORIENTED_EDGE('',*,*,#2668,.F.);
#3520=ORIENTED_EDGE('',*,*,#2669,.F.);
#3521=ORIENTED_EDGE('',*,*,#2668,.T.);
#3522=ORIENTED_EDGE('',*,*,#2670,.F.);
#3523=ORIENTED_EDGE('',*,*,#2671,.F.);
#3524=ORIENTED_EDGE('',*,*,#2672,.F.);
#3525=ORIENTED_EDGE('',*,*,#2671,.T.);
#3526=ORIENTED_EDGE('',*,*,#2673,.F.);
#3527=ORIENTED_EDGE('',*,*,#2674,.F.);
#3528=ORIENTED_EDGE('',*,*,#2675,.F.);
#3529=ORIENTED_EDGE('',*,*,#2674,.T.);
#3530=ORIENTED_EDGE('',*,*,#2676,.F.);
#3531=ORIENTED_EDGE('',*,*,#2624,.F.);
#3532=ORIENTED_EDGE('',*,*,#2677,.F.);
#3533=ORIENTED_EDGE('',*,*,#2669,.T.);
#3534=ORIENTED_EDGE('',*,*,#2678,.F.);
#3535=ORIENTED_EDGE('',*,*,#2679,.T.);
#3536=ORIENTED_EDGE('',*,*,#2678,.T.);
#3537=ORIENTED_EDGE('',*,*,#2672,.T.);
#3538=ORIENTED_EDGE('',*,*,#2680,.F.);
#3539=ORIENTED_EDGE('',*,*,#2681,.T.);
#3540=ORIENTED_EDGE('',*,*,#2680,.T.);
#3541=ORIENTED_EDGE('',*,*,#2675,.T.);
#3542=ORIENTED_EDGE('',*,*,#2682,.F.);
#3543=ORIENTED_EDGE('',*,*,#2683,.T.);
#3544=ORIENTED_EDGE('',*,*,#2682,.T.);
#3545=ORIENTED_EDGE('',*,*,#2623,.T.);
#3546=ORIENTED_EDGE('',*,*,#2684,.F.);
#3547=ORIENTED_EDGE('',*,*,#2685,.T.);
#3548=ORIENTED_EDGE('',*,*,#2684,.T.);
#3549=ORIENTED_EDGE('',*,*,#2610,.T.);
#3550=ORIENTED_EDGE('',*,*,#2686,.F.);
#3551=ORIENTED_EDGE('',*,*,#2687,.T.);
#3552=ORIENTED_EDGE('',*,*,#2686,.T.);
#3553=ORIENTED_EDGE('',*,*,#2614,.T.);
#3554=ORIENTED_EDGE('',*,*,#2688,.F.);
#3555=ORIENTED_EDGE('',*,*,#2689,.T.);
#3556=ORIENTED_EDGE('',*,*,#2688,.T.);
#3557=ORIENTED_EDGE('',*,*,#2617,.T.);
#3558=ORIENTED_EDGE('',*,*,#2690,.F.);
#3559=ORIENTED_EDGE('',*,*,#2691,.T.);
#3560=ORIENTED_EDGE('',*,*,#2677,.T.);
#3561=ORIENTED_EDGE('',*,*,#2692,.T.);
#3562=ORIENTED_EDGE('',*,*,#2690,.T.);
#3563=ORIENTED_EDGE('',*,*,#2666,.T.);
#3564=ORIENTED_EDGE('',*,*,#2693,.F.);
#3565=ORIENTED_EDGE('',*,*,#2694,.F.);
#3566=ORIENTED_EDGE('',*,*,#2695,.F.);
#3567=ORIENTED_EDGE('',*,*,#2696,.T.);
#3568=ORIENTED_EDGE('',*,*,#2697,.T.);
#3569=ORIENTED_EDGE('',*,*,#2698,.F.);
#3570=ORIENTED_EDGE('',*,*,#2692,.F.);
#3571=ORIENTED_EDGE('',*,*,#2679,.F.);
#3572=ORIENTED_EDGE('',*,*,#2681,.F.);
#3573=ORIENTED_EDGE('',*,*,#2683,.F.);
#3574=ORIENTED_EDGE('',*,*,#2685,.F.);
#3575=ORIENTED_EDGE('',*,*,#2687,.F.);
#3576=ORIENTED_EDGE('',*,*,#2689,.F.);
#3577=ORIENTED_EDGE('',*,*,#2691,.F.);
#3578=ORIENTED_EDGE('',*,*,#2665,.F.);
#3579=ORIENTED_EDGE('',*,*,#2652,.F.);
#3580=ORIENTED_EDGE('',*,*,#2654,.F.);
#3581=ORIENTED_EDGE('',*,*,#2656,.F.);
#3582=ORIENTED_EDGE('',*,*,#2658,.F.);
#3583=ORIENTED_EDGE('',*,*,#2660,.F.);
#3584=ORIENTED_EDGE('',*,*,#2662,.F.);
#3585=ORIENTED_EDGE('',*,*,#2664,.F.);
#3586=ORIENTED_EDGE('',*,*,#2699,.F.);
#3587=ORIENTED_EDGE('',*,*,#2700,.F.);
#3588=ORIENTED_EDGE('',*,*,#2701,.F.);
#3589=ORIENTED_EDGE('',*,*,#2702,.F.);
#3590=ORIENTED_EDGE('',*,*,#2703,.F.);
#3591=ORIENTED_EDGE('',*,*,#2704,.F.);
#3592=ORIENTED_EDGE('',*,*,#2705,.F.);
#3593=ORIENTED_EDGE('',*,*,#2706,.F.);
#3594=ORIENTED_EDGE('',*,*,#2707,.F.);
#3595=ORIENTED_EDGE('',*,*,#2708,.F.);
#3596=ORIENTED_EDGE('',*,*,#2709,.F.);
#3597=ORIENTED_EDGE('',*,*,#2710,.F.);
#3598=ORIENTED_EDGE('',*,*,#2711,.F.);
#3599=ORIENTED_EDGE('',*,*,#2609,.T.);
#3600=ORIENTED_EDGE('',*,*,#2712,.F.);
#3601=ORIENTED_EDGE('',*,*,#2713,.F.);
#3602=ORIENTED_EDGE('',*,*,#2714,.F.);
#3603=ORIENTED_EDGE('',*,*,#2713,.T.);
#3604=ORIENTED_EDGE('',*,*,#2715,.F.);
#3605=ORIENTED_EDGE('',*,*,#2716,.F.);
#3606=ORIENTED_EDGE('',*,*,#2717,.F.);
#3607=ORIENTED_EDGE('',*,*,#2716,.T.);
#3608=ORIENTED_EDGE('',*,*,#2718,.F.);
#3609=ORIENTED_EDGE('',*,*,#2719,.F.);
#3610=ORIENTED_EDGE('',*,*,#2720,.F.);
#3611=ORIENTED_EDGE('',*,*,#2719,.T.);
#3612=ORIENTED_EDGE('',*,*,#2721,.F.);
#3613=ORIENTED_EDGE('',*,*,#2722,.F.);
#3614=ORIENTED_EDGE('',*,*,#2723,.F.);
#3615=ORIENTED_EDGE('',*,*,#2722,.T.);
#3616=ORIENTED_EDGE('',*,*,#2724,.F.);
#3617=ORIENTED_EDGE('',*,*,#2725,.F.);
#3618=ORIENTED_EDGE('',*,*,#2726,.F.);
#3619=ORIENTED_EDGE('',*,*,#2725,.T.);
#3620=ORIENTED_EDGE('',*,*,#2727,.F.);
#3621=ORIENTED_EDGE('',*,*,#2621,.F.);
#3622=ORIENTED_EDGE('',*,*,#2728,.F.);
#3623=ORIENTED_EDGE('',*,*,#2714,.T.);
#3624=ORIENTED_EDGE('',*,*,#2729,.F.);
#3625=ORIENTED_EDGE('',*,*,#2700,.T.);
#3626=ORIENTED_EDGE('',*,*,#2729,.T.);
#3627=ORIENTED_EDGE('',*,*,#2717,.T.);
#3628=ORIENTED_EDGE('',*,*,#2730,.F.);
#3629=ORIENTED_EDGE('',*,*,#2701,.T.);
#3630=ORIENTED_EDGE('',*,*,#2730,.T.);
#3631=ORIENTED_EDGE('',*,*,#2720,.T.);
#3632=ORIENTED_EDGE('',*,*,#2731,.F.);
#3633=ORIENTED_EDGE('',*,*,#2702,.T.);
#3634=ORIENTED_EDGE('',*,*,#2731,.T.);
#3635=ORIENTED_EDGE('',*,*,#2723,.T.);
#3636=ORIENTED_EDGE('',*,*,#2732,.F.);
#3637=ORIENTED_EDGE('',*,*,#2703,.T.);
#3638=ORIENTED_EDGE('',*,*,#2732,.T.);
#3639=ORIENTED_EDGE('',*,*,#2726,.T.);
#3640=ORIENTED_EDGE('',*,*,#2733,.F.);
#3641=ORIENTED_EDGE('',*,*,#2704,.T.);
#3642=ORIENTED_EDGE('',*,*,#2733,.T.);
#3643=ORIENTED_EDGE('',*,*,#2620,.T.);
#3644=ORIENTED_EDGE('',*,*,#2734,.F.);
#3645=ORIENTED_EDGE('',*,*,#2705,.T.);
#3646=ORIENTED_EDGE('',*,*,#2734,.T.);
#3647=ORIENTED_EDGE('',*,*,#2594,.T.);
#3648=ORIENTED_EDGE('',*,*,#2735,.F.);
#3649=ORIENTED_EDGE('',*,*,#2706,.T.);
#3650=ORIENTED_EDGE('',*,*,#2735,.T.);
#3651=ORIENTED_EDGE('',*,*,#2598,.T.);
#3652=ORIENTED_EDGE('',*,*,#2736,.F.);
#3653=ORIENTED_EDGE('',*,*,#2707,.T.);
#3654=ORIENTED_EDGE('',*,*,#2736,.T.);
#3655=ORIENTED_EDGE('',*,*,#2601,.T.);
#3656=ORIENTED_EDGE('',*,*,#2737,.F.);
#3657=ORIENTED_EDGE('',*,*,#2708,.T.);
#3658=ORIENTED_EDGE('',*,*,#2737,.T.);
#3659=ORIENTED_EDGE('',*,*,#2604,.T.);
#3660=ORIENTED_EDGE('',*,*,#2738,.F.);
#3661=ORIENTED_EDGE('',*,*,#2709,.T.);
#3662=ORIENTED_EDGE('',*,*,#2738,.T.);
#3663=ORIENTED_EDGE('',*,*,#2607,.T.);
#3664=ORIENTED_EDGE('',*,*,#2739,.F.);
#3665=ORIENTED_EDGE('',*,*,#2710,.T.);
#3666=ORIENTED_EDGE('',*,*,#2728,.T.);
#3667=ORIENTED_EDGE('',*,*,#2699,.T.);
#3668=ORIENTED_EDGE('',*,*,#2739,.T.);
#3669=ORIENTED_EDGE('',*,*,#2711,.T.);
#3670=ORIENTED_EDGE('',*,*,#2740,.F.);
#3671=ORIENTED_EDGE('',*,*,#2741,.F.);
#3672=ORIENTED_EDGE('',*,*,#2742,.F.);
#3673=ORIENTED_EDGE('',*,*,#2743,.F.);
#3674=ORIENTED_EDGE('',*,*,#2744,.F.);
#3675=ORIENTED_EDGE('',*,*,#2745,.F.);
#3676=ORIENTED_EDGE('',*,*,#2746,.F.);
#3677=ORIENTED_EDGE('',*,*,#2747,.F.);
#3678=ORIENTED_EDGE('',*,*,#2748,.F.);
#3679=ORIENTED_EDGE('',*,*,#2749,.F.);
#3680=ORIENTED_EDGE('',*,*,#2750,.F.);
#3681=ORIENTED_EDGE('',*,*,#2751,.F.);
#3682=ORIENTED_EDGE('',*,*,#2441,.F.);
#3683=ORIENTED_EDGE('',*,*,#2752,.F.);
#3684=ORIENTED_EDGE('',*,*,#2753,.F.);
#3685=ORIENTED_EDGE('',*,*,#2754,.F.);
#3686=ORIENTED_EDGE('',*,*,#2755,.F.);
#3687=ORIENTED_EDGE('',*,*,#2756,.F.);
#3688=ORIENTED_EDGE('',*,*,#2757,.F.);
#3689=ORIENTED_EDGE('',*,*,#2758,.F.);
#3690=ORIENTED_EDGE('',*,*,#2439,.F.);
#3691=ORIENTED_EDGE('',*,*,#2759,.F.);
#3692=ORIENTED_EDGE('',*,*,#2760,.F.);
#3693=ORIENTED_EDGE('',*,*,#2761,.F.);
#3694=ORIENTED_EDGE('',*,*,#2762,.F.);
#3695=ORIENTED_EDGE('',*,*,#2763,.F.);
#3696=ORIENTED_EDGE('',*,*,#2764,.F.);
#3697=ORIENTED_EDGE('',*,*,#2765,.F.);
#3698=ORIENTED_EDGE('',*,*,#2766,.T.);
#3699=ORIENTED_EDGE('',*,*,#2530,.T.);
#3700=ORIENTED_EDGE('',*,*,#2767,.T.);
#3701=ORIENTED_EDGE('',*,*,#2768,.T.);
#3702=ORIENTED_EDGE('',*,*,#2440,.F.);
#3703=ORIENTED_EDGE('',*,*,#2765,.T.);
#3704=ORIENTED_EDGE('',*,*,#2769,.T.);
#3705=ORIENTED_EDGE('',*,*,#2752,.T.);
#3706=ORIENTED_EDGE('',*,*,#2770,.T.);
#3707=ORIENTED_EDGE('',*,*,#2771,.F.);
#3708=ORIENTED_EDGE('',*,*,#2760,.T.);
#3709=ORIENTED_EDGE('',*,*,#2772,.T.);
#3710=ORIENTED_EDGE('',*,*,#2528,.T.);
#3711=ORIENTED_EDGE('',*,*,#2773,.T.);
#3712=ORIENTED_EDGE('',*,*,#2764,.T.);
#3713=ORIENTED_EDGE('',*,*,#2774,.F.);
#3714=ORIENTED_EDGE('',*,*,#2775,.T.);
#3715=ORIENTED_EDGE('',*,*,#2776,.F.);
#3716=ORIENTED_EDGE('',*,*,#2438,.F.);
#3717=ORIENTED_EDGE('',*,*,#2777,.T.);
#3718=ORIENTED_EDGE('',*,*,#2778,.T.);
#3719=ORIENTED_EDGE('',*,*,#2759,.T.);
#3720=ORIENTED_EDGE('',*,*,#2772,.F.);
#3721=ORIENTED_EDGE('',*,*,#2778,.F.);
#3722=ORIENTED_EDGE('',*,*,#2779,.F.);
#3723=ORIENTED_EDGE('',*,*,#2780,.F.);
#3724=ORIENTED_EDGE('',*,*,#2781,.F.);
#3725=ORIENTED_EDGE('',*,*,#2767,.F.);
#3726=ORIENTED_EDGE('',*,*,#2782,.F.);
#3727=ORIENTED_EDGE('',*,*,#2769,.F.);
#3728=ORIENTED_EDGE('',*,*,#2773,.F.);
#3729=ORIENTED_EDGE('',*,*,#2766,.F.);
#3730=ORIENTED_EDGE('',*,*,#2783,.F.);
#3731=ORIENTED_EDGE('',*,*,#2784,.F.);
#3732=ORIENTED_EDGE('',*,*,#2785,.F.);
#3733=ORIENTED_EDGE('',*,*,#2590,.F.);
#3734=ORIENTED_EDGE('',*,*,#2786,.F.);
#3735=ORIENTED_EDGE('',*,*,#2745,.T.);
#3736=ORIENTED_EDGE('',*,*,#2746,.T.);
#3737=ORIENTED_EDGE('',*,*,#2786,.T.);
#3738=ORIENTED_EDGE('',*,*,#2589,.T.);
#3739=ORIENTED_EDGE('',*,*,#2787,.T.);
#3740=ORIENTED_EDGE('',*,*,#2788,.F.);
#3741=ORIENTED_EDGE('',*,*,#2747,.T.);
#3742=ORIENTED_EDGE('',*,*,#2787,.F.);
#3743=ORIENTED_EDGE('',*,*,#2588,.F.);
#3744=ORIENTED_EDGE('',*,*,#2748,.T.);
#3745=ORIENTED_EDGE('',*,*,#2788,.T.);
#3746=ORIENTED_EDGE('',*,*,#2587,.T.);
#3747=ORIENTED_EDGE('',*,*,#2789,.T.);
#3748=ORIENTED_EDGE('',*,*,#2790,.F.);
#3749=ORIENTED_EDGE('',*,*,#2749,.T.);
#3750=ORIENTED_EDGE('',*,*,#2789,.F.);
#3751=ORIENTED_EDGE('',*,*,#2586,.F.);
#3752=ORIENTED_EDGE('',*,*,#2750,.T.);
#3753=ORIENTED_EDGE('',*,*,#2790,.T.);
#3754=ORIENTED_EDGE('',*,*,#2593,.T.);
#3755=ORIENTED_EDGE('',*,*,#2791,.T.);
#3756=ORIENTED_EDGE('',*,*,#2792,.F.);
#3757=ORIENTED_EDGE('',*,*,#2751,.T.);
#3758=ORIENTED_EDGE('',*,*,#2791,.F.);
#3759=ORIENTED_EDGE('',*,*,#2592,.F.);
#3760=ORIENTED_EDGE('',*,*,#2744,.T.);
#3761=ORIENTED_EDGE('',*,*,#2792,.T.);
#3762=ORIENTED_EDGE('',*,*,#2591,.T.);
#3763=ORIENTED_EDGE('',*,*,#2785,.T.);
#3764=ORIENTED_EDGE('',*,*,#2793,.F.);
#3765=ORIENTED_EDGE('',*,*,#2794,.T.);
#3766=ORIENTED_EDGE('',*,*,#2743,.T.);
#3767=ORIENTED_EDGE('',*,*,#2795,.F.);
#3768=ORIENTED_EDGE('',*,*,#2796,.F.);
#3769=ORIENTED_EDGE('',*,*,#2795,.T.);
#3770=ORIENTED_EDGE('',*,*,#2742,.T.);
#3771=ORIENTED_EDGE('',*,*,#2797,.F.);
#3772=ORIENTED_EDGE('',*,*,#2798,.F.);
#3773=ORIENTED_EDGE('',*,*,#2797,.T.);
#3774=ORIENTED_EDGE('',*,*,#2741,.T.);
#3775=ORIENTED_EDGE('',*,*,#2799,.F.);
#3776=ORIENTED_EDGE('',*,*,#2800,.T.);
#3777=ORIENTED_EDGE('',*,*,#2801,.F.);
#3778=ORIENTED_EDGE('',*,*,#2802,.T.);
#3779=ORIENTED_EDGE('',*,*,#2803,.T.);
#3780=ORIENTED_EDGE('',*,*,#2804,.T.);
#3781=ORIENTED_EDGE('',*,*,#2793,.T.);
#3782=ORIENTED_EDGE('',*,*,#2805,.F.);
#3783=ORIENTED_EDGE('',*,*,#2796,.T.);
#3784=ORIENTED_EDGE('',*,*,#2806,.F.);
#3785=ORIENTED_EDGE('',*,*,#2807,.T.);
#3786=ORIENTED_EDGE('',*,*,#2805,.T.);
#3787=ORIENTED_EDGE('',*,*,#2798,.T.);
#3788=ORIENTED_EDGE('',*,*,#2808,.T.);
#3789=ORIENTED_EDGE('',*,*,#2809,.F.);
#3790=ORIENTED_EDGE('',*,*,#2810,.T.);
#3791=ORIENTED_EDGE('',*,*,#2811,.F.);
#3792=ORIENTED_EDGE('',*,*,#2812,.T.);
#3793=ORIENTED_EDGE('',*,*,#2806,.T.);
#3794=ORIENTED_EDGE('',*,*,#2813,.F.);
#3795=ORIENTED_EDGE('',*,*,#2808,.F.);
#3796=ORIENTED_EDGE('',*,*,#2799,.T.);
#3797=ORIENTED_EDGE('',*,*,#2740,.T.);
#3798=ORIENTED_EDGE('',*,*,#2794,.F.);
#3799=ORIENTED_EDGE('',*,*,#2804,.F.);
#3800=ORIENTED_EDGE('',*,*,#2803,.F.);
#3801=ORIENTED_EDGE('',*,*,#2814,.T.);
#3802=ORIENTED_EDGE('',*,*,#2809,.T.);
#3803=ORIENTED_EDGE('',*,*,#2813,.T.);
#3804=ORIENTED_EDGE('',*,*,#2815,.F.);
#3805=ORIENTED_EDGE('',*,*,#2816,.F.);
#3806=ORIENTED_EDGE('',*,*,#2695,.T.);
#3807=ORIENTED_EDGE('',*,*,#2817,.F.);
#3808=ORIENTED_EDGE('',*,*,#2818,.F.);
#3809=ORIENTED_EDGE('',*,*,#2817,.T.);
#3810=ORIENTED_EDGE('',*,*,#2694,.T.);
#3811=ORIENTED_EDGE('',*,*,#2819,.F.);
#3812=ORIENTED_EDGE('',*,*,#2820,.F.);
#3813=ORIENTED_EDGE('',*,*,#2821,.F.);
#3814=ORIENTED_EDGE('',*,*,#2819,.T.);
#3815=ORIENTED_EDGE('',*,*,#2693,.T.);
#3816=ORIENTED_EDGE('',*,*,#2761,.T.);
#3817=ORIENTED_EDGE('',*,*,#2822,.F.);
#3818=ORIENTED_EDGE('',*,*,#2815,.T.);
#3819=ORIENTED_EDGE('',*,*,#2823,.F.);
#3820=ORIENTED_EDGE('',*,*,#2696,.F.);
#3821=ORIENTED_EDGE('',*,*,#2816,.T.);
#3822=ORIENTED_EDGE('',*,*,#2822,.T.);
#3823=ORIENTED_EDGE('',*,*,#2771,.T.);
#3824=ORIENTED_EDGE('',*,*,#2770,.F.);
#3825=ORIENTED_EDGE('',*,*,#2824,.T.);
#3826=ORIENTED_EDGE('',*,*,#2774,.T.);
#3827=ORIENTED_EDGE('',*,*,#2825,.F.);
#3828=ORIENTED_EDGE('',*,*,#2820,.T.);
#3829=ORIENTED_EDGE('',*,*,#2698,.T.);
#3830=ORIENTED_EDGE('',*,*,#2826,.F.);
#3831=ORIENTED_EDGE('',*,*,#2775,.F.);
#3832=ORIENTED_EDGE('',*,*,#2821,.T.);
#3833=ORIENTED_EDGE('',*,*,#2825,.T.);
#3834=ORIENTED_EDGE('',*,*,#2763,.T.);
#3835=ORIENTED_EDGE('',*,*,#2827,.F.);
#3836=ORIENTED_EDGE('',*,*,#2818,.T.);
#3837=ORIENTED_EDGE('',*,*,#2827,.T.);
#3838=ORIENTED_EDGE('',*,*,#2762,.T.);
#3839=ORIENTED_EDGE('',*,*,#2823,.T.);
#3840=ORIENTED_EDGE('',*,*,#2824,.F.);
#3841=ORIENTED_EDGE('',*,*,#2776,.T.);
#3842=ORIENTED_EDGE('',*,*,#2826,.T.);
#3843=ORIENTED_EDGE('',*,*,#2697,.F.);
#3844=ORIENTED_EDGE('',*,*,#2828,.T.);
#3845=ORIENTED_EDGE('',*,*,#2829,.F.);
#3846=ORIENTED_EDGE('',*,*,#2830,.F.);
#3847=ORIENTED_EDGE('',*,*,#2831,.F.);
#3848=ORIENTED_EDGE('',*,*,#2832,.F.);
#3849=ORIENTED_EDGE('',*,*,#2833,.T.);
#3850=ORIENTED_EDGE('',*,*,#2834,.F.);
#3851=ORIENTED_EDGE('',*,*,#2835,.F.);
#3852=ORIENTED_EDGE('',*,*,#2836,.F.);
#3853=ORIENTED_EDGE('',*,*,#2837,.F.);
#3854=ORIENTED_EDGE('',*,*,#2838,.F.);
#3855=ORIENTED_EDGE('',*,*,#2839,.F.);
#3856=ORIENTED_EDGE('',*,*,#2840,.F.);
#3857=ORIENTED_EDGE('',*,*,#2841,.F.);
#3858=ORIENTED_EDGE('',*,*,#2842,.F.);
#3859=ORIENTED_EDGE('',*,*,#2843,.T.);
#3860=ORIENTED_EDGE('',*,*,#2828,.F.);
#3861=ORIENTED_EDGE('',*,*,#2844,.F.);
#3862=ORIENTED_EDGE('',*,*,#2845,.T.);
#3863=ORIENTED_EDGE('',*,*,#2846,.F.);
#3864=ORIENTED_EDGE('',*,*,#2847,.F.);
#3865=ORIENTED_EDGE('',*,*,#2848,.F.);
#3866=ORIENTED_EDGE('',*,*,#2849,.F.);
#3867=ORIENTED_EDGE('',*,*,#2850,.T.);
#3868=ORIENTED_EDGE('',*,*,#2851,.F.);
#3869=ORIENTED_EDGE('',*,*,#2852,.F.);
#3870=ORIENTED_EDGE('',*,*,#2853,.F.);
#3871=ORIENTED_EDGE('',*,*,#2854,.F.);
#3872=ORIENTED_EDGE('',*,*,#2855,.F.);
#3873=ORIENTED_EDGE('',*,*,#2856,.F.);
#3874=ORIENTED_EDGE('',*,*,#2857,.F.);
#3875=ORIENTED_EDGE('',*,*,#2858,.F.);
#3876=ORIENTED_EDGE('',*,*,#2859,.F.);
#3877=ORIENTED_EDGE('',*,*,#2860,.T.);
#3878=ORIENTED_EDGE('',*,*,#2845,.F.);
#3879=ORIENTED_EDGE('',*,*,#2861,.F.);
#3880=ORIENTED_EDGE('',*,*,#2862,.F.);
#3881=ORIENTED_EDGE('',*,*,#2863,.F.);
#3882=ORIENTED_EDGE('',*,*,#2849,.T.);
#3883=ORIENTED_EDGE('',*,*,#2864,.F.);
#3884=ORIENTED_EDGE('',*,*,#2865,.F.);
#3885=ORIENTED_EDGE('',*,*,#2864,.T.);
#3886=ORIENTED_EDGE('',*,*,#2848,.T.);
#3887=ORIENTED_EDGE('',*,*,#2866,.F.);
#3888=ORIENTED_EDGE('',*,*,#2867,.F.);
#3889=ORIENTED_EDGE('',*,*,#2868,.F.);
#3890=ORIENTED_EDGE('',*,*,#2866,.T.);
#3891=ORIENTED_EDGE('',*,*,#2847,.T.);
#3892=ORIENTED_EDGE('',*,*,#2869,.T.);
#3893=ORIENTED_EDGE('',*,*,#2870,.F.);
#3894=ORIENTED_EDGE('',*,*,#2862,.T.);
#3895=ORIENTED_EDGE('',*,*,#2871,.F.);
#3896=ORIENTED_EDGE('',*,*,#2850,.F.);
#3897=ORIENTED_EDGE('',*,*,#2863,.T.);
#3898=ORIENTED_EDGE('',*,*,#2870,.T.);
#3899=ORIENTED_EDGE('',*,*,#2872,.T.);
#3900=ORIENTED_EDGE('',*,*,#2873,.F.);
#3901=ORIENTED_EDGE('',*,*,#2874,.F.);
#3902=ORIENTED_EDGE('',*,*,#2861,.T.);
#3903=ORIENTED_EDGE('',*,*,#2865,.T.);
#3904=ORIENTED_EDGE('',*,*,#2875,.F.);
#3905=ORIENTED_EDGE('',*,*,#2876,.T.);
#3906=ORIENTED_EDGE('',*,*,#2871,.T.);
#3907=ORIENTED_EDGE('',*,*,#2877,.T.);
#3908=ORIENTED_EDGE('',*,*,#2878,.F.);
#3909=ORIENTED_EDGE('',*,*,#2867,.T.);
#3910=ORIENTED_EDGE('',*,*,#2846,.T.);
#3911=ORIENTED_EDGE('',*,*,#2860,.F.);
#3912=ORIENTED_EDGE('',*,*,#2879,.F.);
#3913=ORIENTED_EDGE('',*,*,#2880,.F.);
#3914=ORIENTED_EDGE('',*,*,#2868,.T.);
#3915=ORIENTED_EDGE('',*,*,#2878,.T.);
#3916=ORIENTED_EDGE('',*,*,#2881,.T.);
#3917=ORIENTED_EDGE('',*,*,#2875,.T.);
#3918=ORIENTED_EDGE('',*,*,#2882,.F.);
#3919=ORIENTED_EDGE('',*,*,#2883,.F.);
#3920=ORIENTED_EDGE('',*,*,#2832,.T.);
#3921=ORIENTED_EDGE('',*,*,#2884,.F.);
#3922=ORIENTED_EDGE('',*,*,#2885,.F.);
#3923=ORIENTED_EDGE('',*,*,#2884,.T.);
#3924=ORIENTED_EDGE('',*,*,#2831,.T.);
#3925=ORIENTED_EDGE('',*,*,#2886,.F.);
#3926=ORIENTED_EDGE('',*,*,#2887,.F.);
#3927=ORIENTED_EDGE('',*,*,#2888,.F.);
#3928=ORIENTED_EDGE('',*,*,#2886,.T.);
#3929=ORIENTED_EDGE('',*,*,#2830,.T.);
#3930=ORIENTED_EDGE('',*,*,#2889,.T.);
#3931=ORIENTED_EDGE('',*,*,#2890,.F.);
#3932=ORIENTED_EDGE('',*,*,#2882,.T.);
#3933=ORIENTED_EDGE('',*,*,#2891,.F.);
#3934=ORIENTED_EDGE('',*,*,#2833,.F.);
#3935=ORIENTED_EDGE('',*,*,#2883,.T.);
#3936=ORIENTED_EDGE('',*,*,#2890,.T.);
#3937=ORIENTED_EDGE('',*,*,#2892,.T.);
#3938=ORIENTED_EDGE('',*,*,#2893,.F.);
#3939=ORIENTED_EDGE('',*,*,#2894,.F.);
#3940=ORIENTED_EDGE('',*,*,#2844,.T.);
#3941=ORIENTED_EDGE('',*,*,#2885,.T.);
#3942=ORIENTED_EDGE('',*,*,#2895,.F.);
#3943=ORIENTED_EDGE('',*,*,#2896,.T.);
#3944=ORIENTED_EDGE('',*,*,#2891,.T.);
#3945=ORIENTED_EDGE('',*,*,#2897,.T.);
#3946=ORIENTED_EDGE('',*,*,#2898,.F.);
#3947=ORIENTED_EDGE('',*,*,#2887,.T.);
#3948=ORIENTED_EDGE('',*,*,#2829,.T.);
#3949=ORIENTED_EDGE('',*,*,#2843,.F.);
#3950=ORIENTED_EDGE('',*,*,#2899,.F.);
#3951=ORIENTED_EDGE('',*,*,#2900,.F.);
#3952=ORIENTED_EDGE('',*,*,#2888,.T.);
#3953=ORIENTED_EDGE('',*,*,#2898,.T.);
#3954=ORIENTED_EDGE('',*,*,#2901,.T.);
#3955=ORIENTED_EDGE('',*,*,#2895,.T.);
#3956=ORIENTED_EDGE('',*,*,#2874,.T.);
#3957=ORIENTED_EDGE('',*,*,#2902,.T.);
#3958=ORIENTED_EDGE('',*,*,#2879,.T.);
#3959=ORIENTED_EDGE('',*,*,#2859,.T.);
#3960=ORIENTED_EDGE('',*,*,#2900,.T.);
#3961=ORIENTED_EDGE('',*,*,#2903,.F.);
#3962=ORIENTED_EDGE('',*,*,#2893,.T.);
#3963=ORIENTED_EDGE('',*,*,#2892,.F.);
#3964=ORIENTED_EDGE('',*,*,#2904,.T.);
#3965=ORIENTED_EDGE('',*,*,#2780,.T.);
#3966=ORIENTED_EDGE('',*,*,#2529,.T.);
#3967=ORIENTED_EDGE('',*,*,#2779,.T.);
#3968=ORIENTED_EDGE('',*,*,#2905,.T.);
#3969=ORIENTED_EDGE('',*,*,#2810,.F.);
#3970=ORIENTED_EDGE('',*,*,#2814,.F.);
#3971=ORIENTED_EDGE('',*,*,#2802,.F.);
#3972=ORIENTED_EDGE('',*,*,#2906,.T.);
#3973=ORIENTED_EDGE('',*,*,#2877,.F.);
#3974=ORIENTED_EDGE('',*,*,#2880,.T.);
#3975=ORIENTED_EDGE('',*,*,#2902,.F.);
#3976=ORIENTED_EDGE('',*,*,#2873,.T.);
#3977=ORIENTED_EDGE('',*,*,#2872,.F.);
#3978=ORIENTED_EDGE('',*,*,#2907,.T.);
#3979=ORIENTED_EDGE('',*,*,#2897,.F.);
#3980=ORIENTED_EDGE('',*,*,#2894,.T.);
#3981=ORIENTED_EDGE('',*,*,#2903,.T.);
#3982=ORIENTED_EDGE('',*,*,#2899,.T.);
#3983=ORIENTED_EDGE('',*,*,#2842,.T.);
#3984=ORIENTED_EDGE('',*,*,#2908,.F.);
#3985=ORIENTED_EDGE('',*,*,#2572,.F.);
#3986=ORIENTED_EDGE('',*,*,#2909,.F.);
#3987=ORIENTED_EDGE('',*,*,#2854,.T.);
#3988=ORIENTED_EDGE('',*,*,#2855,.T.);
#3989=ORIENTED_EDGE('',*,*,#2909,.T.);
#3990=ORIENTED_EDGE('',*,*,#2571,.T.);
#3991=ORIENTED_EDGE('',*,*,#2910,.T.);
#3992=ORIENTED_EDGE('',*,*,#2911,.F.);
#3993=ORIENTED_EDGE('',*,*,#2576,.F.);
#3994=ORIENTED_EDGE('',*,*,#2912,.F.);
#3995=ORIENTED_EDGE('',*,*,#2858,.T.);
#3996=ORIENTED_EDGE('',*,*,#2851,.T.);
#3997=ORIENTED_EDGE('',*,*,#2912,.T.);
#3998=ORIENTED_EDGE('',*,*,#2575,.T.);
#3999=ORIENTED_EDGE('',*,*,#2913,.T.);
#4000=ORIENTED_EDGE('',*,*,#2914,.F.);
#4001=ORIENTED_EDGE('',*,*,#2856,.T.);
#4002=ORIENTED_EDGE('',*,*,#2910,.F.);
#4003=ORIENTED_EDGE('',*,*,#2570,.F.);
#4004=ORIENTED_EDGE('',*,*,#2857,.T.);
#4005=ORIENTED_EDGE('',*,*,#2914,.T.);
#4006=ORIENTED_EDGE('',*,*,#2577,.T.);
#4007=ORIENTED_EDGE('',*,*,#2911,.T.);
#4008=ORIENTED_EDGE('',*,*,#2915,.F.);
#4009=ORIENTED_EDGE('',*,*,#2852,.T.);
#4010=ORIENTED_EDGE('',*,*,#2913,.F.);
#4011=ORIENTED_EDGE('',*,*,#2574,.F.);
#4012=ORIENTED_EDGE('',*,*,#2853,.T.);
#4013=ORIENTED_EDGE('',*,*,#2915,.T.);
#4014=ORIENTED_EDGE('',*,*,#2573,.T.);
#4015=ORIENTED_EDGE('',*,*,#2908,.T.);
#4016=ORIENTED_EDGE('',*,*,#2916,.F.);
#4017=ORIENTED_EDGE('',*,*,#2578,.F.);
#4018=ORIENTED_EDGE('',*,*,#2917,.F.);
#4019=ORIENTED_EDGE('',*,*,#2839,.T.);
#4020=ORIENTED_EDGE('',*,*,#2840,.T.);
#4021=ORIENTED_EDGE('',*,*,#2917,.T.);
#4022=ORIENTED_EDGE('',*,*,#2585,.T.);
#4023=ORIENTED_EDGE('',*,*,#2918,.T.);
#4024=ORIENTED_EDGE('',*,*,#2919,.F.);
#4025=ORIENTED_EDGE('',*,*,#2841,.T.);
#4026=ORIENTED_EDGE('',*,*,#2918,.F.);
#4027=ORIENTED_EDGE('',*,*,#2584,.F.);
#4028=ORIENTED_EDGE('',*,*,#2834,.T.);
#4029=ORIENTED_EDGE('',*,*,#2919,.T.);
#4030=ORIENTED_EDGE('',*,*,#2583,.T.);
#4031=ORIENTED_EDGE('',*,*,#2920,.T.);
#4032=ORIENTED_EDGE('',*,*,#2921,.F.);
#4033=ORIENTED_EDGE('',*,*,#2580,.F.);
#4034=ORIENTED_EDGE('',*,*,#2922,.F.);
#4035=ORIENTED_EDGE('',*,*,#2837,.T.);
#4036=ORIENTED_EDGE('',*,*,#2838,.T.);
#4037=ORIENTED_EDGE('',*,*,#2922,.T.);
#4038=ORIENTED_EDGE('',*,*,#2579,.T.);
#4039=ORIENTED_EDGE('',*,*,#2916,.T.);
#4040=ORIENTED_EDGE('',*,*,#2923,.F.);
#4041=ORIENTED_EDGE('',*,*,#2835,.T.);
#4042=ORIENTED_EDGE('',*,*,#2920,.F.);
#4043=ORIENTED_EDGE('',*,*,#2582,.F.);
#4044=ORIENTED_EDGE('',*,*,#2836,.T.);
#4045=ORIENTED_EDGE('',*,*,#2923,.T.);
#4046=ORIENTED_EDGE('',*,*,#2581,.T.);
#4047=ORIENTED_EDGE('',*,*,#2921,.T.);
#4048=ORIENTED_EDGE('',*,*,#2924,.T.);
#4049=ORIENTED_EDGE('',*,*,#2925,.T.);
#4050=ORIENTED_EDGE('',*,*,#2926,.F.);
#4051=ORIENTED_EDGE('',*,*,#2927,.F.);
#4052=ORIENTED_EDGE('',*,*,#2928,.T.);
#4053=ORIENTED_EDGE('',*,*,#2927,.T.);
#4054=ORIENTED_EDGE('',*,*,#2929,.F.);
#4055=ORIENTED_EDGE('',*,*,#2930,.F.);
#4056=ORIENTED_EDGE('',*,*,#2931,.T.);
#4057=ORIENTED_EDGE('',*,*,#2930,.T.);
#4058=ORIENTED_EDGE('',*,*,#2932,.F.);
#4059=ORIENTED_EDGE('',*,*,#2933,.F.);
#4060=ORIENTED_EDGE('',*,*,#2934,.T.);
#4061=ORIENTED_EDGE('',*,*,#2933,.T.);
#4062=ORIENTED_EDGE('',*,*,#2935,.F.);
#4063=ORIENTED_EDGE('',*,*,#2925,.F.);
#4064=ORIENTED_EDGE('',*,*,#2936,.T.);
#4065=ORIENTED_EDGE('',*,*,#2937,.F.);
#4066=ORIENTED_EDGE('',*,*,#2938,.F.);
#4067=ORIENTED_EDGE('',*,*,#2939,.F.);
#4068=ORIENTED_EDGE('',*,*,#2940,.F.);
#4069=ORIENTED_EDGE('',*,*,#2941,.T.);
#4070=ORIENTED_EDGE('',*,*,#2934,.F.);
#4071=ORIENTED_EDGE('',*,*,#2924,.F.);
#4072=ORIENTED_EDGE('',*,*,#2928,.F.);
#4073=ORIENTED_EDGE('',*,*,#2931,.F.);
#4074=ORIENTED_EDGE('',*,*,#2449,.F.);
#4075=ORIENTED_EDGE('',*,*,#2942,.T.);
#4076=ORIENTED_EDGE('',*,*,#2943,.T.);
#4077=ORIENTED_EDGE('',*,*,#2944,.T.);
#4078=ORIENTED_EDGE('',*,*,#2932,.T.);
#4079=ORIENTED_EDGE('',*,*,#2929,.T.);
#4080=ORIENTED_EDGE('',*,*,#2926,.T.);
#4081=ORIENTED_EDGE('',*,*,#2935,.T.);
#4082=ORIENTED_EDGE('',*,*,#2508,.F.);
#4083=ORIENTED_EDGE('',*,*,#2945,.T.);
#4084=ORIENTED_EDGE('',*,*,#2943,.F.);
#4085=ORIENTED_EDGE('',*,*,#2946,.F.);
#4086=ORIENTED_EDGE('',*,*,#2448,.F.);
#4087=ORIENTED_EDGE('',*,*,#2509,.F.);
#4088=ORIENTED_EDGE('',*,*,#2946,.T.);
#4089=ORIENTED_EDGE('',*,*,#2942,.F.);
#4090=ORIENTED_EDGE('',*,*,#2450,.F.);
#4091=ORIENTED_EDGE('',*,*,#2944,.F.);
#4092=ORIENTED_EDGE('',*,*,#2945,.F.);
#4093=ORIENTED_EDGE('',*,*,#2507,.F.);
#4094=ORIENTED_EDGE('',*,*,#2947,.F.);
#4095=ORIENTED_EDGE('',*,*,#2948,.F.);
#4096=ORIENTED_EDGE('',*,*,#2940,.T.);
#4097=ORIENTED_EDGE('',*,*,#2949,.F.);
#4098=ORIENTED_EDGE('',*,*,#2950,.F.);
#4099=ORIENTED_EDGE('',*,*,#2949,.T.);
#4100=ORIENTED_EDGE('',*,*,#2939,.T.);
#4101=ORIENTED_EDGE('',*,*,#2951,.F.);
#4102=ORIENTED_EDGE('',*,*,#2952,.F.);
#4103=ORIENTED_EDGE('',*,*,#2953,.F.);
#4104=ORIENTED_EDGE('',*,*,#2951,.T.);
#4105=ORIENTED_EDGE('',*,*,#2938,.T.);
#4106=ORIENTED_EDGE('',*,*,#2954,.F.);
#4107=ORIENTED_EDGE('',*,*,#2955,.F.);
#4108=ORIENTED_EDGE('',*,*,#2952,.T.);
#4109=ORIENTED_EDGE('',*,*,#2937,.T.);
#4110=ORIENTED_EDGE('',*,*,#2956,.F.);
#4111=ORIENTED_EDGE('',*,*,#2524,.T.);
#4112=ORIENTED_EDGE('',*,*,#2957,.F.);
#4113=ORIENTED_EDGE('',*,*,#2947,.T.);
#4114=ORIENTED_EDGE('',*,*,#2958,.F.);
#4115=ORIENTED_EDGE('',*,*,#2941,.F.);
#4116=ORIENTED_EDGE('',*,*,#2948,.T.);
#4117=ORIENTED_EDGE('',*,*,#2957,.T.);
#4118=ORIENTED_EDGE('',*,*,#2959,.T.);
#4119=ORIENTED_EDGE('',*,*,#2960,.T.);
#4120=ORIENTED_EDGE('',*,*,#2525,.T.);
#4121=ORIENTED_EDGE('',*,*,#2958,.T.);
#4122=ORIENTED_EDGE('',*,*,#2950,.T.);
#4123=ORIENTED_EDGE('',*,*,#2961,.F.);
#4124=ORIENTED_EDGE('',*,*,#2953,.T.);
#4125=ORIENTED_EDGE('',*,*,#2955,.T.);
#4126=ORIENTED_EDGE('',*,*,#2526,.T.);
#4127=ORIENTED_EDGE('',*,*,#2961,.T.);
#4128=ORIENTED_EDGE('',*,*,#2954,.T.);
#4129=ORIENTED_EDGE('',*,*,#2753,.T.);
#4130=ORIENTED_EDGE('',*,*,#2782,.T.);
#4131=ORIENTED_EDGE('',*,*,#2527,.T.);
#4132=ORIENTED_EDGE('',*,*,#2956,.T.);
#4133=ORIENTED_EDGE('',*,*,#2936,.F.);
#4134=ORIENTED_EDGE('',*,*,#2960,.F.);
#4135=ORIENTED_EDGE('',*,*,#2754,.T.);
#4136=ORIENTED_EDGE('',*,*,#2962,.F.);
#4137=ORIENTED_EDGE('',*,*,#2963,.T.);
#4138=ORIENTED_EDGE('',*,*,#2964,.F.);
#4139=ORIENTED_EDGE('',*,*,#2965,.F.);
#4140=ORIENTED_EDGE('',*,*,#2966,.F.);
#4141=ORIENTED_EDGE('',*,*,#2965,.T.);
#4142=ORIENTED_EDGE('',*,*,#2967,.F.);
#4143=ORIENTED_EDGE('',*,*,#2968,.F.);
#4144=ORIENTED_EDGE('',*,*,#2969,.F.);
#4145=ORIENTED_EDGE('',*,*,#2968,.T.);
#4146=ORIENTED_EDGE('',*,*,#2970,.F.);
#4147=ORIENTED_EDGE('',*,*,#2971,.F.);
#4148=ORIENTED_EDGE('',*,*,#2972,.F.);
#4149=ORIENTED_EDGE('',*,*,#2971,.T.);
#4150=ORIENTED_EDGE('',*,*,#2973,.F.);
#4151=ORIENTED_EDGE('',*,*,#2974,.F.);
#4152=ORIENTED_EDGE('',*,*,#2975,.F.);
#4153=ORIENTED_EDGE('',*,*,#2976,.T.);
#4154=ORIENTED_EDGE('',*,*,#2977,.F.);
#4155=ORIENTED_EDGE('',*,*,#2978,.F.);
#4156=ORIENTED_EDGE('',*,*,#2483,.T.);
#4157=ORIENTED_EDGE('',*,*,#2979,.T.);
#4158=ORIENTED_EDGE('',*,*,#2980,.T.);
#4159=ORIENTED_EDGE('',*,*,#2981,.T.);
#4160=ORIENTED_EDGE('',*,*,#2445,.F.);
#4161=ORIENTED_EDGE('',*,*,#2514,.T.);
#4162=ORIENTED_EDGE('',*,*,#2982,.T.);
#4163=ORIENTED_EDGE('',*,*,#2973,.T.);
#4164=ORIENTED_EDGE('',*,*,#2970,.T.);
#4165=ORIENTED_EDGE('',*,*,#2967,.T.);
#4166=ORIENTED_EDGE('',*,*,#2964,.T.);
#4167=ORIENTED_EDGE('',*,*,#2983,.T.);
#4168=ORIENTED_EDGE('',*,*,#2984,.T.);
#4169=ORIENTED_EDGE('',*,*,#2985,.T.);
#4170=ORIENTED_EDGE('',*,*,#2986,.T.);
#4171=ORIENTED_EDGE('',*,*,#2977,.T.);
#4172=ORIENTED_EDGE('',*,*,#2987,.T.);
#4173=ORIENTED_EDGE('',*,*,#2988,.T.);
#4174=ORIENTED_EDGE('',*,*,#2989,.T.);
#4175=ORIENTED_EDGE('',*,*,#2990,.T.);
#4176=ORIENTED_EDGE('',*,*,#2991,.T.);
#4177=ORIENTED_EDGE('',*,*,#2992,.T.);
#4178=ORIENTED_EDGE('',*,*,#2482,.T.);
#4179=ORIENTED_EDGE('',*,*,#2512,.F.);
#4180=ORIENTED_EDGE('',*,*,#2993,.T.);
#4181=ORIENTED_EDGE('',*,*,#2979,.F.);
#4182=ORIENTED_EDGE('',*,*,#2511,.F.);
#4183=ORIENTED_EDGE('',*,*,#2994,.T.);
#4184=ORIENTED_EDGE('',*,*,#2980,.F.);
#4185=ORIENTED_EDGE('',*,*,#2993,.F.);
#4186=ORIENTED_EDGE('',*,*,#2446,.F.);
#4187=ORIENTED_EDGE('',*,*,#2981,.F.);
#4188=ORIENTED_EDGE('',*,*,#2994,.F.);
#4189=ORIENTED_EDGE('',*,*,#2510,.F.);
#4190=ORIENTED_EDGE('',*,*,#2995,.F.);
#4191=ORIENTED_EDGE('',*,*,#2978,.T.);
#4192=ORIENTED_EDGE('',*,*,#2986,.F.);
#4193=ORIENTED_EDGE('',*,*,#2996,.F.);
#4194=ORIENTED_EDGE('',*,*,#2997,.F.);
#4195=ORIENTED_EDGE('',*,*,#2996,.T.);
#4196=ORIENTED_EDGE('',*,*,#2992,.F.);
#4197=ORIENTED_EDGE('',*,*,#2998,.F.);
#4198=ORIENTED_EDGE('',*,*,#2999,.F.);
#4199=ORIENTED_EDGE('',*,*,#2998,.T.);
#4200=ORIENTED_EDGE('',*,*,#2991,.F.);
#4201=ORIENTED_EDGE('',*,*,#3000,.F.);
#4202=ORIENTED_EDGE('',*,*,#3001,.F.);
#4203=ORIENTED_EDGE('',*,*,#2974,.T.);
#4204=ORIENTED_EDGE('',*,*,#2982,.F.);
#4205=ORIENTED_EDGE('',*,*,#3002,.F.);
#4206=ORIENTED_EDGE('',*,*,#3003,.F.);
#4207=ORIENTED_EDGE('',*,*,#3002,.T.);
#4208=ORIENTED_EDGE('',*,*,#2985,.F.);
#4209=ORIENTED_EDGE('',*,*,#3004,.F.);
#4210=ORIENTED_EDGE('',*,*,#3005,.F.);
#4211=ORIENTED_EDGE('',*,*,#3004,.T.);
#4212=ORIENTED_EDGE('',*,*,#2984,.F.);
#4213=ORIENTED_EDGE('',*,*,#3006,.F.);
#4214=ORIENTED_EDGE('',*,*,#3007,.F.);
#4215=ORIENTED_EDGE('',*,*,#3006,.T.);
#4216=ORIENTED_EDGE('',*,*,#2983,.F.);
#4217=ORIENTED_EDGE('',*,*,#2963,.F.);
#4218=ORIENTED_EDGE('',*,*,#3008,.F.);
#4219=ORIENTED_EDGE('',*,*,#3003,.T.);
#4220=ORIENTED_EDGE('',*,*,#3009,.F.);
#4221=ORIENTED_EDGE('',*,*,#3010,.T.);
#4222=ORIENTED_EDGE('',*,*,#3009,.T.);
#4223=ORIENTED_EDGE('',*,*,#3005,.T.);
#4224=ORIENTED_EDGE('',*,*,#3011,.F.);
#4225=ORIENTED_EDGE('',*,*,#3012,.T.);
#4226=ORIENTED_EDGE('',*,*,#3011,.T.);
#4227=ORIENTED_EDGE('',*,*,#3007,.T.);
#4228=ORIENTED_EDGE('',*,*,#3013,.F.);
#4229=ORIENTED_EDGE('',*,*,#3014,.T.);
#4230=ORIENTED_EDGE('',*,*,#2489,.T.);
#4231=ORIENTED_EDGE('',*,*,#3015,.T.);
#4232=ORIENTED_EDGE('',*,*,#3013,.T.);
#4233=ORIENTED_EDGE('',*,*,#2962,.T.);
#4234=ORIENTED_EDGE('',*,*,#3016,.F.);
#4235=ORIENTED_EDGE('',*,*,#2490,.T.);
#4236=ORIENTED_EDGE('',*,*,#3016,.T.);
#4237=ORIENTED_EDGE('',*,*,#2966,.T.);
#4238=ORIENTED_EDGE('',*,*,#3017,.F.);
#4239=ORIENTED_EDGE('',*,*,#3018,.T.);
#4240=ORIENTED_EDGE('',*,*,#3017,.T.);
#4241=ORIENTED_EDGE('',*,*,#2969,.T.);
#4242=ORIENTED_EDGE('',*,*,#3019,.F.);
#4243=ORIENTED_EDGE('',*,*,#3020,.T.);
#4244=ORIENTED_EDGE('',*,*,#3019,.T.);
#4245=ORIENTED_EDGE('',*,*,#2972,.T.);
#4246=ORIENTED_EDGE('',*,*,#3021,.F.);
#4247=ORIENTED_EDGE('',*,*,#3022,.T.);
#4248=ORIENTED_EDGE('',*,*,#3008,.T.);
#4249=ORIENTED_EDGE('',*,*,#3023,.T.);
#4250=ORIENTED_EDGE('',*,*,#3021,.T.);
#4251=ORIENTED_EDGE('',*,*,#3001,.T.);
#4252=ORIENTED_EDGE('',*,*,#3024,.F.);
#4253=ORIENTED_EDGE('',*,*,#3000,.T.);
#4254=ORIENTED_EDGE('',*,*,#2990,.F.);
#4255=ORIENTED_EDGE('',*,*,#3025,.F.);
#4256=ORIENTED_EDGE('',*,*,#3026,.F.);
#4257=ORIENTED_EDGE('',*,*,#3025,.T.);
#4258=ORIENTED_EDGE('',*,*,#2989,.F.);
#4259=ORIENTED_EDGE('',*,*,#3027,.F.);
#4260=ORIENTED_EDGE('',*,*,#3028,.F.);
#4261=ORIENTED_EDGE('',*,*,#3027,.T.);
#4262=ORIENTED_EDGE('',*,*,#2988,.F.);
#4263=ORIENTED_EDGE('',*,*,#3029,.F.);
#4264=ORIENTED_EDGE('',*,*,#3030,.F.);
#4265=ORIENTED_EDGE('',*,*,#3029,.T.);
#4266=ORIENTED_EDGE('',*,*,#2987,.F.);
#4267=ORIENTED_EDGE('',*,*,#2976,.F.);
#4268=ORIENTED_EDGE('',*,*,#3031,.F.);
#4269=ORIENTED_EDGE('',*,*,#3026,.T.);
#4270=ORIENTED_EDGE('',*,*,#3032,.F.);
#4271=ORIENTED_EDGE('',*,*,#3033,.T.);
#4272=ORIENTED_EDGE('',*,*,#3032,.T.);
#4273=ORIENTED_EDGE('',*,*,#3028,.T.);
#4274=ORIENTED_EDGE('',*,*,#3034,.F.);
#4275=ORIENTED_EDGE('',*,*,#3035,.T.);
#4276=ORIENTED_EDGE('',*,*,#3034,.T.);
#4277=ORIENTED_EDGE('',*,*,#3030,.T.);
#4278=ORIENTED_EDGE('',*,*,#3036,.F.);
#4279=ORIENTED_EDGE('',*,*,#3037,.T.);
#4280=ORIENTED_EDGE('',*,*,#3036,.T.);
#4281=ORIENTED_EDGE('',*,*,#2975,.T.);
#4282=ORIENTED_EDGE('',*,*,#3038,.F.);
#4283=ORIENTED_EDGE('',*,*,#3039,.T.);
#4284=ORIENTED_EDGE('',*,*,#3038,.T.);
#4285=ORIENTED_EDGE('',*,*,#2995,.T.);
#4286=ORIENTED_EDGE('',*,*,#3040,.F.);
#4287=ORIENTED_EDGE('',*,*,#3041,.T.);
#4288=ORIENTED_EDGE('',*,*,#3040,.T.);
#4289=ORIENTED_EDGE('',*,*,#2997,.T.);
#4290=ORIENTED_EDGE('',*,*,#3042,.F.);
#4291=ORIENTED_EDGE('',*,*,#3043,.T.);
#4292=ORIENTED_EDGE('',*,*,#3042,.T.);
#4293=ORIENTED_EDGE('',*,*,#2999,.T.);
#4294=ORIENTED_EDGE('',*,*,#3044,.F.);
#4295=ORIENTED_EDGE('',*,*,#3045,.T.);
#4296=ORIENTED_EDGE('',*,*,#3031,.T.);
#4297=ORIENTED_EDGE('',*,*,#3046,.T.);
#4298=ORIENTED_EDGE('',*,*,#3044,.T.);
#4299=ORIENTED_EDGE('',*,*,#3024,.T.);
#4300=ORIENTED_EDGE('',*,*,#2492,.T.);
#4301=ORIENTED_EDGE('',*,*,#3047,.T.);
#4302=ORIENTED_EDGE('',*,*,#3048,.F.);
#4303=ORIENTED_EDGE('',*,*,#2556,.F.);
#4304=ORIENTED_EDGE('',*,*,#3049,.F.);
#4305=ORIENTED_EDGE('',*,*,#3048,.T.);
#4306=ORIENTED_EDGE('',*,*,#3050,.T.);
#4307=ORIENTED_EDGE('',*,*,#3051,.F.);
#4308=ORIENTED_EDGE('',*,*,#3052,.F.);
#4309=ORIENTED_EDGE('',*,*,#3053,.F.);
#4310=ORIENTED_EDGE('',*,*,#3051,.T.);
#4311=ORIENTED_EDGE('',*,*,#3054,.T.);
#4312=ORIENTED_EDGE('',*,*,#3055,.F.);
#4313=ORIENTED_EDGE('',*,*,#3056,.F.);
#4314=ORIENTED_EDGE('',*,*,#3052,.T.);
#4315=ORIENTED_EDGE('',*,*,#3057,.T.);
#4316=ORIENTED_EDGE('',*,*,#3058,.F.);
#4317=ORIENTED_EDGE('',*,*,#3059,.F.);
#4318=ORIENTED_EDGE('',*,*,#2516,.T.);
#4319=ORIENTED_EDGE('',*,*,#2519,.T.);
#4320=ORIENTED_EDGE('',*,*,#3060,.T.);
#4321=ORIENTED_EDGE('',*,*,#3061,.T.);
#4322=ORIENTED_EDGE('',*,*,#2521,.T.);
#4323=ORIENTED_EDGE('',*,*,#2557,.T.);
#4324=ORIENTED_EDGE('',*,*,#3049,.T.);
#4325=ORIENTED_EDGE('',*,*,#3062,.F.);
#4326=ORIENTED_EDGE('',*,*,#3053,.T.);
#4327=ORIENTED_EDGE('',*,*,#3056,.T.);
#4328=ORIENTED_EDGE('',*,*,#2522,.T.);
#4329=ORIENTED_EDGE('',*,*,#3062,.T.);
#4330=ORIENTED_EDGE('',*,*,#3060,.F.);
#4331=ORIENTED_EDGE('',*,*,#2531,.T.);
#4332=ORIENTED_EDGE('',*,*,#2784,.T.);
#4333=ORIENTED_EDGE('',*,*,#2757,.T.);
#4334=ORIENTED_EDGE('',*,*,#3055,.T.);
#4335=ORIENTED_EDGE('',*,*,#2755,.T.);
#4336=ORIENTED_EDGE('',*,*,#2959,.F.);
#4337=ORIENTED_EDGE('',*,*,#2523,.T.);
#4338=ORIENTED_EDGE('',*,*,#3061,.F.);
#4339=ORIENTED_EDGE('',*,*,#2756,.T.);
#4340=ORIENTED_EDGE('',*,*,#3058,.T.);
#4341=ORIENTED_EDGE('',*,*,#3063,.F.);
#4342=ORIENTED_EDGE('',*,*,#3064,.F.);
#4343=ORIENTED_EDGE('',*,*,#2554,.F.);
#4344=ORIENTED_EDGE('',*,*,#3065,.T.);
#4345=ORIENTED_EDGE('',*,*,#2566,.T.);
#4346=ORIENTED_EDGE('',*,*,#3066,.F.);
#4347=ORIENTED_EDGE('',*,*,#2555,.F.);
#4348=ORIENTED_EDGE('',*,*,#3064,.T.);
#4349=ORIENTED_EDGE('',*,*,#2565,.T.);
#4350=ORIENTED_EDGE('',*,*,#3067,.F.);
#4351=ORIENTED_EDGE('',*,*,#2550,.F.);
#4352=ORIENTED_EDGE('',*,*,#3066,.T.);
#4353=ORIENTED_EDGE('',*,*,#2564,.T.);
#4354=ORIENTED_EDGE('',*,*,#3068,.F.);
#4355=ORIENTED_EDGE('',*,*,#2551,.F.);
#4356=ORIENTED_EDGE('',*,*,#3067,.T.);
#4357=ORIENTED_EDGE('',*,*,#2563,.T.);
#4358=ORIENTED_EDGE('',*,*,#3069,.F.);
#4359=ORIENTED_EDGE('',*,*,#2552,.F.);
#4360=ORIENTED_EDGE('',*,*,#3068,.T.);
#4361=ORIENTED_EDGE('',*,*,#2568,.T.);
#4362=ORIENTED_EDGE('',*,*,#3065,.F.);
#4363=ORIENTED_EDGE('',*,*,#2553,.F.);
#4364=ORIENTED_EDGE('',*,*,#3069,.T.);
#4365=ORIENTED_EDGE('',*,*,#2567,.T.);
#4366=ORIENTED_EDGE('',*,*,#2488,.T.);
#4367=ORIENTED_EDGE('',*,*,#2517,.F.);
#4368=ORIENTED_EDGE('',*,*,#3059,.T.);
#4369=ORIENTED_EDGE('',*,*,#3063,.T.);
#4370=ORIENTED_EDGE('',*,*,#3057,.F.);
#4371=ORIENTED_EDGE('',*,*,#3054,.F.);
#4372=ORIENTED_EDGE('',*,*,#3050,.F.);
#4373=ORIENTED_EDGE('',*,*,#3047,.F.);
#4374=ORIENTED_EDGE('',*,*,#2491,.T.);
#4375=ORIENTED_EDGE('',*,*,#3018,.F.);
#4376=ORIENTED_EDGE('',*,*,#3020,.F.);
#4377=ORIENTED_EDGE('',*,*,#3022,.F.);
#4378=ORIENTED_EDGE('',*,*,#3023,.F.);
#4379=ORIENTED_EDGE('',*,*,#3010,.F.);
#4380=ORIENTED_EDGE('',*,*,#3012,.F.);
#4381=ORIENTED_EDGE('',*,*,#3014,.F.);
#4382=ORIENTED_EDGE('',*,*,#3015,.F.);
#4383=ORIENTED_EDGE('',*,*,#3046,.F.);
#4384=ORIENTED_EDGE('',*,*,#3033,.F.);
#4385=ORIENTED_EDGE('',*,*,#3035,.F.);
#4386=ORIENTED_EDGE('',*,*,#3037,.F.);
#4387=ORIENTED_EDGE('',*,*,#3039,.F.);
#4388=ORIENTED_EDGE('',*,*,#3041,.F.);
#4389=ORIENTED_EDGE('',*,*,#3043,.F.);
#4390=ORIENTED_EDGE('',*,*,#3045,.F.);
#4391=ORIENTED_EDGE('',*,*,#3070,.F.);
#4392=ORIENTED_EDGE('',*,*,#2547,.F.);
#4393=ORIENTED_EDGE('',*,*,#3071,.T.);
#4394=ORIENTED_EDGE('',*,*,#2501,.F.);
#4395=ORIENTED_EDGE('',*,*,#3072,.T.);
#4396=ORIENTED_EDGE('',*,*,#2498,.F.);
#4397=ORIENTED_EDGE('',*,*,#3073,.F.);
#4398=ORIENTED_EDGE('',*,*,#2544,.F.);
#4399=ORIENTED_EDGE('',*,*,#3074,.F.);
#4400=ORIENTED_EDGE('',*,*,#2545,.F.);
#4401=ORIENTED_EDGE('',*,*,#3073,.T.);
#4402=ORIENTED_EDGE('',*,*,#2503,.F.);
#4403=ORIENTED_EDGE('',*,*,#3071,.F.);
#4404=ORIENTED_EDGE('',*,*,#2546,.F.);
#4405=ORIENTED_EDGE('',*,*,#3074,.T.);
#4406=ORIENTED_EDGE('',*,*,#2502,.F.);
#4407=ORIENTED_EDGE('',*,*,#3075,.T.);
#4408=ORIENTED_EDGE('',*,*,#2499,.F.);
#4409=ORIENTED_EDGE('',*,*,#3072,.F.);
#4410=ORIENTED_EDGE('',*,*,#2549,.F.);
#4411=ORIENTED_EDGE('',*,*,#3070,.T.);
#4412=ORIENTED_EDGE('',*,*,#2500,.F.);
#4413=ORIENTED_EDGE('',*,*,#3075,.F.);
#4414=ORIENTED_EDGE('',*,*,#2548,.F.);
#4415=ORIENTED_EDGE('',*,*,#3076,.F.);
#4416=ORIENTED_EDGE('',*,*,#2543,.F.);
#4417=ORIENTED_EDGE('',*,*,#3077,.T.);
#4418=ORIENTED_EDGE('',*,*,#2473,.F.);
#4419=ORIENTED_EDGE('',*,*,#3077,.F.);
#4420=ORIENTED_EDGE('',*,*,#2542,.F.);
#4421=ORIENTED_EDGE('',*,*,#3078,.T.);
#4422=ORIENTED_EDGE('',*,*,#2474,.F.);
#4423=ORIENTED_EDGE('',*,*,#3079,.F.);
#4424=ORIENTED_EDGE('',*,*,#2538,.F.);
#4425=ORIENTED_EDGE('',*,*,#3076,.T.);
#4426=ORIENTED_EDGE('',*,*,#2478,.F.);
#4427=ORIENTED_EDGE('',*,*,#3080,.F.);
#4428=ORIENTED_EDGE('',*,*,#2539,.F.);
#4429=ORIENTED_EDGE('',*,*,#3079,.T.);
#4430=ORIENTED_EDGE('',*,*,#2477,.F.);
#4431=ORIENTED_EDGE('',*,*,#3081,.F.);
#4432=ORIENTED_EDGE('',*,*,#2540,.F.);
#4433=ORIENTED_EDGE('',*,*,#3080,.T.);
#4434=ORIENTED_EDGE('',*,*,#2476,.F.);
#4435=ORIENTED_EDGE('',*,*,#3078,.F.);
#4436=ORIENTED_EDGE('',*,*,#2541,.F.);
#4437=ORIENTED_EDGE('',*,*,#3081,.T.);
#4438=ORIENTED_EDGE('',*,*,#2475,.F.);
#4439=ORIENTED_EDGE('',*,*,#3082,.F.);
#4440=ORIENTED_EDGE('',*,*,#2536,.F.);
#4441=ORIENTED_EDGE('',*,*,#3083,.T.);
#4442=ORIENTED_EDGE('',*,*,#2464,.T.);
#4443=ORIENTED_EDGE('',*,*,#3084,.F.);
#4444=ORIENTED_EDGE('',*,*,#2537,.F.);
#4445=ORIENTED_EDGE('',*,*,#3082,.T.);
#4446=ORIENTED_EDGE('',*,*,#2463,.T.);
#4447=ORIENTED_EDGE('',*,*,#3085,.F.);
#4448=ORIENTED_EDGE('',*,*,#2532,.F.);
#4449=ORIENTED_EDGE('',*,*,#3084,.T.);
#4450=ORIENTED_EDGE('',*,*,#2462,.T.);
#4451=ORIENTED_EDGE('',*,*,#3086,.F.);
#4452=ORIENTED_EDGE('',*,*,#2533,.F.);
#4453=ORIENTED_EDGE('',*,*,#3085,.T.);
#4454=ORIENTED_EDGE('',*,*,#2461,.T.);
#4455=ORIENTED_EDGE('',*,*,#3087,.F.);
#4456=ORIENTED_EDGE('',*,*,#2534,.F.);
#4457=ORIENTED_EDGE('',*,*,#3086,.T.);
#4458=ORIENTED_EDGE('',*,*,#2466,.T.);
#4459=ORIENTED_EDGE('',*,*,#3083,.F.);
#4460=ORIENTED_EDGE('',*,*,#2535,.F.);
#4461=ORIENTED_EDGE('',*,*,#3087,.T.);
#4462=ORIENTED_EDGE('',*,*,#2465,.T.);
#4463=ORIENTED_EDGE('',*,*,#2434,.F.);
#4464=ORIENTED_EDGE('',*,*,#2758,.T.);
#4465=ORIENTED_EDGE('',*,*,#2783,.T.);
#4466=ORIENTED_EDGE('',*,*,#3088,.T.);
#4467=ORIENTED_EDGE('',*,*,#2435,.F.);
#4468=ORIENTED_EDGE('',*,*,#3088,.F.);
#4469=ORIENTED_EDGE('',*,*,#2768,.F.);
#4470=ORIENTED_EDGE('',*,*,#3089,.F.);
#4471=ORIENTED_EDGE('',*,*,#2436,.F.);
#4472=ORIENTED_EDGE('',*,*,#3089,.T.);
#4473=ORIENTED_EDGE('',*,*,#2781,.T.);
#4474=ORIENTED_EDGE('',*,*,#3090,.T.);
#4475=ORIENTED_EDGE('',*,*,#2437,.F.);
#4476=ORIENTED_EDGE('',*,*,#3090,.F.);
#4477=ORIENTED_EDGE('',*,*,#2904,.F.);
#4478=ORIENTED_EDGE('',*,*,#2889,.F.);
#4479=ORIENTED_EDGE('',*,*,#2896,.F.);
#4480=ORIENTED_EDGE('',*,*,#2901,.F.);
#4481=ORIENTED_EDGE('',*,*,#2907,.F.);
#4482=ORIENTED_EDGE('',*,*,#2869,.F.);
#4483=ORIENTED_EDGE('',*,*,#2876,.F.);
#4484=ORIENTED_EDGE('',*,*,#2881,.F.);
#4485=ORIENTED_EDGE('',*,*,#2906,.F.);
#4486=ORIENTED_EDGE('',*,*,#2801,.T.);
#4487=ORIENTED_EDGE('',*,*,#2800,.F.);
#4488=ORIENTED_EDGE('',*,*,#2807,.F.);
#4489=ORIENTED_EDGE('',*,*,#2812,.F.);
#4490=ORIENTED_EDGE('',*,*,#2811,.T.);
#4491=ORIENTED_EDGE('',*,*,#2905,.F.);
#4492=ORIENTED_EDGE('',*,*,#2777,.F.);
#4493=ORIENTED_EDGE('',*,*,#2410,.T.);
#4494=ORIENTED_EDGE('',*,*,#2452,.T.);
#4495=ORIENTED_EDGE('',*,*,#2506,.T.);
#4496=ORIENTED_EDGE('',*,*,#2569,.F.);
#4497=ORIENTED_EDGE('',*,*,#2712,.T.);
#4498=ORIENTED_EDGE('',*,*,#2608,.T.);
#4499=ORIENTED_EDGE('',*,*,#2605,.T.);
#4500=ORIENTED_EDGE('',*,*,#2602,.T.);
#4501=ORIENTED_EDGE('',*,*,#2599,.T.);
#4502=ORIENTED_EDGE('',*,*,#2596,.T.);
#4503=ORIENTED_EDGE('',*,*,#2622,.T.);
#4504=ORIENTED_EDGE('',*,*,#2727,.T.);
#4505=ORIENTED_EDGE('',*,*,#2724,.T.);
#4506=ORIENTED_EDGE('',*,*,#2721,.T.);
#4507=ORIENTED_EDGE('',*,*,#2718,.T.);
#4508=ORIENTED_EDGE('',*,*,#2715,.T.);
#4509=ORIENTED_EDGE('',*,*,#2667,.T.);
#4510=ORIENTED_EDGE('',*,*,#2618,.T.);
#4511=ORIENTED_EDGE('',*,*,#2615,.T.);
#4512=ORIENTED_EDGE('',*,*,#2612,.T.);
#4513=ORIENTED_EDGE('',*,*,#2625,.T.);
#4514=ORIENTED_EDGE('',*,*,#2676,.T.);
#4515=ORIENTED_EDGE('',*,*,#2673,.T.);
#4516=ORIENTED_EDGE('',*,*,#2670,.T.);
#4517=ORIENTED_EDGE('',*,*,#2628,.T.);
#4518=ORIENTED_EDGE('',*,*,#2638,.F.);
#4519=ORIENTED_EDGE('',*,*,#2635,.T.);
#4520=ORIENTED_EDGE('',*,*,#2649,.F.);
#4521=ORIENTED_EDGE('',*,*,#2646,.T.);
#4522=ORIENTED_EDGE('',*,*,#2643,.F.);
#4523=ORIENTED_EDGE('',*,*,#2640,.T.);
#4524=ORIENTED_EDGE('',*,*,#2631,.F.);
#4525=CYLINDRICAL_SURFACE('',#4901,0.15);
#4526=CYLINDRICAL_SURFACE('',#4908,0.15);
#4527=CYLINDRICAL_SURFACE('',#4914,0.15);
#4528=CYLINDRICAL_SURFACE('',#4920,0.15);
#4529=CYLINDRICAL_SURFACE('',#4925,1.525);
#4530=CYLINDRICAL_SURFACE('',#4928,1.525);
#4531=CYLINDRICAL_SURFACE('',#4932,0.15);
#4532=CYLINDRICAL_SURFACE('',#4939,0.15);
#4533=CYLINDRICAL_SURFACE('',#4945,0.15);
#4534=CYLINDRICAL_SURFACE('',#4950,0.15);
#4535=CYLINDRICAL_SURFACE('',#4954,1.52500000000001);
#4536=CYLINDRICAL_SURFACE('',#4956,1.525);
#4537=CYLINDRICAL_SURFACE('',#4965,3.6);
#4538=CYLINDRICAL_SURFACE('',#4968,1.5);
#4539=CYLINDRICAL_SURFACE('',#4973,3.6);
#4540=CYLINDRICAL_SURFACE('',#4976,1.5);
#4541=CYLINDRICAL_SURFACE('',#4981,3.6);
#4542=CYLINDRICAL_SURFACE('',#4986,3.6);
#4543=CYLINDRICAL_SURFACE('',#4990,1.5);
#4544=CYLINDRICAL_SURFACE('',#5000,1.25);
#4545=CYLINDRICAL_SURFACE('',#5003,1.25);
#4546=CYLINDRICAL_SURFACE('',#5005,3.6);
#4547=CYLINDRICAL_SURFACE('',#5007,1.5);
#4548=CYLINDRICAL_SURFACE('',#5025,0.800000000000002);
#4549=CYLINDRICAL_SURFACE('',#5028,0.799999999999986);
#4550=CYLINDRICAL_SURFACE('',#5031,0.799999942865448);
#4551=CYLINDRICAL_SURFACE('',#5033,1.8);
#4552=CYLINDRICAL_SURFACE('',#5036,1.79999999999999);
#4553=CYLINDRICAL_SURFACE('',#5041,0.25);
#4554=CYLINDRICAL_SURFACE('',#5044,0.25);
#4555=CYLINDRICAL_SURFACE('',#5047,0.25);
#4556=CYLINDRICAL_SURFACE('',#5050,0.25);
#4557=CYLINDRICAL_SURFACE('',#5053,1.79999999999998);
#4558=CYLINDRICAL_SURFACE('',#5056,1.79999999999999);
#4559=CYLINDRICAL_SURFACE('',#5060,0.7);
#4560=CYLINDRICAL_SURFACE('',#5063,0.700000057134551);
#4561=CYLINDRICAL_SURFACE('',#5066,0.799999999999973);
#4562=CYLINDRICAL_SURFACE('',#5075,2.5);
#4563=CYLINDRICAL_SURFACE('',#5078,2.5);
#4564=CYLINDRICAL_SURFACE('',#5080,2.5);
#4565=CYLINDRICAL_SURFACE('',#5083,2.5);
#4566=CYLINDRICAL_SURFACE('',#5096,0.25);
#4567=CYLINDRICAL_SURFACE('',#5098,0.25);
#4568=CYLINDRICAL_SURFACE('',#5100,0.25);
#4569=CYLINDRICAL_SURFACE('',#5102,0.25);
#4570=CYLINDRICAL_SURFACE('',#5110,1.25);
#4571=CYLINDRICAL_SURFACE('',#5129,2.5);
#4572=CYLINDRICAL_SURFACE('',#5131,0.25);
#4573=CYLINDRICAL_SURFACE('',#5133,0.25);
#4574=CYLINDRICAL_SURFACE('',#5135,0.25);
#4575=CYLINDRICAL_SURFACE('',#5137,0.25);
#4576=CYLINDRICAL_SURFACE('',#5139,0.25);
#4577=CYLINDRICAL_SURFACE('',#5141,0.25);
#4578=CYLINDRICAL_SURFACE('',#5143,0.25);
#4579=CYLINDRICAL_SURFACE('',#5145,0.25);
#4580=CYLINDRICAL_SURFACE('',#5162,1.25);
#4581=CYLINDRICAL_SURFACE('',#5166,1.25);
#4582=CYLINDRICAL_SURFACE('',#5168,1.25);
#4583=CYLINDRICAL_SURFACE('',#5169,2.5);
#4584=CYLINDRICAL_SURFACE('',#5170,1.24999999999999);
#4585=CYLINDRICAL_SURFACE('',#5171,0.449999999999999);
#4586=CYLINDRICAL_SURFACE('',#5175,0.449999999999999);
#4587=CYLINDRICAL_SURFACE('',#5190,0.450000000000008);
#4588=CYLINDRICAL_SURFACE('',#5193,0.450000000000017);
#4589=CYLINDRICAL_SURFACE('',#5195,0.449999999999999);
#4590=CYLINDRICAL_SURFACE('',#5198,0.450000000000017);
#4591=CYLINDRICAL_SURFACE('',#5201,0.25);
#4592=CYLINDRICAL_SURFACE('',#5207,0.25);
#4593=CYLINDRICAL_SURFACE('',#5212,0.25);
#4594=CYLINDRICAL_SURFACE('',#5217,0.25);
#4595=CYLINDRICAL_SURFACE('',#5222,0.449999999999999);
#4596=CYLINDRICAL_SURFACE('',#5225,0.450000000000035);
#4597=CYLINDRICAL_SURFACE('',#5231,0.25);
#4598=CYLINDRICAL_SURFACE('',#5236,0.25);
#4599=CYLINDRICAL_SURFACE('',#5241,0.25);
#4600=CYLINDRICAL_SURFACE('',#5246,0.25);
#4601=CYLINDRICAL_SURFACE('',#5256,1.25);
#4602=CYLINDRICAL_SURFACE('',#5258,1.25);
#4603=CYLINDRICAL_SURFACE('',#5259,2.5);
#4604=CYLINDRICAL_SURFACE('',#5260,2.5);
#4605=CYLINDRICAL_SURFACE('',#5261,1.25);
#4606=CYLINDRICAL_SURFACE('',#5287,2.5);
#4607=CYLINDRICAL_SURFACE('',#5289,2.5);
#4608=ADVANCED_FACE('',(#429),#4525,.F.);
#4609=ADVANCED_FACE('',(#430),#413,.F.);
#4610=ADVANCED_FACE('',(#431),#4526,.F.);
#4611=ADVANCED_FACE('',(#432),#414,.F.);
#4612=ADVANCED_FACE('',(#433),#4527,.F.);
#4613=ADVANCED_FACE('',(#434),#415,.F.);
#4614=ADVANCED_FACE('',(#435),#4528,.F.);
#4615=ADVANCED_FACE('',(#436),#416,.F.);
#4616=ADVANCED_FACE('',(#437),#4529,.F.);
#4617=ADVANCED_FACE('',(#438),#290,.F.);
#4618=ADVANCED_FACE('',(#439),#4530,.F.);
#4619=ADVANCED_FACE('',(#440),#291,.F.);
#4620=ADVANCED_FACE('',(#441,#256),#292,.F.);
#4621=ADVANCED_FACE('',(#442),#4531,.T.);
#4622=ADVANCED_FACE('',(#443),#417,.T.);
#4623=ADVANCED_FACE('',(#444),#4532,.T.);
#4624=ADVANCED_FACE('',(#445),#418,.T.);
#4625=ADVANCED_FACE('',(#446),#4533,.T.);
#4626=ADVANCED_FACE('',(#447),#419,.T.);
#4627=ADVANCED_FACE('',(#448),#4534,.T.);
#4628=ADVANCED_FACE('',(#449),#420,.T.);
#4629=ADVANCED_FACE('',(#450),#4535,.F.);
#4630=ADVANCED_FACE('',(#451),#293,.F.);
#4631=ADVANCED_FACE('',(#452),#4536,.F.);
#4632=ADVANCED_FACE('',(#453,#257),#294,.T.);
#4633=ADVANCED_FACE('',(#454),#295,.F.);
#4634=ADVANCED_FACE('',(#455),#296,.F.);
#4635=ADVANCED_FACE('',(#456),#297,.F.);
#4636=ADVANCED_FACE('',(#457),#4537,.T.);
#4637=ADVANCED_FACE('',(#458),#4538,.F.);
#4638=ADVANCED_FACE('',(#459,#258),#298,.F.);
#4639=ADVANCED_FACE('',(#460,#259),#299,.F.);
#4640=ADVANCED_FACE('',(#461),#4539,.T.);
#4641=ADVANCED_FACE('',(#462),#4540,.F.);
#4642=ADVANCED_FACE('',(#463,#260),#300,.T.);
#4643=ADVANCED_FACE('',(#464,#261),#301,.T.);
#4644=ADVANCED_FACE('',(#465),#4541,.T.);
#4645=ADVANCED_FACE('',(#466),#4542,.T.);
#4646=ADVANCED_FACE('',(#467),#4543,.F.);
#4647=ADVANCED_FACE('',(#468,#262),#302,.T.);
#4648=ADVANCED_FACE('',(#469,#263),#303,.T.);
#4649=ADVANCED_FACE('',(#470,#264,#265,#266),#304,.F.);
#4650=ADVANCED_FACE('',(#471),#305,.T.);
#4651=ADVANCED_FACE('',(#472),#306,.F.);
#4652=ADVANCED_FACE('',(#473),#4544,.T.);
#4653=ADVANCED_FACE('',(#474,#267,#268,#269,#270),#307,.T.);
#4654=ADVANCED_FACE('',(#475),#4545,.T.);
#4655=ADVANCED_FACE('',(#476),#4546,.T.);
#4656=ADVANCED_FACE('',(#477),#4547,.F.);
#4657=ADVANCED_FACE('',(#478,#271),#308,.F.);
#4658=ADVANCED_FACE('',(#479,#272),#309,.F.);
#4659=ADVANCED_FACE('',(#480,#273,#274,#275),#310,.F.);
#4660=ADVANCED_FACE('',(#481),#4548,.F.);
#4661=ADVANCED_FACE('',(#482),#311,.F.);
#4662=ADVANCED_FACE('',(#483),#4549,.F.);
#4663=ADVANCED_FACE('',(#484),#312,.F.);
#4664=ADVANCED_FACE('',(#485),#4550,.F.);
#4665=ADVANCED_FACE('',(#486),#4551,.F.);
#4666=ADVANCED_FACE('',(#487),#313,.F.);
#4667=ADVANCED_FACE('',(#488),#4552,.F.);
#4668=ADVANCED_FACE('',(#489),#314,.F.);
#4669=ADVANCED_FACE('',(#490),#315,.F.);
#4670=ADVANCED_FACE('',(#491),#316,.F.);
#4671=ADVANCED_FACE('',(#492),#4553,.F.);
#4672=ADVANCED_FACE('',(#493),#317,.F.);
#4673=ADVANCED_FACE('',(#494),#4554,.F.);
#4674=ADVANCED_FACE('',(#495),#318,.F.);
#4675=ADVANCED_FACE('',(#496),#4555,.F.);
#4676=ADVANCED_FACE('',(#497),#319,.F.);
#4677=ADVANCED_FACE('',(#498),#4556,.F.);
#4678=ADVANCED_FACE('',(#499),#23,.T.);
#4679=ADVANCED_FACE('',(#500),#24,.T.);
#4680=ADVANCED_FACE('',(#501),#25,.T.);
#4681=ADVANCED_FACE('',(#502),#26,.T.);
#4682=ADVANCED_FACE('',(#503),#27,.T.);
#4683=ADVANCED_FACE('',(#504),#28,.T.);
#4684=ADVANCED_FACE('',(#505),#29,.T.);
#4685=ADVANCED_FACE('',(#506),#30,.T.);
#4686=ADVANCED_FACE('',(#507),#320,.F.);
#4687=ADVANCED_FACE('',(#508),#4557,.F.);
#4688=ADVANCED_FACE('',(#509),#321,.F.);
#4689=ADVANCED_FACE('',(#510),#4558,.F.);
#4690=ADVANCED_FACE('',(#511),#31,.T.);
#4691=ADVANCED_FACE('',(#512),#32,.T.);
#4692=ADVANCED_FACE('',(#513),#33,.T.);
#4693=ADVANCED_FACE('',(#514),#34,.T.);
#4694=ADVANCED_FACE('',(#515),#35,.T.);
#4695=ADVANCED_FACE('',(#516),#36,.T.);
#4696=ADVANCED_FACE('',(#517),#37,.T.);
#4697=ADVANCED_FACE('',(#518),#38,.T.);
#4698=ADVANCED_FACE('',(#519,#276,#277,#278),#322,.T.);
#4699=ADVANCED_FACE('',(#520),#323,.F.);
#4700=ADVANCED_FACE('',(#521),#4559,.F.);
#4701=ADVANCED_FACE('',(#522),#324,.F.);
#4702=ADVANCED_FACE('',(#523),#4560,.F.);
#4703=ADVANCED_FACE('',(#524),#325,.F.);
#4704=ADVANCED_FACE('',(#525),#4561,.F.);
#4705=ADVANCED_FACE('',(#526),#39,.T.);
#4706=ADVANCED_FACE('',(#527),#40,.T.);
#4707=ADVANCED_FACE('',(#528),#41,.T.);
#4708=ADVANCED_FACE('',(#529),#42,.T.);
#4709=ADVANCED_FACE('',(#530),#43,.T.);
#4710=ADVANCED_FACE('',(#531),#44,.T.);
#4711=ADVANCED_FACE('',(#532),#45,.T.);
#4712=ADVANCED_FACE('',(#533),#46,.T.);
#4713=ADVANCED_FACE('',(#534),#47,.T.);
#4714=ADVANCED_FACE('',(#535),#48,.T.);
#4715=ADVANCED_FACE('',(#536),#49,.T.);
#4716=ADVANCED_FACE('',(#537),#50,.T.);
#4717=ADVANCED_FACE('',(#538,#279),#326,.F.);
#4718=ADVANCED_FACE('',(#539),#327,.T.);
#4719=ADVANCED_FACE('',(#540),#328,.T.);
#4720=ADVANCED_FACE('',(#541),#4562,.T.);
#4721=ADVANCED_FACE('',(#542),#4563,.T.);
#4722=ADVANCED_FACE('',(#543),#4564,.T.);
#4723=ADVANCED_FACE('',(#544),#4565,.T.);
#4724=ADVANCED_FACE('',(#545),#19,.T.);
#4725=ADVANCED_FACE('',(#546),#20,.T.);
#4726=ADVANCED_FACE('',(#547),#21,.T.);
#4727=ADVANCED_FACE('',(#548),#22,.T.);
#4728=ADVANCED_FACE('',(#549),#329,.F.);
#4729=ADVANCED_FACE('',(#550),#4566,.F.);
#4730=ADVANCED_FACE('',(#551),#330,.F.);
#4731=ADVANCED_FACE('',(#552),#4567,.F.);
#4732=ADVANCED_FACE('',(#553),#331,.F.);
#4733=ADVANCED_FACE('',(#554),#4568,.F.);
#4734=ADVANCED_FACE('',(#555),#332,.F.);
#4735=ADVANCED_FACE('',(#556),#4569,.F.);
#4736=ADVANCED_FACE('',(#557),#333,.F.);
#4737=ADVANCED_FACE('',(#558),#334,.F.);
#4738=ADVANCED_FACE('',(#559),#335,.F.);
#4739=ADVANCED_FACE('',(#560),#51,.T.);
#4740=ADVANCED_FACE('',(#561),#52,.T.);
#4741=ADVANCED_FACE('',(#562),#53,.T.);
#4742=ADVANCED_FACE('',(#563),#336,.F.);
#4743=ADVANCED_FACE('',(#564),#54,.T.);
#4744=ADVANCED_FACE('',(#565),#337,.F.);
#4745=ADVANCED_FACE('',(#566),#338,.F.);
#4746=ADVANCED_FACE('',(#567),#339,.F.);
#4747=ADVANCED_FACE('',(#568),#55,.T.);
#4748=ADVANCED_FACE('',(#569),#56,.T.);
#4749=ADVANCED_FACE('',(#570),#57,.T.);
#4750=ADVANCED_FACE('',(#571),#58,.T.);
#4751=ADVANCED_FACE('',(#572),#59,.T.);
#4752=ADVANCED_FACE('',(#573),#4570,.T.);
#4753=ADVANCED_FACE('',(#574,#280),#340,.F.);
#4754=ADVANCED_FACE('',(#575),#341,.F.);
#4755=ADVANCED_FACE('',(#576,#281),#342,.F.);
#4756=ADVANCED_FACE('',(#577),#343,.F.);
#4757=ADVANCED_FACE('',(#578),#344,.F.);
#4758=ADVANCED_FACE('',(#579),#345,.F.);
#4759=ADVANCED_FACE('',(#580),#346,.F.);
#4760=ADVANCED_FACE('',(#581),#60,.T.);
#4761=ADVANCED_FACE('',(#582),#61,.T.);
#4762=ADVANCED_FACE('',(#583),#62,.T.);
#4763=ADVANCED_FACE('',(#584),#63,.T.);
#4764=ADVANCED_FACE('',(#585),#64,.T.);
#4765=ADVANCED_FACE('',(#586),#347,.F.);
#4766=ADVANCED_FACE('',(#587),#348,.F.);
#4767=ADVANCED_FACE('',(#588),#349,.F.);
#4768=ADVANCED_FACE('',(#589),#65,.T.);
#4769=ADVANCED_FACE('',(#590),#66,.T.);
#4770=ADVANCED_FACE('',(#591),#67,.T.);
#4771=ADVANCED_FACE('',(#592),#68,.T.);
#4772=ADVANCED_FACE('',(#593),#69,.T.);
#4773=ADVANCED_FACE('',(#594),#70,.T.);
#4774=ADVANCED_FACE('',(#595),#4571,.T.);
#4775=ADVANCED_FACE('',(#596),#71,.T.);
#4776=ADVANCED_FACE('',(#597),#350,.F.);
#4777=ADVANCED_FACE('',(#598),#4572,.F.);
#4778=ADVANCED_FACE('',(#599),#351,.F.);
#4779=ADVANCED_FACE('',(#600),#4573,.F.);
#4780=ADVANCED_FACE('',(#601),#352,.F.);
#4781=ADVANCED_FACE('',(#602),#4574,.F.);
#4782=ADVANCED_FACE('',(#603),#353,.F.);
#4783=ADVANCED_FACE('',(#604),#4575,.F.);
#4784=ADVANCED_FACE('',(#605),#354,.F.);
#4785=ADVANCED_FACE('',(#606),#4576,.F.);
#4786=ADVANCED_FACE('',(#607),#355,.F.);
#4787=ADVANCED_FACE('',(#608),#4577,.F.);
#4788=ADVANCED_FACE('',(#609),#356,.F.);
#4789=ADVANCED_FACE('',(#610),#4578,.F.);
#4790=ADVANCED_FACE('',(#611),#357,.F.);
#4791=ADVANCED_FACE('',(#612),#4579,.F.);
#4792=ADVANCED_FACE('',(#613),#358,.F.);
#4793=ADVANCED_FACE('',(#614),#359,.F.);
#4794=ADVANCED_FACE('',(#615),#360,.F.);
#4795=ADVANCED_FACE('',(#616),#361,.F.);
#4796=ADVANCED_FACE('',(#617,#282),#362,.F.);
#4797=ADVANCED_FACE('',(#618,#283),#363,.T.);
#4798=ADVANCED_FACE('',(#619),#364,.T.);
#4799=ADVANCED_FACE('',(#620),#365,.T.);
#4800=ADVANCED_FACE('',(#621),#366,.T.);
#4801=ADVANCED_FACE('',(#622),#367,.F.);
#4802=ADVANCED_FACE('',(#623),#368,.F.);
#4803=ADVANCED_FACE('',(#624),#369,.F.);
#4804=ADVANCED_FACE('',(#625),#15,.F.);
#4805=ADVANCED_FACE('',(#626),#4580,.T.);
#4806=ADVANCED_FACE('',(#627),#16,.F.);
#4807=ADVANCED_FACE('',(#628),#4581,.T.);
#4808=ADVANCED_FACE('',(#629),#4582,.T.);
#4809=ADVANCED_FACE('',(#630),#4583,.T.);
#4810=ADVANCED_FACE('',(#631),#4584,.T.);
#4811=ADVANCED_FACE('',(#632),#4585,.F.);
#4812=ADVANCED_FACE('',(#633),#370,.F.);
#4813=ADVANCED_FACE('',(#634),#4586,.F.);
#4814=ADVANCED_FACE('',(#635),#371,.F.);
#4815=ADVANCED_FACE('',(#636),#372,.F.);
#4816=ADVANCED_FACE('',(#637,#284,#285),#373,.F.);
#4817=ADVANCED_FACE('',(#638),#374,.T.);
#4818=ADVANCED_FACE('',(#639),#375,.T.);
#4819=ADVANCED_FACE('',(#640),#376,.T.);
#4820=ADVANCED_FACE('',(#641),#4587,.F.);
#4821=ADVANCED_FACE('',(#642),#377,.F.);
#4822=ADVANCED_FACE('',(#643),#4588,.F.);
#4823=ADVANCED_FACE('',(#644),#4589,.F.);
#4824=ADVANCED_FACE('',(#645),#378,.F.);
#4825=ADVANCED_FACE('',(#646),#4590,.F.);
#4826=ADVANCED_FACE('',(#647),#379,.F.);
#4827=ADVANCED_FACE('',(#648),#4591,.T.);
#4828=ADVANCED_FACE('',(#649),#421,.T.);
#4829=ADVANCED_FACE('',(#650),#4592,.T.);
#4830=ADVANCED_FACE('',(#651),#422,.T.);
#4831=ADVANCED_FACE('',(#652),#4593,.T.);
#4832=ADVANCED_FACE('',(#653),#423,.T.);
#4833=ADVANCED_FACE('',(#654),#4594,.T.);
#4834=ADVANCED_FACE('',(#655),#424,.T.);
#4835=ADVANCED_FACE('',(#656),#380,.F.);
#4836=ADVANCED_FACE('',(#657),#4595,.F.);
#4837=ADVANCED_FACE('',(#658),#381,.F.);
#4838=ADVANCED_FACE('',(#659),#4596,.F.);
#4839=ADVANCED_FACE('',(#660),#425,.T.);
#4840=ADVANCED_FACE('',(#661),#4597,.T.);
#4841=ADVANCED_FACE('',(#662),#426,.T.);
#4842=ADVANCED_FACE('',(#663),#4598,.T.);
#4843=ADVANCED_FACE('',(#664),#427,.T.);
#4844=ADVANCED_FACE('',(#665),#4599,.T.);
#4845=ADVANCED_FACE('',(#666),#428,.T.);
#4846=ADVANCED_FACE('',(#667),#4600,.T.);
#4847=ADVANCED_FACE('',(#668),#382,.F.);
#4848=ADVANCED_FACE('',(#669),#383,.F.);
#4849=ADVANCED_FACE('',(#670),#384,.F.);
#4850=ADVANCED_FACE('',(#671),#17,.F.);
#4851=ADVANCED_FACE('',(#672),#18,.F.);
#4852=ADVANCED_FACE('',(#673),#4601,.T.);
#4853=ADVANCED_FACE('',(#674),#4602,.T.);
#4854=ADVANCED_FACE('',(#675),#4603,.T.);
#4855=ADVANCED_FACE('',(#676),#4604,.T.);
#4856=ADVANCED_FACE('',(#677),#4605,.T.);
#4857=ADVANCED_FACE('',(#678),#385,.F.);
#4858=ADVANCED_FACE('',(#679),#386,.F.);
#4859=ADVANCED_FACE('',(#680),#387,.F.);
#4860=ADVANCED_FACE('',(#681),#388,.F.);
#4861=ADVANCED_FACE('',(#682),#389,.F.);
#4862=ADVANCED_FACE('',(#683),#390,.F.);
#4863=ADVANCED_FACE('',(#684,#286),#391,.T.);
#4864=ADVANCED_FACE('',(#685),#392,.T.);
#4865=ADVANCED_FACE('',(#686),#393,.T.);
#4866=ADVANCED_FACE('',(#687),#394,.T.);
#4867=ADVANCED_FACE('',(#688),#395,.T.);
#4868=ADVANCED_FACE('',(#689),#396,.T.);
#4869=ADVANCED_FACE('',(#690),#397,.T.);
#4870=ADVANCED_FACE('',(#691),#398,.T.);
#4871=ADVANCED_FACE('',(#692),#399,.T.);
#4872=ADVANCED_FACE('',(#693),#400,.T.);
#4873=ADVANCED_FACE('',(#694),#401,.T.);
#4874=ADVANCED_FACE('',(#695),#402,.T.);
#4875=ADVANCED_FACE('',(#696),#403,.T.);
#4876=ADVANCED_FACE('',(#697),#404,.F.);
#4877=ADVANCED_FACE('',(#698),#405,.F.);
#4878=ADVANCED_FACE('',(#699),#406,.F.);
#4879=ADVANCED_FACE('',(#700),#407,.F.);
#4880=ADVANCED_FACE('',(#701),#408,.F.);
#4881=ADVANCED_FACE('',(#702),#409,.F.);
#4882=ADVANCED_FACE('',(#703),#4606,.T.);
#4883=ADVANCED_FACE('',(#704),#410,.T.);
#4884=ADVANCED_FACE('',(#705),#4607,.T.);
#4885=ADVANCED_FACE('',(#706),#411,.T.);
#4886=ADVANCED_FACE('',(#707,#287,#288,#289),#412,.F.);
#4887=CLOSED_SHELL('',(#4608,#4609,#4610,#4611,#4612,#4613,#4614,#4615,
#4616,#4617,#4618,#4619,#4620,#4621,#4622,#4623,#4624,#4625,#4626,#4627,
#4628,#4629,#4630,#4631,#4632,#4633,#4634,#4635,#4636,#4637,#4638,#4639,
#4640,#4641,#4642,#4643,#4644,#4645,#4646,#4647,#4648,#4649,#4650,#4651,
#4652,#4653,#4654,#4655,#4656,#4657,#4658,#4659,#4660,#4661,#4662,#4663,
#4664,#4665,#4666,#4667,#4668,#4669,#4670,#4671,#4672,#4673,#4674,#4675,
#4676,#4677,#4678,#4679,#4680,#4681,#4682,#4683,#4684,#4685,#4686,#4687,
#4688,#4689,#4690,#4691,#4692,#4693,#4694,#4695,#4696,#4697,#4698,#4699,
#4700,#4701,#4702,#4703,#4704,#4705,#4706,#4707,#4708,#4709,#4710,#4711,
#4712,#4713,#4714,#4715,#4716,#4717,#4718,#4719,#4720,#4721,#4722,#4723,
#4724,#4725,#4726,#4727,#4728,#4729,#4730,#4731,#4732,#4733,#4734,#4735,
#4736,#4737,#4738,#4739,#4740,#4741,#4742,#4743,#4744,#4745,#4746,#4747,
#4748,#4749,#4750,#4751,#4752,#4753,#4754,#4755,#4756,#4757,#4758,#4759,
#4760,#4761,#4762,#4763,#4764,#4765,#4766,#4767,#4768,#4769,#4770,#4771,
#4772,#4773,#4774,#4775,#4776,#4777,#4778,#4779,#4780,#4781,#4782,#4783,
#4784,#4785,#4786,#4787,#4788,#4789,#4790,#4791,#4792,#4793,#4794,#4795,
#4796,#4797,#4798,#4799,#4800,#4801,#4802,#4803,#4804,#4805,#4806,#4807,
#4808,#4809,#4810,#4811,#4812,#4813,#4814,#4815,#4816,#4817,#4818,#4819,
#4820,#4821,#4822,#4823,#4824,#4825,#4826,#4827,#4828,#4829,#4830,#4831,
#4832,#4833,#4834,#4835,#4836,#4837,#4838,#4839,#4840,#4841,#4842,#4843,
#4844,#4845,#4846,#4847,#4848,#4849,#4850,#4851,#4852,#4853,#4854,#4855,
#4856,#4857,#4858,#4859,#4860,#4861,#4862,#4863,#4864,#4865,#4866,#4867,
#4868,#4869,#4870,#4871,#4872,#4873,#4874,#4875,#4876,#4877,#4878,#4879,
#4880,#4881,#4882,#4883,#4884,#4885,#4886));
#4888=DERIVED_UNIT_ELEMENT(#4890,1.);
#4889=DERIVED_UNIT_ELEMENT(#10062,-3.);
#4890=(
MASS_UNIT()
NAMED_UNIT(*)
SI_UNIT(.KILO.,.GRAM.)
);
#4891=DERIVED_UNIT((#4888,#4889));
#4892=MEASURE_REPRESENTATION_ITEM('density measure',
POSITIVE_RATIO_MEASURE(7850.),#4891);
#4893=PROPERTY_DEFINITION_REPRESENTATION(#4898,#4895);
#4894=PROPERTY_DEFINITION_REPRESENTATION(#4899,#4896);
#4895=REPRESENTATION('material name',(#4897),#10059);
#4896=REPRESENTATION('density',(#4892),#10059);
#4897=DESCRIPTIVE_REPRESENTATION_ITEM('Steel','Steel');
#4898=PROPERTY_DEFINITION('material property','material name',#10069);
#4899=PROPERTY_DEFINITION('material property','density of part',#10069);
#4900=AXIS2_PLACEMENT_3D('',#6448,#5292,#5293);
#4901=AXIS2_PLACEMENT_3D('',#6449,#5294,#5295);
#4902=AXIS2_PLACEMENT_3D('',#6452,#5296,#5297);
#4903=AXIS2_PLACEMENT_3D('',#6456,#5299,#5300);
#4904=AXIS2_PLACEMENT_3D('',#6458,#5302,#5303);
#4905=AXIS2_PLACEMENT_3D('',#6461,#5304,#5305);
#4906=AXIS2_PLACEMENT_3D('',#6462,#5306,#5307);
#4907=AXIS2_PLACEMENT_3D('',#6463,#5308,#5309);
#4908=AXIS2_PLACEMENT_3D('',#6464,#5310,#5311);
#4909=AXIS2_PLACEMENT_3D('',#6467,#5312,#5313);
#4910=AXIS2_PLACEMENT_3D('',#6470,#5316,#5317);
#4911=AXIS2_PLACEMENT_3D('',#6473,#5318,#5319);
#4912=AXIS2_PLACEMENT_3D('',#6474,#5320,#5321);
#4913=AXIS2_PLACEMENT_3D('',#6475,#5322,#5323);
#4914=AXIS2_PLACEMENT_3D('',#6476,#5324,#5325);
#4915=AXIS2_PLACEMENT_3D('',#6479,#5326,#5327);
#4916=AXIS2_PLACEMENT_3D('',#6482,#5330,#5331);
#4917=AXIS2_PLACEMENT_3D('',#6485,#5332,#5333);
#4918=AXIS2_PLACEMENT_3D('',#6486,#5334,#5335);
#4919=AXIS2_PLACEMENT_3D('',#6487,#5336,#5337);
#4920=AXIS2_PLACEMENT_3D('',#6488,#5338,#5339);
#4921=AXIS2_PLACEMENT_3D('',#6491,#5340,#5341);
#4922=AXIS2_PLACEMENT_3D('',#6494,#5344,#5345);
#4923=AXIS2_PLACEMENT_3D('',#6495,#5346,#5347);
#4924=AXIS2_PLACEMENT_3D('',#6496,#5348,#5349);
#4925=AXIS2_PLACEMENT_3D('',#6497,#5350,#5351);
#4926=AXIS2_PLACEMENT_3D('',#6501,#5353,#5354);
#4927=AXIS2_PLACEMENT_3D('',#6503,#5356,#5357);
#4928=AXIS2_PLACEMENT_3D('',#6507,#5360,#5361);
#4929=AXIS2_PLACEMENT_3D('',#6510,#5363,#5364);
#4930=AXIS2_PLACEMENT_3D('',#6511,#5365,#5366);
#4931=AXIS2_PLACEMENT_3D('',#6515,#5369,#5370);
#4932=AXIS2_PLACEMENT_3D('',#6524,#5375,#5376);
#4933=AXIS2_PLACEMENT_3D('',#6526,#5377,#5378);
#4934=AXIS2_PLACEMENT_3D('',#6528,#5379,#5380);
#4935=AXIS2_PLACEMENT_3D('',#6530,#5382,#5383);
#4936=AXIS2_PLACEMENT_3D('',#6533,#5384,#5385);
#4937=AXIS2_PLACEMENT_3D('',#6534,#5386,#5387);
#4938=AXIS2_PLACEMENT_3D('',#6535,#5388,#5389);
#4939=AXIS2_PLACEMENT_3D('',#6536,#5390,#5391);
#4940=AXIS2_PLACEMENT_3D('',#6539,#5392,#5393);
#4941=AXIS2_PLACEMENT_3D('',#6542,#5396,#5397);
#4942=AXIS2_PLACEMENT_3D('',#6545,#5398,#5399);
#4943=AXIS2_PLACEMENT_3D('',#6546,#5400,#5401);
#4944=AXIS2_PLACEMENT_3D('',#6547,#5402,#5403);
#4945=AXIS2_PLACEMENT_3D('',#6548,#5404,#5405);
#4946=AXIS2_PLACEMENT_3D('',#6550,#5406,#5407);
#4947=AXIS2_PLACEMENT_3D('',#6553,#5410,#5411);
#4948=AXIS2_PLACEMENT_3D('',#6555,#5412,#5413);
#4949=AXIS2_PLACEMENT_3D('',#6556,#5414,#5415);
#4950=AXIS2_PLACEMENT_3D('',#6557,#5416,#5417);
#4951=AXIS2_PLACEMENT_3D('',#6559,#5418,#5419);
#4952=AXIS2_PLACEMENT_3D('',#6561,#5421,#5422);
#4953=AXIS2_PLACEMENT_3D('',#6562,#5423,#5424);
#4954=AXIS2_PLACEMENT_3D('',#6563,#5425,#5426);
#4955=AXIS2_PLACEMENT_3D('',#6566,#5429,#5430);
#4956=AXIS2_PLACEMENT_3D('',#6568,#5432,#5433);
#4957=AXIS2_PLACEMENT_3D('',#6569,#5434,#5435);
#4958=AXIS2_PLACEMENT_3D('',#6572,#5436,#5437);
#4959=AXIS2_PLACEMENT_3D('',#6576,#5439,#5440);
#4960=AXIS2_PLACEMENT_3D('',#6580,#5442,#5443);
#4961=AXIS2_PLACEMENT_3D('',#6584,#5445,#5446);
#4962=AXIS2_PLACEMENT_3D('',#6586,#5448,#5449);
#4963=AXIS2_PLACEMENT_3D('',#6587,#5450,#5451);
#4964=AXIS2_PLACEMENT_3D('',#6609,#5463,#5464);
#4965=AXIS2_PLACEMENT_3D('',#6613,#5467,#5468);
#4966=AXIS2_PLACEMENT_3D('',#6615,#5469,#5470);
#4967=AXIS2_PLACEMENT_3D('',#6618,#5472,#5473);
#4968=AXIS2_PLACEMENT_3D('',#6619,#5474,#5475);
#4969=AXIS2_PLACEMENT_3D('',#6621,#5476,#5477);
#4970=AXIS2_PLACEMENT_3D('',#6624,#5479,#5480);
#4971=AXIS2_PLACEMENT_3D('',#6625,#5481,#5482);
#4972=AXIS2_PLACEMENT_3D('',#6638,#5489,#5490);
#4973=AXIS2_PLACEMENT_3D('',#6639,#5491,#5492);
#4974=AXIS2_PLACEMENT_3D('',#6641,#5493,#5494);
#4975=AXIS2_PLACEMENT_3D('',#6644,#5496,#5497);
#4976=AXIS2_PLACEMENT_3D('',#6645,#5498,#5499);
#4977=AXIS2_PLACEMENT_3D('',#6647,#5500,#5501);
#4978=AXIS2_PLACEMENT_3D('',#6650,#5503,#5504);
#4979=AXIS2_PLACEMENT_3D('',#6651,#5505,#5506);
#4980=AXIS2_PLACEMENT_3D('',#6664,#5513,#5514);
#4981=AXIS2_PLACEMENT_3D('',#6665,#5515,#5516);
#4982=AXIS2_PLACEMENT_3D('',#6667,#5517,#5518);
#4983=AXIS2_PLACEMENT_3D('',#6671,#5520,#5521);
#4984=AXIS2_PLACEMENT_3D('',#6675,#5523,#5524);
#4985=AXIS2_PLACEMENT_3D('',#6678,#5526,#5527);
#4986=AXIS2_PLACEMENT_3D('',#6679,#5528,#5529);
#4987=AXIS2_PLACEMENT_3D('',#6695,#5531,#5532);
#4988=AXIS2_PLACEMENT_3D('',#6709,#5533,#5534);
#4989=AXIS2_PLACEMENT_3D('',#6723,#5536,#5537);
#4990=AXIS2_PLACEMENT_3D('',#6724,#5538,#5539);
#4991=AXIS2_PLACEMENT_3D('',#6726,#5540,#5541);
#4992=AXIS2_PLACEMENT_3D('',#6729,#5543,#5544);
#4993=AXIS2_PLACEMENT_3D('',#6730,#5545,#5546);
#4994=AXIS2_PLACEMENT_3D('',#6743,#5553,#5554);
#4995=AXIS2_PLACEMENT_3D('',#6744,#5555,#5556);
#4996=AXIS2_PLACEMENT_3D('',#6760,#5566,#5567);
#4997=AXIS2_PLACEMENT_3D('',#6761,#5568,#5569);
#4998=AXIS2_PLACEMENT_3D('',#6763,#5571,#5572);
#4999=AXIS2_PLACEMENT_3D('',#6767,#5574,#5575);
#5000=AXIS2_PLACEMENT_3D('',#6769,#5577,#5578);
#5001=AXIS2_PLACEMENT_3D('',#6772,#5580,#5581);
#5002=AXIS2_PLACEMENT_3D('',#6773,#5582,#5583);
#5003=AXIS2_PLACEMENT_3D('',#6845,#5620,#5621);
#5004=AXIS2_PLACEMENT_3D('',#6848,#5623,#5624);
#5005=AXIS2_PLACEMENT_3D('',#6849,#5625,#5626);
#5006=AXIS2_PLACEMENT_3D('',#6851,#5627,#5628);
#5007=AXIS2_PLACEMENT_3D('',#6853,#5630,#5631);
#5008=AXIS2_PLACEMENT_3D('',#6855,#5632,#5633);
#5009=AXIS2_PLACEMENT_3D('',#6858,#5635,#5636);
#5010=AXIS2_PLACEMENT_3D('',#6859,#5637,#5638);
#5011=AXIS2_PLACEMENT_3D('',#6872,#5645,#5646);
#5012=AXIS2_PLACEMENT_3D('',#6873,#5647,#5648);
#5013=AXIS2_PLACEMENT_3D('',#6879,#5651,#5652);
#5014=AXIS2_PLACEMENT_3D('',#6883,#5654,#5655);
#5015=AXIS2_PLACEMENT_3D('',#6887,#5657,#5658);
#5016=AXIS2_PLACEMENT_3D('',#6890,#5660,#5661);
#5017=AXIS2_PLACEMENT_3D('',#6895,#5663,#5664);
#5018=AXIS2_PLACEMENT_3D('',#6899,#5666,#5667);
#5019=AXIS2_PLACEMENT_3D('',#6903,#5669,#5670);
#5020=AXIS2_PLACEMENT_3D('',#6906,#5672,#5673);
#5021=AXIS2_PLACEMENT_3D('',#6911,#5675,#5676);
#5022=AXIS2_PLACEMENT_3D('',#6915,#5678,#5679);
#5023=AXIS2_PLACEMENT_3D('',#6919,#5681,#5682);
#5024=AXIS2_PLACEMENT_3D('',#6922,#5684,#5685);
#5025=AXIS2_PLACEMENT_3D('',#6923,#5686,#5687);
#5026=AXIS2_PLACEMENT_3D('',#6933,#5689,#5690);
#5027=AXIS2_PLACEMENT_3D('',#6935,#5692,#5693);
#5028=AXIS2_PLACEMENT_3D('',#6944,#5696,#5697);
#5029=AXIS2_PLACEMENT_3D('',#6951,#5698,#5699);
#5030=AXIS2_PLACEMENT_3D('',#6953,#5701,#5702);
#5031=AXIS2_PLACEMENT_3D('',#6962,#5705,#5706);
#5032=AXIS2_PLACEMENT_3D('',#6969,#5707,#5708);
#5033=AXIS2_PLACEMENT_3D('',#6971,#5710,#5711);
#5034=AXIS2_PLACEMENT_3D('',#6982,#5713,#5714);
#5035=AXIS2_PLACEMENT_3D('',#6984,#5716,#5717);
#5036=AXIS2_PLACEMENT_3D('',#6993,#5720,#5721);
#5037=AXIS2_PLACEMENT_3D('',#7001,#5722,#5723);
#5038=AXIS2_PLACEMENT_3D('',#7003,#5725,#5726);
#5039=AXIS2_PLACEMENT_3D('',#7012,#5729,#5730);
#5040=AXIS2_PLACEMENT_3D('',#7021,#5733,#5734);
#5041=AXIS2_PLACEMENT_3D('',#7033,#5738,#5739);
#5042=AXIS2_PLACEMENT_3D('',#7041,#5740,#5741);
#5043=AXIS2_PLACEMENT_3D('',#7043,#5743,#5744);
#5044=AXIS2_PLACEMENT_3D('',#7055,#5748,#5749);
#5045=AXIS2_PLACEMENT_3D('',#7061,#5750,#5751);
#5046=AXIS2_PLACEMENT_3D('',#7062,#5752,#5753);
#5047=AXIS2_PLACEMENT_3D('',#7071,#5756,#5757);
#5048=AXIS2_PLACEMENT_3D('',#7079,#5758,#5759);
#5049=AXIS2_PLACEMENT_3D('',#7081,#5761,#5762);
#5050=AXIS2_PLACEMENT_3D('',#7090,#5765,#5766);
#5051=AXIS2_PLACEMENT_3D('',#7096,#5767,#5768);
#5052=AXIS2_PLACEMENT_3D('',#7405,#5769,#5770);
#5053=AXIS2_PLACEMENT_3D('',#7414,#5773,#5774);
#5054=AXIS2_PLACEMENT_3D('',#7422,#5775,#5776);
#5055=AXIS2_PLACEMENT_3D('',#7424,#5778,#5779);
#5056=AXIS2_PLACEMENT_3D('',#7433,#5782,#5783);
#5057=AXIS2_PLACEMENT_3D('',#7439,#5784,#5785);
#5058=AXIS2_PLACEMENT_3D('',#7748,#5786,#5787);
#5059=AXIS2_PLACEMENT_3D('',#7831,#5792,#5793);
#5060=AXIS2_PLACEMENT_3D('',#7840,#5796,#5797);
#5061=AXIS2_PLACEMENT_3D('',#7848,#5798,#5799);
#5062=AXIS2_PLACEMENT_3D('',#7850,#5801,#5802);
#5063=AXIS2_PLACEMENT_3D('',#7859,#5805,#5806);
#5064=AXIS2_PLACEMENT_3D('',#7867,#5807,#5808);
#5065=AXIS2_PLACEMENT_3D('',#7869,#5810,#5811);
#5066=AXIS2_PLACEMENT_3D('',#7878,#5814,#5815);
#5067=AXIS2_PLACEMENT_3D('',#7883,#5816,#5817);
#5068=AXIS2_PLACEMENT_3D('',#8256,#5818,#5819);
#5069=AXIS2_PLACEMENT_3D('',#8267,#5824,#5825);
#5070=AXIS2_PLACEMENT_3D('',#8271,#5827,#5828);
#5071=AXIS2_PLACEMENT_3D('',#8275,#5830,#5831);
#5072=AXIS2_PLACEMENT_3D('',#8279,#5833,#5834);
#5073=AXIS2_PLACEMENT_3D('',#8281,#5836,#5837);
#5074=AXIS2_PLACEMENT_3D('',#8295,#5845,#5846);
#5075=AXIS2_PLACEMENT_3D('',#8318,#5851,#5852);
#5076=AXIS2_PLACEMENT_3D('',#8320,#5853,#5854);
#5077=AXIS2_PLACEMENT_3D('',#8322,#5855,#5856);
#5078=AXIS2_PLACEMENT_3D('',#8324,#5858,#5859);
#5079=AXIS2_PLACEMENT_3D('',#8325,#5860,#5861);
#5080=AXIS2_PLACEMENT_3D('',#8326,#5862,#5863);
#5081=AXIS2_PLACEMENT_3D('',#8339,#5864,#5865);
#5082=AXIS2_PLACEMENT_3D('',#8340,#5866,#5867);
#5083=AXIS2_PLACEMENT_3D('',#8354,#5869,#5870);
#5084=AXIS2_PLACEMENT_3D('',#8357,#5872,#5873);
#5085=AXIS2_PLACEMENT_3D('',#8358,#5874,#5875);
#5086=AXIS2_PLACEMENT_3D('',#8359,#5876,#5877);
#5087=AXIS2_PLACEMENT_3D('',#8360,#5878,#5879);
#5088=AXIS2_PLACEMENT_3D('',#8362,#5880,#5881);
#5089=AXIS2_PLACEMENT_3D('',#8363,#5882,#5883);
#5090=AXIS2_PLACEMENT_3D('',#8364,#5884,#5885);
#5091=AXIS2_PLACEMENT_3D('',#8365,#5886,#5887);
#5092=AXIS2_PLACEMENT_3D('',#8366,#5888,#5889);
#5093=AXIS2_PLACEMENT_3D('',#8367,#5890,#5891);
#5094=AXIS2_PLACEMENT_3D('',#8368,#5892,#5893);
#5095=AXIS2_PLACEMENT_3D('',#8369,#5894,#5895);
#5096=AXIS2_PLACEMENT_3D('',#8372,#5898,#5899);
#5097=AXIS2_PLACEMENT_3D('',#8374,#5901,#5902);
#5098=AXIS2_PLACEMENT_3D('',#8376,#5904,#5905);
#5099=AXIS2_PLACEMENT_3D('',#8378,#5907,#5908);
#5100=AXIS2_PLACEMENT_3D('',#8380,#5910,#5911);
#5101=AXIS2_PLACEMENT_3D('',#8382,#5913,#5914);
#5102=AXIS2_PLACEMENT_3D('',#8384,#5916,#5917);
#5103=AXIS2_PLACEMENT_3D('',#8385,#5918,#5919);
#5104=AXIS2_PLACEMENT_3D('',#8394,#5922,#5923);
#5105=AXIS2_PLACEMENT_3D('',#8401,#5925,#5926);
#5106=AXIS2_PLACEMENT_3D('',#8628,#5928,#5929);
#5107=AXIS2_PLACEMENT_3D('',#8661,#5930,#5931);
#5108=AXIS2_PLACEMENT_3D('',#8673,#5933,#5934);
#5109=AXIS2_PLACEMENT_3D('',#8680,#5936,#5937);
#5110=AXIS2_PLACEMENT_3D('',#8895,#5938,#5939);
#5111=AXIS2_PLACEMENT_3D('',#8896,#5940,#5941);
#5112=AXIS2_PLACEMENT_3D('',#8917,#5946,#5947);
#5113=AXIS2_PLACEMENT_3D('',#8921,#5949,#5950);
#5114=AXIS2_PLACEMENT_3D('',#8925,#5952,#5953);
#5115=AXIS2_PLACEMENT_3D('',#8929,#5955,#5956);
#5116=AXIS2_PLACEMENT_3D('',#8931,#5958,#5959);
#5117=AXIS2_PLACEMENT_3D('',#8946,#5960,#5961);
#5118=AXIS2_PLACEMENT_3D('',#8967,#5966,#5967);
#5119=AXIS2_PLACEMENT_3D('',#8971,#5969,#5970);
#5120=AXIS2_PLACEMENT_3D('',#8975,#5972,#5973);
#5121=AXIS2_PLACEMENT_3D('',#8979,#5975,#5976);
#5122=AXIS2_PLACEMENT_3D('',#8981,#5978,#5979);
#5123=AXIS2_PLACEMENT_3D('',#8996,#5980,#5981);
#5124=AXIS2_PLACEMENT_3D('',#9008,#5983,#5984);
#5125=AXIS2_PLACEMENT_3D('',#9015,#5986,#5987);
#5126=AXIS2_PLACEMENT_3D('',#9253,#5988,#5989);
#5127=AXIS2_PLACEMENT_3D('',#9265,#5991,#5992);
#5128=AXIS2_PLACEMENT_3D('',#9272,#5994,#5995);
#5129=AXIS2_PLACEMENT_3D('',#9550,#5996,#5997);
#5130=AXIS2_PLACEMENT_3D('',#9595,#6002,#6003);
#5131=AXIS2_PLACEMENT_3D('',#9598,#6006,#6007);
#5132=AXIS2_PLACEMENT_3D('',#9600,#6009,#6010);
#5133=AXIS2_PLACEMENT_3D('',#9603,#6013,#6014);
#5134=AXIS2_PLACEMENT_3D('',#9605,#6016,#6017);
#5135=AXIS2_PLACEMENT_3D('',#9607,#6019,#6020);
#5136=AXIS2_PLACEMENT_3D('',#9608,#6021,#6022);
#5137=AXIS2_PLACEMENT_3D('',#9610,#6024,#6025);
#5138=AXIS2_PLACEMENT_3D('',#9611,#6026,#6027);
#5139=AXIS2_PLACEMENT_3D('',#9614,#6030,#6031);
#5140=AXIS2_PLACEMENT_3D('',#9616,#6033,#6034);
#5141=AXIS2_PLACEMENT_3D('',#9618,#6036,#6037);
#5142=AXIS2_PLACEMENT_3D('',#9620,#6039,#6040);
#5143=AXIS2_PLACEMENT_3D('',#9623,#6043,#6044);
#5144=AXIS2_PLACEMENT_3D('',#9624,#6045,#6046);
#5145=AXIS2_PLACEMENT_3D('',#9626,#6048,#6049);
#5146=AXIS2_PLACEMENT_3D('',#9627,#6050,#6051);
#5147=AXIS2_PLACEMENT_3D('',#9636,#6056,#6057);
#5148=AXIS2_PLACEMENT_3D('',#9642,#6061,#6062);
#5149=AXIS2_PLACEMENT_3D('',#9648,#6066,#6067);
#5150=AXIS2_PLACEMENT_3D('',#9651,#6070,#6071);
#5151=AXIS2_PLACEMENT_3D('',#9674,#6076,#6077);
#5152=AXIS2_PLACEMENT_3D('',#9680,#6081,#6082);
#5153=AXIS2_PLACEMENT_3D('',#9683,#6085,#6086);
#5154=AXIS2_PLACEMENT_3D('',#9684,#6087,#6088);
#5155=AXIS2_PLACEMENT_3D('',#9685,#6089,#6090);
#5156=AXIS2_PLACEMENT_3D('',#9689,#6092,#6093);
#5157=AXIS2_PLACEMENT_3D('',#9691,#6095,#6096);
#5158=AXIS2_PLACEMENT_3D('',#9695,#6099,#6100);
#5159=AXIS2_PLACEMENT_3D('',#9697,#6101,#6102);
#5160=AXIS2_PLACEMENT_3D('',#9708,#6104,#6105);
#5161=AXIS2_PLACEMENT_3D('',#9709,#6106,#6107);
#5162=AXIS2_PLACEMENT_3D('',#9724,#6108,#6109);
#5163=AXIS2_PLACEMENT_3D('',#9725,#6110,#6111);
#5164=AXIS2_PLACEMENT_3D('',#9726,#6112,#6113);
#5165=AXIS2_PLACEMENT_3D('',#9736,#6114,#6115);
#5166=AXIS2_PLACEMENT_3D('',#9751,#6116,#6117);
#5167=AXIS2_PLACEMENT_3D('',#9752,#6118,#6119);
#5168=AXIS2_PLACEMENT_3D('',#9753,#6120,#6121);
#5169=AXIS2_PLACEMENT_3D('',#9754,#6122,#6123);
#5170=AXIS2_PLACEMENT_3D('',#9755,#6124,#6125);
#5171=AXIS2_PLACEMENT_3D('',#9756,#6126,#6127);
#5172=AXIS2_PLACEMENT_3D('',#9759,#6128,#6129);
#5173=AXIS2_PLACEMENT_3D('',#9763,#6131,#6132);
#5174=AXIS2_PLACEMENT_3D('',#9765,#6134,#6135);
#5175=AXIS2_PLACEMENT_3D('',#9771,#6139,#6140);
#5176=AXIS2_PLACEMENT_3D('',#9773,#6141,#6142);
#5177=AXIS2_PLACEMENT_3D('',#9775,#6143,#6144);
#5178=AXIS2_PLACEMENT_3D('',#9777,#6146,#6147);
#5179=AXIS2_PLACEMENT_3D('',#9783,#6151,#6152);
#5180=AXIS2_PLACEMENT_3D('',#9792,#6157,#6158);
#5181=AXIS2_PLACEMENT_3D('',#9799,#6162,#6163);
#5182=AXIS2_PLACEMENT_3D('',#9803,#6165,#6166);
#5183=AXIS2_PLACEMENT_3D('',#9806,#6168,#6169);
#5184=AXIS2_PLACEMENT_3D('',#9808,#6170,#6171);
#5185=AXIS2_PLACEMENT_3D('',#9812,#6173,#6174);
#5186=AXIS2_PLACEMENT_3D('',#9816,#6176,#6177);
#5187=AXIS2_PLACEMENT_3D('',#9818,#6179,#6180);
#5188=AXIS2_PLACEMENT_3D('',#9820,#6182,#6183);
#5189=AXIS2_PLACEMENT_3D('',#9822,#6185,#6186);
#5190=AXIS2_PLACEMENT_3D('',#9823,#6187,#6188);
#5191=AXIS2_PLACEMENT_3D('',#9825,#6189,#6190);
#5192=AXIS2_PLACEMENT_3D('',#9827,#6192,#6193);
#5193=AXIS2_PLACEMENT_3D('',#9831,#6196,#6197);
#5194=AXIS2_PLACEMENT_3D('',#9833,#6198,#6199);
#5195=AXIS2_PLACEMENT_3D('',#9835,#6201,#6202);
#5196=AXIS2_PLACEMENT_3D('',#9837,#6203,#6204);
#5197=AXIS2_PLACEMENT_3D('',#9839,#6206,#6207);
#5198=AXIS2_PLACEMENT_3D('',#9843,#6210,#6211);
#5199=AXIS2_PLACEMENT_3D('',#9845,#6212,#6213);
#5200=AXIS2_PLACEMENT_3D('',#9847,#6215,#6216);
#5201=AXIS2_PLACEMENT_3D('',#9849,#6218,#6219);
#5202=AXIS2_PLACEMENT_3D('',#9851,#6220,#6221);
#5203=AXIS2_PLACEMENT_3D('',#9853,#6222,#6223);
#5204=AXIS2_PLACEMENT_3D('',#9855,#6225,#6226);
#5205=AXIS2_PLACEMENT_3D('',#9857,#6227,#6228);
#5206=AXIS2_PLACEMENT_3D('',#9858,#6229,#6230);
#5207=AXIS2_PLACEMENT_3D('',#9859,#6231,#6232);
#5208=AXIS2_PLACEMENT_3D('',#9861,#6233,#6234);
#5209=AXIS2_PLACEMENT_3D('',#9863,#6236,#6237);
#5210=AXIS2_PLACEMENT_3D('',#9864,#6238,#6239);
#5211=AXIS2_PLACEMENT_3D('',#9865,#6240,#6241);
#5212=AXIS2_PLACEMENT_3D('',#9866,#6242,#6243);
#5213=AXIS2_PLACEMENT_3D('',#9868,#6244,#6245);
#5214=AXIS2_PLACEMENT_3D('',#9870,#6247,#6248);
#5215=AXIS2_PLACEMENT_3D('',#9872,#6249,#6250);
#5216=AXIS2_PLACEMENT_3D('',#9873,#6251,#6252);
#5217=AXIS2_PLACEMENT_3D('',#9874,#6253,#6254);
#5218=AXIS2_PLACEMENT_3D('',#9876,#6255,#6256);
#5219=AXIS2_PLACEMENT_3D('',#9878,#6258,#6259);
#5220=AXIS2_PLACEMENT_3D('',#9879,#6260,#6261);
#5221=AXIS2_PLACEMENT_3D('',#9880,#6262,#6263);
#5222=AXIS2_PLACEMENT_3D('',#9884,#6266,#6267);
#5223=AXIS2_PLACEMENT_3D('',#9886,#6268,#6269);
#5224=AXIS2_PLACEMENT_3D('',#9888,#6271,#6272);
#5225=AXIS2_PLACEMENT_3D('',#9892,#6275,#6276);
#5226=AXIS2_PLACEMENT_3D('',#9893,#6277,#6278);
#5227=AXIS2_PLACEMENT_3D('',#9894,#6279,#6280);
#5228=AXIS2_PLACEMENT_3D('',#9896,#6281,#6282);
#5229=AXIS2_PLACEMENT_3D('',#9898,#6283,#6284);
#5230=AXIS2_PLACEMENT_3D('',#9899,#6285,#6286);
#5231=AXIS2_PLACEMENT_3D('',#9900,#6287,#6288);
#5232=AXIS2_PLACEMENT_3D('',#9902,#6289,#6290);
#5233=AXIS2_PLACEMENT_3D('',#9904,#6292,#6293);
#5234=AXIS2_PLACEMENT_3D('',#9906,#6294,#6295);
#5235=AXIS2_PLACEMENT_3D('',#9907,#6296,#6297);
#5236=AXIS2_PLACEMENT_3D('',#9908,#6298,#6299);
#5237=AXIS2_PLACEMENT_3D('',#9910,#6300,#6301);
#5238=AXIS2_PLACEMENT_3D('',#9912,#6303,#6304);
#5239=AXIS2_PLACEMENT_3D('',#9914,#6305,#6306);
#5240=AXIS2_PLACEMENT_3D('',#9915,#6307,#6308);
#5241=AXIS2_PLACEMENT_3D('',#9916,#6309,#6310);
#5242=AXIS2_PLACEMENT_3D('',#9918,#6311,#6312);
#5243=AXIS2_PLACEMENT_3D('',#9920,#6314,#6315);
#5244=AXIS2_PLACEMENT_3D('',#9922,#6316,#6317);
#5245=AXIS2_PLACEMENT_3D('',#9923,#6318,#6319);
#5246=AXIS2_PLACEMENT_3D('',#9924,#6320,#6321);
#5247=AXIS2_PLACEMENT_3D('',#9926,#6323,#6324);
#5248=AXIS2_PLACEMENT_3D('',#9930,#6327,#6328);
#5249=AXIS2_PLACEMENT_3D('',#9936,#6332,#6333);
#5250=AXIS2_PLACEMENT_3D('',#9939,#6334,#6335);
#5251=AXIS2_PLACEMENT_3D('',#9951,#6338,#6339);
#5252=AXIS2_PLACEMENT_3D('',#9952,#6340,#6341);
#5253=AXIS2_PLACEMENT_3D('',#9954,#6342,#6343);
#5254=AXIS2_PLACEMENT_3D('',#9979,#6344,#6345);
#5255=AXIS2_PLACEMENT_3D('',#9980,#6346,#6347);
#5256=AXIS2_PLACEMENT_3D('',#9993,#6348,#6349);
#5257=AXIS2_PLACEMENT_3D('',#9994,#6350,#6351);
#5258=AXIS2_PLACEMENT_3D('',#9995,#6352,#6353);
#5259=AXIS2_PLACEMENT_3D('',#9996,#6354,#6355);
#5260=AXIS2_PLACEMENT_3D('',#9997,#6356,#6357);
#5261=AXIS2_PLACEMENT_3D('',#9998,#6358,#6359);
#5262=AXIS2_PLACEMENT_3D('',#10000,#6361,#6362);
#5263=AXIS2_PLACEMENT_3D('',#10003,#6365,#6366);
#5264=AXIS2_PLACEMENT_3D('',#10005,#6368,#6369);
#5265=AXIS2_PLACEMENT_3D('',#10007,#6371,#6372);
#5266=AXIS2_PLACEMENT_3D('',#10009,#6374,#6375);
#5267=AXIS2_PLACEMENT_3D('',#10011,#6377,#6378);
#5268=AXIS2_PLACEMENT_3D('',#10012,#6379,#6380);
#5269=AXIS2_PLACEMENT_3D('',#10013,#6381,#6382);
#5270=AXIS2_PLACEMENT_3D('',#10016,#6385,#6386);
#5271=AXIS2_PLACEMENT_3D('',#10019,#6389,#6390);
#5272=AXIS2_PLACEMENT_3D('',#10021,#6392,#6393);
#5273=AXIS2_PLACEMENT_3D('',#10022,#6394,#6395);
#5274=AXIS2_PLACEMENT_3D('',#10024,#6397,#6398);
#5275=AXIS2_PLACEMENT_3D('',#10025,#6399,#6400);
#5276=AXIS2_PLACEMENT_3D('',#10028,#6403,#6404);
#5277=AXIS2_PLACEMENT_3D('',#10030,#6406,#6407);
#5278=AXIS2_PLACEMENT_3D('',#10032,#6409,#6410);
#5279=AXIS2_PLACEMENT_3D('',#10034,#6412,#6413);
#5280=AXIS2_PLACEMENT_3D('',#10036,#6415,#6416);
#5281=AXIS2_PLACEMENT_3D('',#10037,#6417,#6418);
#5282=AXIS2_PLACEMENT_3D('',#10040,#6421,#6422);
#5283=AXIS2_PLACEMENT_3D('',#10042,#6424,#6425);
#5284=AXIS2_PLACEMENT_3D('',#10044,#6427,#6428);
#5285=AXIS2_PLACEMENT_3D('',#10046,#6430,#6431);
#5286=AXIS2_PLACEMENT_3D('',#10048,#6433,#6434);
#5287=AXIS2_PLACEMENT_3D('',#10049,#6435,#6436);
#5288=AXIS2_PLACEMENT_3D('',#10051,#6438,#6439);
#5289=AXIS2_PLACEMENT_3D('',#10053,#6441,#6442);
#5290=AXIS2_PLACEMENT_3D('',#10055,#6444,#6445);
#5291=AXIS2_PLACEMENT_3D('',#10056,#6446,#6447);
#5292=DIRECTION('axis',(0.,0.,1.));
#5293=DIRECTION('refdir',(1.,0.,0.));
#5294=DIRECTION('center_axis',(1.90644357763916E-16,-1.,0.));
#5295=DIRECTION('ref_axis',(-0.707106781186553,0.,0.707106781186542));
#5296=DIRECTION('center_axis',(0.,1.,0.));
#5297=DIRECTION('ref_axis',(-1.,0.,0.));
#5298=DIRECTION('',(1.90644357763916E-16,-1.,0.));
#5299=DIRECTION('center_axis',(0.,-1.,0.));
#5300=DIRECTION('ref_axis',(0.,0.,1.));
#5301=DIRECTION('',(-1.90644357763916E-16,1.,0.));
#5302=DIRECTION('center_axis',(0.,0.,1.));
#5303=DIRECTION('ref_axis',(1.,0.,0.));
#5304=DIRECTION('center_axis',(1.,4.62592926927145E-16,0.));
#5305=DIRECTION('ref_axis',(0.,0.,1.));
#5306=DIRECTION('center_axis',(0.,0.,-1.));
#5307=DIRECTION('ref_axis',(-0.707106781186547,-0.707106781186548,0.));
#5308=DIRECTION('center_axis',(0.,0.,1.));
#5309=DIRECTION('ref_axis',(-0.707106781186547,-0.707106781186548,0.));
#5310=DIRECTION('center_axis',(1.,-5.19402584619956E-17,0.));
#5311=DIRECTION('ref_axis',(0.,-0.70710678118654,0.707106781186555));
#5312=DIRECTION('center_axis',(1.,0.,0.));
#5313=DIRECTION('ref_axis',(0.,0.,1.));
#5314=DIRECTION('',(-1.,5.19402584619956E-17,0.));
#5315=DIRECTION('',(1.,-5.19402584619956E-17,0.));
#5316=DIRECTION('center_axis',(0.,0.,1.));
#5317=DIRECTION('ref_axis',(1.,0.,0.));
#5318=DIRECTION('center_axis',(0.,1.,0.));
#5319=DIRECTION('ref_axis',(0.,0.,1.));
#5320=DIRECTION('center_axis',(0.,0.,-1.));
#5321=DIRECTION('ref_axis',(0.707106781186547,-0.707106781186547,0.));
#5322=DIRECTION('center_axis',(0.,0.,1.));
#5323=DIRECTION('ref_axis',(0.707106781186547,-0.707106781186547,0.));
#5324=DIRECTION('center_axis',(-3.58859967555606E-16,1.,0.));
#5325=DIRECTION('ref_axis',(0.707106781186561,0.,0.707106781186534));
#5326=DIRECTION('center_axis',(0.,1.,0.));
#5327=DIRECTION('ref_axis',(0.,0.,1.));
#5328=DIRECTION('',(3.58859967555606E-16,-1.,0.));
#5329=DIRECTION('',(-3.58859967555606E-16,1.,0.));
#5330=DIRECTION('center_axis',(0.,0.,1.));
#5331=DIRECTION('ref_axis',(1.,0.,0.));
#5332=DIRECTION('center_axis',(-1.,0.,0.));
#5333=DIRECTION('ref_axis',(0.,0.,1.));
#5334=DIRECTION('center_axis',(0.,0.,-1.));
#5335=DIRECTION('ref_axis',(0.707106781186542,0.707106781186553,0.));
#5336=DIRECTION('center_axis',(0.,0.,1.));
#5337=DIRECTION('ref_axis',(0.707106781186542,0.707106781186553,0.));
#5338=DIRECTION('center_axis',(-1.,4.15522067695965E-16,0.));
#5339=DIRECTION('ref_axis',(0.,0.707106781186561,0.707106781186534));
#5340=DIRECTION('center_axis',(-1.,0.,0.));
#5341=DIRECTION('ref_axis',(0.,0.,1.));
#5342=DIRECTION('',(1.,-4.15522067695965E-16,0.));
#5343=DIRECTION('',(-1.,4.15522067695965E-16,0.));
#5344=DIRECTION('center_axis',(0.,0.,1.));
#5345=DIRECTION('ref_axis',(1.,0.,0.));
#5346=DIRECTION('center_axis',(0.,0.,-1.));
#5347=DIRECTION('ref_axis',(-0.707106781186545,0.70710678118655,0.));
#5348=DIRECTION('center_axis',(0.,0.,1.));
#5349=DIRECTION('ref_axis',(-0.707106781186545,0.70710678118655,0.));
#5350=DIRECTION('center_axis',(0.,0.,1.));
#5351=DIRECTION('ref_axis',(1.,1.1842378929335E-14,0.));
#5352=DIRECTION('',(0.,0.,1.));
#5353=DIRECTION('center_axis',(0.,0.,1.));
#5354=DIRECTION('ref_axis',(0.707106781186542,0.707106781186553,0.));
#5355=DIRECTION('',(0.,0.,1.));
#5356=DIRECTION('center_axis',(4.15522067695965E-16,1.,0.));
#5357=DIRECTION('ref_axis',(-1.,4.15522067695965E-16,0.));
#5358=DIRECTION('',(0.,0.,1.));
#5359=DIRECTION('',(-1.,4.15522067695965E-16,0.));
#5360=DIRECTION('center_axis',(0.,0.,1.));
#5361=DIRECTION('ref_axis',(-4.44089209850062E-15,1.,0.));
#5362=DIRECTION('',(0.,0.,1.));
#5363=DIRECTION('center_axis',(0.,0.,1.));
#5364=DIRECTION('ref_axis',(-0.707106781186545,0.70710678118655,0.));
#5365=DIRECTION('center_axis',(-1.,-1.90644357763916E-16,0.));
#5366=DIRECTION('ref_axis',(1.90644357763916E-16,-1.,0.));
#5367=DIRECTION('',(0.,0.,1.));
#5368=DIRECTION('',(1.90644357763916E-16,-1.,0.));
#5369=DIRECTION('center_axis',(0.,0.,1.));
#5370=DIRECTION('ref_axis',(1.,0.,0.));
#5371=DIRECTION('',(1.,-9.81412618453177E-17,0.));
#5372=DIRECTION('',(0.,1.,0.));
#5373=DIRECTION('',(-1.,1.96282523690635E-16,0.));
#5374=DIRECTION('',(3.87050228768403E-16,-1.,0.));
#5375=DIRECTION('center_axis',(1.90644357763916E-16,-1.,0.));
#5376=DIRECTION('ref_axis',(0.707106781186545,0.,-0.70710678118655));
#5377=DIRECTION('center_axis',(0.,-1.,0.));
#5378=DIRECTION('ref_axis',(0.,0.,-1.));
#5379=DIRECTION('center_axis',(0.,1.,0.));
#5380=DIRECTION('ref_axis',(1.,0.,0.));
#5381=DIRECTION('',(-1.90644357763916E-16,1.,0.));
#5382=DIRECTION('center_axis',(0.,0.,1.));
#5383=DIRECTION('ref_axis',(1.,0.,0.));
#5384=DIRECTION('center_axis',(-1.,-1.38777878078143E-15,0.));
#5385=DIRECTION('ref_axis',(-1.38777878078143E-15,1.,0.));
#5386=DIRECTION('center_axis',(0.,0.,-1.));
#5387=DIRECTION('ref_axis',(-0.707106781186547,-0.707106781186548,0.));
#5388=DIRECTION('center_axis',(0.,0.,1.));
#5389=DIRECTION('ref_axis',(-0.707106781186547,-0.707106781186548,0.));
#5390=DIRECTION('center_axis',(1.,-5.19402584619956E-17,0.));
#5391=DIRECTION('ref_axis',(0.,0.707106781186537,-0.707106781186558));
#5392=DIRECTION('center_axis',(-1.,0.,0.));
#5393=DIRECTION('ref_axis',(0.,1.,0.));
#5394=DIRECTION('',(-1.,5.19402584619956E-17,0.));
#5395=DIRECTION('',(1.,-5.19402584619956E-17,0.));
#5396=DIRECTION('center_axis',(0.,0.,1.));
#5397=DIRECTION('ref_axis',(1.,0.,0.));
#5398=DIRECTION('center_axis',(0.,-1.,0.));
#5399=DIRECTION('ref_axis',(-1.,0.,0.));
#5400=DIRECTION('center_axis',(0.,0.,-1.));
#5401=DIRECTION('ref_axis',(0.707106781186548,-0.707106781186548,0.));
#5402=DIRECTION('center_axis',(0.,0.,1.));
#5403=DIRECTION('ref_axis',(0.707106781186547,-0.707106781186547,0.));
#5404=DIRECTION('center_axis',(-3.58859967555606E-16,1.,0.));
#5405=DIRECTION('ref_axis',(-0.707106781186558,0.,-0.707106781186537));
#5406=DIRECTION('center_axis',(0.,-1.,0.));
#5407=DIRECTION('ref_axis',(-1.,0.,0.));
#5408=DIRECTION('',(3.58859967555606E-16,-1.,0.));
#5409=DIRECTION('',(-3.58859967555606E-16,1.,0.));
#5410=DIRECTION('center_axis',(0.,0.,1.));
#5411=DIRECTION('ref_axis',(1.,0.,0.));
#5412=DIRECTION('center_axis',(1.,0.,0.));
#5413=DIRECTION('ref_axis',(0.,-1.,0.));
#5414=DIRECTION('center_axis',(0.,0.,-1.));
#5415=DIRECTION('ref_axis',(0.707106781186542,0.707106781186553,0.));
#5416=DIRECTION('center_axis',(-1.,4.15522067695965E-16,0.));
#5417=DIRECTION('ref_axis',(0.,-0.707106781186558,-0.707106781186537));
#5418=DIRECTION('center_axis',(1.,0.,0.));
#5419=DIRECTION('ref_axis',(0.,-1.,0.));
#5420=DIRECTION('',(1.,-4.15522067695965E-16,0.));
#5421=DIRECTION('center_axis',(0.,0.,1.));
#5422=DIRECTION('ref_axis',(1.,0.,0.));
#5423=DIRECTION('center_axis',(0.,0.,-1.));
#5424=DIRECTION('ref_axis',(-0.707106781186545,0.70710678118655,0.));
#5425=DIRECTION('center_axis',(0.,0.,1.));
#5426=DIRECTION('ref_axis',(0.,-1.,0.));
#5427=DIRECTION('',(0.,0.,1.));
#5428=DIRECTION('',(0.,0.,1.));
#5429=DIRECTION('center_axis',(-5.19402584619956E-17,-1.,0.));
#5430=DIRECTION('ref_axis',(1.,-5.19402584619956E-17,0.));
#5431=DIRECTION('',(0.,0.,1.));
#5432=DIRECTION('center_axis',(0.,0.,1.));
#5433=DIRECTION('ref_axis',(-1.,0.,0.));
#5434=DIRECTION('center_axis',(0.,0.,-1.));
#5435=DIRECTION('ref_axis',(-1.,0.,0.));
#5436=DIRECTION('center_axis',(0.,0.,-1.));
#5437=DIRECTION('ref_axis',(0.707106781186547,0.707106781186547,0.));
#5438=DIRECTION('',(0.,-1.,0.));
#5439=DIRECTION('center_axis',(0.,0.,-1.));
#5440=DIRECTION('ref_axis',(0.707106781186547,-0.707106781186547,0.));
#5441=DIRECTION('',(-1.,9.81412618453177E-17,0.));
#5442=DIRECTION('center_axis',(0.,0.,-1.));
#5443=DIRECTION('ref_axis',(-0.707106781186547,-0.707106781186547,0.));
#5444=DIRECTION('',(-3.87050228768403E-16,1.,0.));
#5445=DIRECTION('center_axis',(0.,0.,-1.));
#5446=DIRECTION('ref_axis',(-0.707106781186548,0.707106781186547,0.));
#5447=DIRECTION('',(1.,-1.96282523690635E-16,0.));
#5448=DIRECTION('center_axis',(1.,3.58859967555606E-16,0.));
#5449=DIRECTION('ref_axis',(-3.58859967555606E-16,1.,0.));
#5450=DIRECTION('center_axis',(1.96282523690635E-16,1.,0.));
#5451=DIRECTION('ref_axis',(-1.,1.96282523690635E-16,0.));
#5452=DIRECTION('',(0.,0.,1.));
#5453=DIRECTION('',(1.,-1.96282523690635E-16,0.));
#5454=DIRECTION('',(0.,0.,-1.));
#5455=DIRECTION('',(-1.,1.96282523690635E-16,0.));
#5456=DIRECTION('',(0.,0.,1.));
#5457=DIRECTION('',(1.,-1.96282523690635E-16,0.));
#5458=DIRECTION('',(0.,0.,-1.));
#5459=DIRECTION('',(-1.,1.96282523690635E-16,0.));
#5460=DIRECTION('',(0.,0.,1.));
#5461=DIRECTION('',(1.,-1.96282523690635E-16,0.));
#5462=DIRECTION('',(0.,0.,-1.));
#5463=DIRECTION('center_axis',(1.,0.,0.));
#5464=DIRECTION('ref_axis',(0.,1.,0.));
#5465=DIRECTION('',(0.,0.,-1.));
#5466=DIRECTION('',(0.,-1.,0.));
#5467=DIRECTION('center_axis',(0.,0.,-1.));
#5468=DIRECTION('ref_axis',(-1.,-1.16666550491808E-15,0.));
#5469=DIRECTION('center_axis',(0.,0.,-1.));
#5470=DIRECTION('ref_axis',(-1.,-1.16666550491808E-15,0.));
#5471=DIRECTION('',(0.,0.,1.));
#5472=DIRECTION('center_axis',(0.,0.,1.));
#5473=DIRECTION('ref_axis',(-1.,-1.16666550491808E-15,0.));
#5474=DIRECTION('center_axis',(0.,0.,-1.));
#5475=DIRECTION('ref_axis',(-1.,-1.16666550491808E-15,0.));
#5476=DIRECTION('center_axis',(0.,0.,-1.));
#5477=DIRECTION('ref_axis',(-1.,-1.16666550491808E-15,0.));
#5478=DIRECTION('',(0.,0.,-1.));
#5479=DIRECTION('center_axis',(0.,0.,1.));
#5480=DIRECTION('ref_axis',(-1.,-1.16666550491808E-15,0.));
#5481=DIRECTION('center_axis',(0.,0.,-1.));
#5482=DIRECTION('ref_axis',(1.,1.16666550491808E-15,0.));
#5483=DIRECTION('',(-0.999756533524536,-0.0220652141390984,0.));
#5484=DIRECTION('',(-0.480769230777867,-0.876847162701264,0.));
#5485=DIRECTION('',(0.51898730274667,-0.854781948562168,0.));
#5486=DIRECTION('',(0.999756533524536,0.0220652141390984,0.));
#5487=DIRECTION('',(0.480769230777867,0.876847162701264,0.));
#5488=DIRECTION('',(-0.51898730274667,0.854781948562168,0.));
#5489=DIRECTION('center_axis',(0.,0.,1.));
#5490=DIRECTION('ref_axis',(-1.,-1.16666550491808E-15,0.));
#5491=DIRECTION('center_axis',(0.,0.,1.));
#5492=DIRECTION('ref_axis',(1.,-3.92565047381271E-16,0.));
#5493=DIRECTION('center_axis',(0.,0.,1.));
#5494=DIRECTION('ref_axis',(1.,-3.92565047381271E-16,0.));
#5495=DIRECTION('',(0.,0.,1.));
#5496=DIRECTION('center_axis',(0.,0.,1.));
#5497=DIRECTION('ref_axis',(1.,-3.92565047381271E-16,0.));
#5498=DIRECTION('center_axis',(0.,0.,1.));
#5499=DIRECTION('ref_axis',(1.,-3.92565047381271E-16,0.));
#5500=DIRECTION('center_axis',(0.,0.,-1.));
#5501=DIRECTION('ref_axis',(1.,-3.92565047381271E-16,0.));
#5502=DIRECTION('',(0.,0.,-1.));
#5503=DIRECTION('center_axis',(0.,0.,1.));
#5504=DIRECTION('ref_axis',(1.,-3.92565047381271E-16,0.));
#5505=DIRECTION('center_axis',(0.,0.,1.));
#5506=DIRECTION('ref_axis',(-1.,3.92565047381271E-16,0.));
#5507=DIRECTION('',(0.999756533524536,-0.0220652141390976,0.));
#5508=DIRECTION('',(0.518987302746669,0.854781948562168,0.));
#5509=DIRECTION('',(-0.480769230777868,0.876847162701264,0.));
#5510=DIRECTION('',(-0.999756533524536,0.0220652141390976,0.));
#5511=DIRECTION('',(-0.518987302746669,-0.854781948562168,0.));
#5512=DIRECTION('',(0.480769230777868,-0.876847162701264,0.));
#5513=DIRECTION('center_axis',(0.,0.,-1.));
#5514=DIRECTION('ref_axis',(1.,-3.92565047381271E-16,0.));
#5515=DIRECTION('center_axis',(0.,0.,1.));
#5516=DIRECTION('ref_axis',(-1.,-7.74100457536806E-16,0.));
#5517=DIRECTION('center_axis',(0.,0.,1.));
#5518=DIRECTION('ref_axis',(-1.,-7.74100457536806E-16,0.));
#5519=DIRECTION('',(0.,0.,1.));
#5520=DIRECTION('center_axis',(0.,0.,1.));
#5521=DIRECTION('ref_axis',(-1.,-7.74100457536806E-16,0.));
#5522=DIRECTION('',(0.,0.,1.));
#5523=DIRECTION('center_axis',(0.,0.,1.));
#5524=DIRECTION('ref_axis',(-1.,-7.74100457536806E-16,0.));
#5525=DIRECTION('',(0.,0.,-1.));
#5526=DIRECTION('center_axis',(0.,0.,1.));
#5527=DIRECTION('ref_axis',(-1.,-7.74100457536806E-16,0.));
#5528=DIRECTION('center_axis',(0.,0.,1.));
#5529=DIRECTION('ref_axis',(-1.,-7.74100457536806E-16,0.));
#5530=DIRECTION('',(0.,0.,1.));
#5531=DIRECTION('center_axis',(0.,0.,-1.));
#5532=DIRECTION('ref_axis',(-1.,-7.74100457536806E-16,0.));
#5533=DIRECTION('center_axis',(0.,0.,-1.));
#5534=DIRECTION('ref_axis',(-1.,-7.74100457536806E-16,0.));
#5535=DIRECTION('',(0.,0.,-1.));
#5536=DIRECTION('center_axis',(0.,0.,-1.));
#5537=DIRECTION('ref_axis',(-1.,-7.74100457536806E-16,0.));
#5538=DIRECTION('center_axis',(0.,0.,1.));
#5539=DIRECTION('ref_axis',(-1.,-7.74100457536806E-16,0.));
#5540=DIRECTION('center_axis',(0.,0.,-1.));
#5541=DIRECTION('ref_axis',(-1.,-7.74100457536806E-16,0.));
#5542=DIRECTION('',(0.,0.,-1.));
#5543=DIRECTION('center_axis',(0.,0.,1.));
#5544=DIRECTION('ref_axis',(-1.,-7.74100457536806E-16,0.));
#5545=DIRECTION('center_axis',(0.,0.,1.));
#5546=DIRECTION('ref_axis',(1.,7.74100457536806E-16,0.));
#5547=DIRECTION('',(-0.999756533524536,0.0220652141390964,0.));
#5548=DIRECTION('',(-0.518987302746668,-0.854781948562169,0.));
#5549=DIRECTION('',(0.480769230777869,-0.876847162701264,0.));
#5550=DIRECTION('',(0.999756533524536,-0.0220652141390964,0.));
#5551=DIRECTION('',(0.518987302746668,0.854781948562169,0.));
#5552=DIRECTION('',(-0.480769230777869,0.876847162701264,0.));
#5553=DIRECTION('center_axis',(0.,0.,-1.));
#5554=DIRECTION('ref_axis',(-1.,-7.74100457536806E-16,0.));
#5555=DIRECTION('center_axis',(0.,0.,1.));
#5556=DIRECTION('ref_axis',(1.,0.,0.));
#5557=DIRECTION('',(0.,1.,0.));
#5558=DIRECTION('',(-1.,9.81412618453177E-17,0.));
#5559=DIRECTION('',(-3.87050228768403E-16,1.,0.));
#5560=DIRECTION('',(0.,-1.,0.));
#5561=DIRECTION('',(1.,0.,0.));
#5562=DIRECTION('',(0.,1.,0.));
#5563=DIRECTION('',(0.,-1.,0.));
#5564=DIRECTION('',(1.,0.,0.));
#5565=DIRECTION('',(0.,1.,0.));
#5566=DIRECTION('center_axis',(0.,0.,1.));
#5567=DIRECTION('ref_axis',(1.,0.,0.));
#5568=DIRECTION('center_axis',(1.,0.,0.));
#5569=DIRECTION('ref_axis',(0.,-1.,0.));
#5570=DIRECTION('',(0.,-1.,0.));
#5571=DIRECTION('center_axis',(1.,-1.48029736616688E-15,0.));
#5572=DIRECTION('ref_axis',(-1.48029736616688E-15,-1.,0.));
#5573=DIRECTION('',(-1.48029736616688E-15,-1.,0.));
#5574=DIRECTION('center_axis',(1.,-1.48029736616688E-15,0.));
#5575=DIRECTION('ref_axis',(4.07496851204792E-16,0.275280400086082,0.961363979629176));
#5576=DIRECTION('',(-1.48029736616688E-15,-1.,0.));
#5577=DIRECTION('center_axis',(-1.48029736616688E-15,-1.,0.));
#5578=DIRECTION('ref_axis',(-0.707106781186547,0.,0.707106781186547));
#5579=DIRECTION('',(1.48029736616688E-15,1.,0.));
#5580=DIRECTION('center_axis',(0.,1.,0.));
#5581=DIRECTION('ref_axis',(-1.,0.,0.));
#5582=DIRECTION('center_axis',(0.,0.,1.));
#5583=DIRECTION('ref_axis',(1.,0.,0.));
#5584=DIRECTION('',(1.48029736616688E-15,1.,0.));
#5585=DIRECTION('',(1.,6.34413156928663E-16,0.));
#5586=DIRECTION('',(4.44089209850063E-15,-1.,0.));
#5587=DIRECTION('',(1.,-1.96282523690635E-16,0.));
#5588=DIRECTION('',(0.,1.,0.));
#5589=DIRECTION('',(1.,0.,0.));
#5590=DIRECTION('',(0.,-1.,0.));
#5591=DIRECTION('',(1.,-1.96282523690635E-16,0.));
#5592=DIRECTION('',(-3.87050228768403E-16,1.,0.));
#5593=DIRECTION('',(-1.,9.81412618453177E-17,0.));
#5594=DIRECTION('',(0.,-1.,0.));
#5595=DIRECTION('',(1.,-1.96282523690635E-16,0.));
#5596=DIRECTION('',(-0.480769230777867,-0.876847162701264,0.));
#5597=DIRECTION('',(-0.999756533524536,-0.0220652141390984,0.));
#5598=DIRECTION('',(-0.51898730274667,0.854781948562168,0.));
#5599=DIRECTION('',(0.480769230777867,0.876847162701264,0.));
#5600=DIRECTION('',(0.999756533524536,0.0220652141390984,0.));
#5601=DIRECTION('',(0.51898730274667,-0.854781948562168,0.));
#5602=DIRECTION('',(-0.480769230777868,0.876847162701264,0.));
#5603=DIRECTION('',(0.518987302746669,0.854781948562168,0.));
#5604=DIRECTION('',(0.999756533524536,-0.0220652141390976,0.));
#5605=DIRECTION('',(0.480769230777868,-0.876847162701264,0.));
#5606=DIRECTION('',(-0.518987302746669,-0.854781948562168,0.));
#5607=DIRECTION('',(-0.999756533524536,0.0220652141390976,0.));
#5608=DIRECTION('',(0.999756533524536,-0.0220652141390964,0.));
#5609=DIRECTION('',(0.480769230777869,-0.876847162701264,0.));
#5610=DIRECTION('',(-0.518987302746668,-0.854781948562169,0.));
#5611=DIRECTION('',(-0.999756533524536,0.0220652141390964,0.));
#5612=DIRECTION('',(-0.480769230777869,0.876847162701264,0.));
#5613=DIRECTION('',(0.518987302746668,0.854781948562169,0.));
#5614=DIRECTION('',(0.480769230777868,0.876847162701264,0.));
#5615=DIRECTION('',(0.999756533524536,0.0220652141390972,0.));
#5616=DIRECTION('',(0.518987302746669,-0.854781948562169,0.));
#5617=DIRECTION('',(-0.480769230777868,-0.876847162701264,0.));
#5618=DIRECTION('',(-0.999756533524536,-0.0220652141390972,0.));
#5619=DIRECTION('',(-0.518987302746669,0.854781948562168,0.));
#5620=DIRECTION('center_axis',(-1.48029736616688E-15,-1.,0.));
#5621=DIRECTION('ref_axis',(-0.707106781186547,0.,0.707106781186547));
#5622=DIRECTION('',(-1.48029736616688E-15,-1.,0.));
#5623=DIRECTION('center_axis',(-0.707106781186548,-0.707106781186548,0.));
#5624=DIRECTION('ref_axis',(0.707106781186548,-0.707106781186548,0.));
#5625=DIRECTION('center_axis',(0.,0.,-1.));
#5626=DIRECTION('ref_axis',(1.,0.,0.));
#5627=DIRECTION('center_axis',(0.,0.,-1.));
#5628=DIRECTION('ref_axis',(1.,0.,0.));
#5629=DIRECTION('',(0.,0.,1.));
#5630=DIRECTION('center_axis',(0.,0.,-1.));
#5631=DIRECTION('ref_axis',(1.,0.,0.));
#5632=DIRECTION('center_axis',(0.,0.,-1.));
#5633=DIRECTION('ref_axis',(1.,0.,0.));
#5634=DIRECTION('',(0.,0.,-1.));
#5635=DIRECTION('center_axis',(0.,0.,1.));
#5636=DIRECTION('ref_axis',(1.,0.,0.));
#5637=DIRECTION('center_axis',(0.,0.,-1.));
#5638=DIRECTION('ref_axis',(-1.,0.,0.));
#5639=DIRECTION('',(0.999756533524536,0.0220652141390972,0.));
#5640=DIRECTION('',(0.480769230777868,0.876847162701264,0.));
#5641=DIRECTION('',(-0.518987302746669,0.854781948562168,0.));
#5642=DIRECTION('',(-0.999756533524536,-0.0220652141390972,0.));
#5643=DIRECTION('',(-0.480769230777868,-0.876847162701264,0.));
#5644=DIRECTION('',(0.518987302746669,-0.854781948562168,0.));
#5645=DIRECTION('center_axis',(0.,0.,1.));
#5646=DIRECTION('ref_axis',(1.,0.,0.));
#5647=DIRECTION('center_axis',(-9.81412618453177E-17,-1.,0.));
#5648=DIRECTION('ref_axis',(1.,-9.81412618453177E-17,0.));
#5649=DIRECTION('',(0.,0.,-1.));
#5650=DIRECTION('',(-1.,9.81412618453177E-17,0.));
#5651=DIRECTION('center_axis',(9.81412618453177E-17,1.,0.));
#5652=DIRECTION('ref_axis',(-0.707106781186554,0.,0.707106781186541));
#5653=DIRECTION('',(0.,0.,-1.));
#5654=DIRECTION('center_axis',(9.81412618453177E-17,1.,0.));
#5655=DIRECTION('ref_axis',(-0.707106781186554,0.,-0.707106781186541));
#5656=DIRECTION('',(1.,-9.81412618453177E-17,0.));
#5657=DIRECTION('center_axis',(9.81412618453177E-17,1.,0.));
#5658=DIRECTION('ref_axis',(0.707106781186554,0.,-0.707106781186541));
#5659=DIRECTION('',(0.,0.,1.));
#5660=DIRECTION('center_axis',(9.81412618453177E-17,1.,0.));
#5661=DIRECTION('ref_axis',(0.707106781186579,0.,0.707106781186516));
#5662=DIRECTION('',(1.,-9.81412618453177E-17,0.));
#5663=DIRECTION('center_axis',(9.81412618453177E-17,1.,0.));
#5664=DIRECTION('ref_axis',(0.707106781186554,0.,-0.707106781186541));
#5665=DIRECTION('',(0.,0.,1.));
#5666=DIRECTION('center_axis',(9.81412618453177E-17,1.,0.));
#5667=DIRECTION('ref_axis',(0.707106781186579,0.,0.707106781186516));
#5668=DIRECTION('',(-1.,9.81412618453177E-17,0.));
#5669=DIRECTION('center_axis',(9.81412618453177E-17,1.,0.));
#5670=DIRECTION('ref_axis',(-0.707106781186554,0.,0.707106781186541));
#5671=DIRECTION('',(0.,0.,-1.));
#5672=DIRECTION('center_axis',(9.81412618453177E-17,1.,0.));
#5673=DIRECTION('ref_axis',(-0.707106781186551,0.,-0.707106781186544));
#5674=DIRECTION('',(0.,0.,-1.));
#5675=DIRECTION('center_axis',(9.81412618453177E-17,1.,0.));
#5676=DIRECTION('ref_axis',(-0.707106781186551,0.,-0.707106781186544));
#5677=DIRECTION('',(1.,-9.81412618453177E-17,0.));
#5678=DIRECTION('center_axis',(9.81412618453177E-17,1.,0.));
#5679=DIRECTION('ref_axis',(0.707106781186551,0.,-0.707106781186544));
#5680=DIRECTION('',(0.,0.,1.));
#5681=DIRECTION('center_axis',(9.81412618453177E-17,1.,0.));
#5682=DIRECTION('ref_axis',(0.707106781186551,0.,0.707106781186544));
#5683=DIRECTION('',(-1.,9.81412618453177E-17,0.));
#5684=DIRECTION('center_axis',(9.81412618453177E-17,1.,0.));
#5685=DIRECTION('ref_axis',(-0.707106781186541,0.,0.707106781186554));
#5686=DIRECTION('center_axis',(1.,0.,0.));
#5687=DIRECTION('ref_axis',(0.,1.11022302462515E-14,-1.));
#5688=DIRECTION('',(1.,0.,0.));
#5689=DIRECTION('center_axis',(-1.,-3.87050228768403E-16,0.));
#5690=DIRECTION('ref_axis',(0.,1.11022302462515E-14,-1.));
#5691=DIRECTION('',(1.,0.,0.));
#5692=DIRECTION('center_axis',(0.,2.19420876173983E-15,-1.));
#5693=DIRECTION('ref_axis',(-3.87050228768403E-16,1.,2.19420876173983E-15));
#5694=DIRECTION('',(3.87050228768403E-16,-1.,-2.19420876173983E-15));
#5695=DIRECTION('',(1.,0.,0.));
#5696=DIRECTION('center_axis',(1.,0.,0.));
#5697=DIRECTION('ref_axis',(0.,0.850265146687861,-0.526354614616298));
#5698=DIRECTION('center_axis',(-1.,-3.87050228768403E-16,0.));
#5699=DIRECTION('ref_axis',(0.,0.850265146687861,-0.526354614616298));
#5700=DIRECTION('',(1.,0.,0.));
#5701=DIRECTION('center_axis',(0.,0.85026514668787,-0.526354614616283));
#5702=DIRECTION('ref_axis',(-2.03725674000537E-16,0.526354614616283,0.85026514668787));
#5703=DIRECTION('',(2.03725674000537E-16,-0.526354614616283,-0.85026514668787));
#5704=DIRECTION('',(1.,0.,0.));
#5705=DIRECTION('center_axis',(1.,0.,0.));
#5706=DIRECTION('ref_axis',(0.,0.999999999999997,7.74251398889401E-8));
#5707=DIRECTION('center_axis',(-1.,-3.87050228768403E-16,0.));
#5708=DIRECTION('ref_axis',(0.,0.999999999999997,7.74251398889401E-8));
#5709=DIRECTION('',(1.,0.,0.));
#5710=DIRECTION('center_axis',(1.,0.,0.));
#5711=DIRECTION('ref_axis',(0.,-4.93432455388959E-15,-1.));
#5712=DIRECTION('',(1.,0.,0.));
#5713=DIRECTION('center_axis',(-1.,-3.87050228768403E-16,0.));
#5714=DIRECTION('ref_axis',(0.,-4.93432455388959E-15,-1.));
#5715=DIRECTION('',(1.,0.,0.));
#5716=DIRECTION('center_axis',(0.,-1.56125112837913E-15,-1.));
#5717=DIRECTION('ref_axis',(-3.87050228768403E-16,1.,-1.56125112837913E-15));
#5718=DIRECTION('',(3.87050228768403E-16,-1.,1.56125112837913E-15));
#5719=DIRECTION('',(1.,0.,0.));
#5720=DIRECTION('center_axis',(1.,0.,0.));
#5721=DIRECTION('ref_axis',(0.,1.,9.86864910777923E-15));
#5722=DIRECTION('center_axis',(-1.,-3.87050228768403E-16,0.));
#5723=DIRECTION('ref_axis',(0.,1.,9.86864910777923E-15));
#5724=DIRECTION('',(1.,0.,0.));
#5725=DIRECTION('center_axis',(0.,-0.850265146687868,-0.526354614616286));
#5726=DIRECTION('ref_axis',(-2.03725674000538E-16,0.526354614616286,-0.850265146687867));
#5727=DIRECTION('',(1.,0.,0.));
#5728=DIRECTION('',(2.03725674000538E-16,-0.526354614616286,0.850265146687867));
#5729=DIRECTION('center_axis',(0.,-1.,-1.26882631385733E-14));
#5730=DIRECTION('ref_axis',(-5.43925022091898E-30,1.26882631385733E-14,
-1.));
#5731=DIRECTION('',(1.,0.,0.));
#5732=DIRECTION('',(4.91099515045849E-30,-1.26882631385733E-14,1.));
#5733=DIRECTION('center_axis',(0.,0.,-1.));
#5734=DIRECTION('ref_axis',(-3.87050228768403E-16,1.,0.));
#5735=DIRECTION('',(-1.,0.,0.));
#5736=DIRECTION('',(3.87050228768403E-16,-1.,0.));
#5737=DIRECTION('',(1.,0.,0.));
#5738=DIRECTION('center_axis',(1.,0.,0.));
#5739=DIRECTION('ref_axis',(0.,0.707106781210846,-0.707106781162249));
#5740=DIRECTION('center_axis',(1.,3.87050228768403E-16,0.));
#5741=DIRECTION('ref_axis',(0.,0.707106781210846,-0.707106781162249));
#5742=DIRECTION('',(-1.,0.,0.));
#5743=DIRECTION('center_axis',(0.,-1.,0.));
#5744=DIRECTION('ref_axis',(0.,0.,-1.));
#5745=DIRECTION('',(-1.,0.,0.));
#5746=DIRECTION('',(0.,0.,1.));
#5747=DIRECTION('',(1.,0.,0.));
#5748=DIRECTION('center_axis',(1.,0.,0.));
#5749=DIRECTION('ref_axis',(0.,-0.707106781186554,-0.707106781186541));
#5750=DIRECTION('center_axis',(1.,3.87050228768403E-16,0.));
#5751=DIRECTION('ref_axis',(0.,-0.707106781186554,-0.707106781186541));
#5752=DIRECTION('center_axis',(0.,1.,6.87094825480016E-11));
#5753=DIRECTION('ref_axis',(4.02585122682675E-25,-6.87094825480016E-11,
1.));
#5754=DIRECTION('',(-2.65940209387626E-26,6.87094825480016E-11,-1.));
#5755=DIRECTION('',(1.,0.,0.));
#5756=DIRECTION('center_axis',(1.,0.,0.));
#5757=DIRECTION('ref_axis',(0.,0.707106781162261,0.707106781210834));
#5758=DIRECTION('center_axis',(1.,3.87050228768403E-16,0.));
#5759=DIRECTION('ref_axis',(0.,0.707106781162261,0.707106781210834));
#5760=DIRECTION('',(-1.,0.,0.));
#5761=DIRECTION('center_axis',(0.,0.,1.));
#5762=DIRECTION('ref_axis',(3.87050228707976E-16,-1.,0.));
#5763=DIRECTION('',(-3.87050228768403E-16,1.,0.));
#5764=DIRECTION('',(1.,0.,0.));
#5765=DIRECTION('center_axis',(1.,0.,0.));
#5766=DIRECTION('ref_axis',(0.,-0.707106781186529,0.707106781186566));
#5767=DIRECTION('center_axis',(1.,3.87050228768403E-16,0.));
#5768=DIRECTION('ref_axis',(0.,-0.707106781186529,0.707106781186566));
#5769=DIRECTION('center_axis',(0.,1.,1.26882631385733E-14));
#5770=DIRECTION('ref_axis',(5.13165509031418E-30,-1.26882631385733E-14,
1.));
#5771=DIRECTION('',(-4.91099515045848E-30,1.26882631385733E-14,-1.));
#5772=DIRECTION('',(1.,0.,0.));
#5773=DIRECTION('center_axis',(1.,0.,0.));
#5774=DIRECTION('ref_axis',(0.,-4.93432455388963E-15,1.));
#5775=DIRECTION('center_axis',(-1.,-3.87050228768403E-16,0.));
#5776=DIRECTION('ref_axis',(0.,-4.93432455388963E-15,1.));
#5777=DIRECTION('',(1.,0.,0.));
#5778=DIRECTION('center_axis',(0.,2.08166817117218E-15,1.));
#5779=DIRECTION('ref_axis',(3.87050228768403E-16,-1.,2.08166817117218E-15));
#5780=DIRECTION('',(-3.87050228768403E-16,1.,-2.08166817117218E-15));
#5781=DIRECTION('',(1.,0.,0.));
#5782=DIRECTION('center_axis',(1.,0.,0.));
#5783=DIRECTION('ref_axis',(0.,-1.,-1.2335811384724E-14));
#5784=DIRECTION('center_axis',(-1.,-3.87050228768403E-16,0.));
#5785=DIRECTION('ref_axis',(0.,-1.,-1.2335811384724E-14));
#5786=DIRECTION('center_axis',(-1.,-3.87050228768403E-16,0.));
#5787=DIRECTION('ref_axis',(3.87050228768403E-16,-1.,0.));
#5788=DIRECTION('',(1.03605863039984E-34,4.01006729913737E-50,1.));
#5789=DIRECTION('',(-3.87050228768403E-16,1.,0.));
#5790=DIRECTION('',(0.,0.,-1.));
#5791=DIRECTION('',(-3.87050228768403E-16,1.,0.));
#5792=DIRECTION('center_axis',(0.,1.,6.25492648968666E-49));
#5793=DIRECTION('ref_axis',(-1.61605032752206E-33,-6.25492648968666E-49,
1.));
#5794=DIRECTION('',(-2.42097072876277E-64,6.25492648968666E-49,-1.));
#5795=DIRECTION('',(1.,0.,0.));
#5796=DIRECTION('center_axis',(1.,0.,0.));
#5797=DIRECTION('ref_axis',(0.,2.43106135234045E-63,1.));
#5798=DIRECTION('center_axis',(-1.,-3.87050228768403E-16,0.));
#5799=DIRECTION('ref_axis',(0.,2.43106135234045E-63,1.));
#5800=DIRECTION('',(1.,0.,0.));
#5801=DIRECTION('center_axis',(0.,-3.26536195610746E-16,1.));
#5802=DIRECTION('ref_axis',(3.87050228768403E-16,-1.,-3.26536195610746E-16));
#5803=DIRECTION('',(-3.87050228768403E-16,1.,3.26536195610746E-16));
#5804=DIRECTION('',(1.,0.,0.));
#5805=DIRECTION('center_axis',(1.,0.,0.));
#5806=DIRECTION('ref_axis',(0.,-0.999999999999997,7.23975280903937E-8));
#5807=DIRECTION('center_axis',(-1.,-3.87050228768403E-16,0.));
#5808=DIRECTION('ref_axis',(0.,-0.999999999999997,7.23975280903937E-8));
#5809=DIRECTION('',(1.,0.,0.));
#5810=DIRECTION('center_axis',(0.,-1.,2.76469780858834E-48));
#5811=DIRECTION('ref_axis',(-7.14299489600001E-33,-2.76469780858834E-48,
-1.));
#5812=DIRECTION('',(-1.07007691928962E-63,2.76469780858834E-48,1.));
#5813=DIRECTION('',(1.,0.,0.));
#5814=DIRECTION('center_axis',(1.,0.,0.));
#5815=DIRECTION('ref_axis',(0.,-0.850265146687862,-0.526354614616295));
#5816=DIRECTION('center_axis',(-1.,-3.87050228768403E-16,0.));
#5817=DIRECTION('ref_axis',(0.,-0.850265146687862,-0.526354614616295));
#5818=DIRECTION('center_axis',(0.,1.,0.));
#5819=DIRECTION('ref_axis',(0.,0.,1.));
#5820=DIRECTION('',(1.,2.34972481580245E-24,0.));
#5821=DIRECTION('',(0.,-1.18740522801355E-23,1.));
#5822=DIRECTION('',(-1.,2.02109197443147E-24,0.));
#5823=DIRECTION('',(0.,0.,-1.));
#5824=DIRECTION('center_axis',(0.,-1.,0.));
#5825=DIRECTION('ref_axis',(0.707106781186551,0.,0.707106781186544));
#5826=DIRECTION('',(0.,0.,1.));
#5827=DIRECTION('center_axis',(0.,-1.,0.));
#5828=DIRECTION('ref_axis',(0.707106781186551,0.,-0.707106781186544));
#5829=DIRECTION('',(1.,0.,0.));
#5830=DIRECTION('center_axis',(0.,-1.,0.));
#5831=DIRECTION('ref_axis',(-0.707106781186551,0.,-0.707106781186544));
#5832=DIRECTION('',(0.,0.,-1.));
#5833=DIRECTION('center_axis',(0.,-1.,0.));
#5834=DIRECTION('ref_axis',(-0.707106781186541,0.,0.707106781186554));
#5835=DIRECTION('',(-1.,0.,0.));
#5836=DIRECTION('center_axis',(1.96282523690635E-16,1.,0.));
#5837=DIRECTION('ref_axis',(-1.,1.96282523690635E-16,0.));
#5838=DIRECTION('',(0.,0.,-1.));
#5839=DIRECTION('',(-1.,1.96282523690635E-16,0.));
#5840=DIRECTION('',(-1.,1.96282523690635E-16,0.));
#5841=DIRECTION('',(-1.,1.96282523690635E-16,0.));
#5842=DIRECTION('',(-1.,1.96282523690635E-16,0.));
#5843=DIRECTION('',(-1.,1.96282523690635E-16,0.));
#5844=DIRECTION('',(0.,0.,1.));
#5845=DIRECTION('center_axis',(-1.,-3.87050228768403E-16,0.));
#5846=DIRECTION('ref_axis',(3.87050228768403E-16,-1.,0.));
#5847=DIRECTION('',(0.,0.,-1.));
#5848=DIRECTION('',(3.87050228768403E-16,-1.,0.));
#5849=DIRECTION('',(3.87050228768403E-16,-1.,0.));
#5850=DIRECTION('',(0.,0.,1.));
#5851=DIRECTION('center_axis',(0.,1.,0.));
#5852=DIRECTION('ref_axis',(0.707106781186547,0.,0.707106781186547));
#5853=DIRECTION('center_axis',(0.,1.,0.));
#5854=DIRECTION('ref_axis',(1.,0.,0.));
#5855=DIRECTION('center_axis',(3.5527136788005E-15,-1.,0.));
#5856=DIRECTION('ref_axis',(0.,0.,1.));
#5857=DIRECTION('',(0.,1.,0.));
#5858=DIRECTION('center_axis',(0.,0.,1.));
#5859=DIRECTION('ref_axis',(-0.707106781186548,0.707106781186547,0.));
#5860=DIRECTION('center_axis',(0.,0.,1.));
#5861=DIRECTION('ref_axis',(-1.,0.,0.));
#5862=DIRECTION('center_axis',(3.87050228768403E-16,-1.,0.));
#5863=DIRECTION('ref_axis',(-0.707106781186547,0.,0.707106781186548));
#5864=DIRECTION('center_axis',(0.,-1.,0.));
#5865=DIRECTION('ref_axis',(-1.,0.,0.));
#5866=DIRECTION('center_axis',(0.,1.,0.));
#5867=DIRECTION('ref_axis',(0.,0.,1.));
#5868=DIRECTION('',(-3.87050228768403E-16,1.,0.));
#5869=DIRECTION('center_axis',(0.,0.,1.));
#5870=DIRECTION('ref_axis',(-0.707106781186547,-0.707106781186547,0.));
#5871=DIRECTION('',(0.,0.,1.));
#5872=DIRECTION('center_axis',(0.,0.,1.));
#5873=DIRECTION('ref_axis',(-9.71445146547014E-17,-1.,0.));
#5874=DIRECTION('center_axis',(-0.408248290463863,-0.408248290463863,-0.816496580927726));
#5875=DIRECTION('ref_axis',(-0.577350269189626,-0.577350269189626,0.577350269189626));
#5876=DIRECTION('center_axis',(-1.,0.,0.));
#5877=DIRECTION('ref_axis',(0.,0.,1.));
#5878=DIRECTION('center_axis',(-0.816496580927727,-0.408248290463863,0.408248290463862));
#5879=DIRECTION('ref_axis',(0.577350269189623,-0.577350269189629,0.577350269189625));
#5880=DIRECTION('center_axis',(1.,0.,0.));
#5881=DIRECTION('ref_axis',(0.,-1.,0.));
#5882=DIRECTION('center_axis',(0.,0.,1.));
#5883=DIRECTION('ref_axis',(1.,0.,0.));
#5884=DIRECTION('center_axis',(-0.408248290463863,0.408248290463864,-0.816496580927726));
#5885=DIRECTION('ref_axis',(-0.577350269189626,0.577350269189627,0.577350269189625));
#5886=DIRECTION('center_axis',(-1.,0.,0.));
#5887=DIRECTION('ref_axis',(0.,1.,0.));
#5888=DIRECTION('center_axis',(0.408248290463865,-0.816496580927725,0.408248290463863));
#5889=DIRECTION('ref_axis',(0.577350269189627,0.577350269189627,0.577350269189624));
#5890=DIRECTION('center_axis',(0.,0.,1.));
#5891=DIRECTION('ref_axis',(0.,1.,0.));
#5892=DIRECTION('center_axis',(1.,0.,0.));
#5893=DIRECTION('ref_axis',(0.,0.,1.));
#5894=DIRECTION('center_axis',(1.,0.,0.));
#5895=DIRECTION('ref_axis',(0.,-1.22447328210655E-39,-1.));
#5896=DIRECTION('',(0.,-1.,0.));
#5897=DIRECTION('',(0.,1.,0.));
#5898=DIRECTION('center_axis',(0.,1.,0.));
#5899=DIRECTION('ref_axis',(0.707106781186551,0.,-0.707106781186544));
#5900=DIRECTION('',(0.,-1.,0.));
#5901=DIRECTION('center_axis',(0.,0.,-1.));
#5902=DIRECTION('ref_axis',(-1.,6.19244345549494E-25,0.));
#5903=DIRECTION('',(0.,1.,0.));
#5904=DIRECTION('center_axis',(0.,1.,0.));
#5905=DIRECTION('ref_axis',(-0.707106781186551,0.,-0.707106781186544));
#5906=DIRECTION('',(0.,-1.,0.));
#5907=DIRECTION('center_axis',(-1.,0.,0.));
#5908=DIRECTION('ref_axis',(0.,-1.4172975935876E-23,1.));
#5909=DIRECTION('',(0.,1.,0.));
#5910=DIRECTION('center_axis',(0.,1.,0.));
#5911=DIRECTION('ref_axis',(-0.707106781186541,0.,0.707106781186554));
#5912=DIRECTION('',(0.,-1.,0.));
#5913=DIRECTION('center_axis',(0.,0.,1.));
#5914=DIRECTION('ref_axis',(1.,2.5776675196857E-24,0.));
#5915=DIRECTION('',(0.,1.,0.));
#5916=DIRECTION('center_axis',(0.,1.,0.));
#5917=DIRECTION('ref_axis',(0.707106781186551,0.,0.707106781186544));
#5918=DIRECTION('center_axis',(1.,0.,0.));
#5919=DIRECTION('ref_axis',(0.,0.,-1.));
#5920=DIRECTION('',(0.,1.,0.));
#5921=DIRECTION('',(0.,1.,0.));
#5922=DIRECTION('center_axis',(0.,0.,-1.));
#5923=DIRECTION('ref_axis',(-1.,2.02109197443147E-24,0.));
#5924=DIRECTION('',(0.,1.,0.));
#5925=DIRECTION('center_axis',(-1.,0.,0.));
#5926=DIRECTION('ref_axis',(0.,-1.18740522801355E-23,1.));
#5927=DIRECTION('',(0.,1.,0.));
#5928=DIRECTION('center_axis',(0.,0.,1.));
#5929=DIRECTION('ref_axis',(1.,2.34972481580245E-24,0.));
#5930=DIRECTION('center_axis',(0.,-1.,0.));
#5931=DIRECTION('ref_axis',(0.,0.,-1.));
#5932=DIRECTION('',(1.,0.,0.));
#5933=DIRECTION('center_axis',(0.,0.,-1.));
#5934=DIRECTION('ref_axis',(-3.87050228768403E-16,1.,0.));
#5935=DIRECTION('',(1.,0.,0.));
#5936=DIRECTION('center_axis',(0.,1.,-4.01006729913737E-50));
#5937=DIRECTION('ref_axis',(1.03605863039984E-34,4.01006729913737E-50,1.));
#5938=DIRECTION('center_axis',(3.87050228768403E-16,-1.,0.));
#5939=DIRECTION('ref_axis',(-0.221741159497503,0.,0.975105562585253));
#5940=DIRECTION('center_axis',(0.,1.,0.));
#5941=DIRECTION('ref_axis',(0.,0.,1.));
#5942=DIRECTION('',(-1.,0.,0.));
#5943=DIRECTION('',(0.,0.,1.));
#5944=DIRECTION('',(-1.,0.,0.));
#5945=DIRECTION('',(0.,0.,-1.));
#5946=DIRECTION('center_axis',(0.,-1.,0.));
#5947=DIRECTION('ref_axis',(-0.707106781186554,0.,0.707106781186541));
#5948=DIRECTION('',(-1.,0.,0.));
#5949=DIRECTION('center_axis',(0.,-1.,0.));
#5950=DIRECTION('ref_axis',(0.707106781186579,0.,0.707106781186516));
#5951=DIRECTION('',(0.,0.,1.));
#5952=DIRECTION('center_axis',(0.,-1.,0.));
#5953=DIRECTION('ref_axis',(0.707106781186554,0.,-0.707106781186541));
#5954=DIRECTION('',(1.,0.,0.));
#5955=DIRECTION('center_axis',(0.,-1.,0.));
#5956=DIRECTION('ref_axis',(-0.707106781186551,0.,-0.707106781186544));
#5957=DIRECTION('',(0.,0.,-1.));
#5958=DIRECTION('center_axis',(0.,0.,1.));
#5959=DIRECTION('ref_axis',(1.,0.,0.));
#5960=DIRECTION('center_axis',(0.,1.,0.));
#5961=DIRECTION('ref_axis',(0.,0.,1.));
#5962=DIRECTION('',(-1.,0.,0.));
#5963=DIRECTION('',(0.,0.,1.));
#5964=DIRECTION('',(-1.,0.,0.));
#5965=DIRECTION('',(0.,0.,-1.));
#5966=DIRECTION('center_axis',(0.,-1.,0.));
#5967=DIRECTION('ref_axis',(0.707106781186554,0.,-0.707106781186541));
#5968=DIRECTION('',(1.,0.,0.));
#5969=DIRECTION('center_axis',(0.,-1.,0.));
#5970=DIRECTION('ref_axis',(-0.707106781186554,0.,-0.707106781186541));
#5971=DIRECTION('',(0.,0.,-1.));
#5972=DIRECTION('center_axis',(0.,-1.,0.));
#5973=DIRECTION('ref_axis',(-0.707106781186554,0.,0.707106781186541));
#5974=DIRECTION('',(-1.,0.,0.));
#5975=DIRECTION('center_axis',(0.,-1.,0.));
#5976=DIRECTION('ref_axis',(0.707106781186579,0.,0.707106781186516));
#5977=DIRECTION('',(0.,0.,1.));
#5978=DIRECTION('center_axis',(0.,0.,1.));
#5979=DIRECTION('ref_axis',(1.,0.,0.));
#5980=DIRECTION('center_axis',(1.,0.,0.));
#5981=DIRECTION('ref_axis',(0.,0.,-1.));
#5982=DIRECTION('',(0.,1.,0.));
#5983=DIRECTION('center_axis',(0.,0.,-1.));
#5984=DIRECTION('ref_axis',(-1.,0.,0.));
#5985=DIRECTION('',(0.,1.,0.));
#5986=DIRECTION('center_axis',(-1.,0.,0.));
#5987=DIRECTION('ref_axis',(0.,0.,1.));
#5988=DIRECTION('center_axis',(1.,0.,0.));
#5989=DIRECTION('ref_axis',(0.,0.,-1.));
#5990=DIRECTION('',(0.,1.,0.));
#5991=DIRECTION('center_axis',(0.,0.,-1.));
#5992=DIRECTION('ref_axis',(-1.,0.,0.));
#5993=DIRECTION('',(0.,1.,0.));
#5994=DIRECTION('center_axis',(-1.,0.,0.));
#5995=DIRECTION('ref_axis',(0.,0.,1.));
#5996=DIRECTION('center_axis',(1.,-9.81412618453177E-17,0.));
#5997=DIRECTION('ref_axis',(0.,-0.707106781186547,0.707106781186547));
#5998=DIRECTION('',(1.,-9.81412618453177E-17,0.));
#5999=DIRECTION('',(1.,-9.81412618453177E-17,0.));
#6000=DIRECTION('',(1.,-9.81412618453177E-17,0.));
#6001=DIRECTION('',(1.,-9.81412618453177E-17,0.));
#6002=DIRECTION('center_axis',(-1.,0.,0.));
#6003=DIRECTION('ref_axis',(0.,0.,1.));
#6004=DIRECTION('',(0.,-1.,0.));
#6005=DIRECTION('',(0.,1.,0.));
#6006=DIRECTION('center_axis',(0.,1.,0.));
#6007=DIRECTION('ref_axis',(-0.707106781186554,0.,0.707106781186541));
#6008=DIRECTION('',(0.,-1.,0.));
#6009=DIRECTION('center_axis',(1.,0.,0.));
#6010=DIRECTION('ref_axis',(0.,0.,-1.));
#6011=DIRECTION('',(0.,-1.,0.));
#6012=DIRECTION('',(0.,1.,0.));
#6013=DIRECTION('center_axis',(0.,1.,0.));
#6014=DIRECTION('ref_axis',(0.707106781186554,0.,-0.707106781186541));
#6015=DIRECTION('',(0.,-1.,0.));
#6016=DIRECTION('center_axis',(0.,0.,1.));
#6017=DIRECTION('ref_axis',(1.,0.,0.));
#6018=DIRECTION('',(0.,1.,0.));
#6019=DIRECTION('center_axis',(0.,1.,0.));
#6020=DIRECTION('ref_axis',(0.707106781186579,0.,0.707106781186516));
#6021=DIRECTION('center_axis',(0.,0.,-1.));
#6022=DIRECTION('ref_axis',(-1.,0.,0.));
#6023=DIRECTION('',(0.,1.,0.));
#6024=DIRECTION('center_axis',(0.,1.,0.));
#6025=DIRECTION('ref_axis',(-0.707106781186554,0.,-0.707106781186541));
#6026=DIRECTION('center_axis',(0.,0.,-1.));
#6027=DIRECTION('ref_axis',(-1.,0.,0.));
#6028=DIRECTION('',(0.,-1.,0.));
#6029=DIRECTION('',(0.,1.,0.));
#6030=DIRECTION('center_axis',(0.,1.,0.));
#6031=DIRECTION('ref_axis',(-0.707106781186551,0.,-0.707106781186544));
#6032=DIRECTION('',(0.,-1.,0.));
#6033=DIRECTION('center_axis',(-1.,0.,0.));
#6034=DIRECTION('ref_axis',(0.,0.,1.));
#6035=DIRECTION('',(0.,1.,0.));
#6036=DIRECTION('center_axis',(0.,1.,0.));
#6037=DIRECTION('ref_axis',(-0.707106781186554,0.,0.707106781186541));
#6038=DIRECTION('',(0.,-1.,0.));
#6039=DIRECTION('center_axis',(1.,0.,0.));
#6040=DIRECTION('ref_axis',(0.,0.,-1.));
#6041=DIRECTION('',(0.,-1.,0.));
#6042=DIRECTION('',(0.,1.,0.));
#6043=DIRECTION('center_axis',(0.,1.,0.));
#6044=DIRECTION('ref_axis',(0.707106781186554,0.,-0.707106781186541));
#6045=DIRECTION('center_axis',(0.,0.,1.));
#6046=DIRECTION('ref_axis',(1.,0.,0.));
#6047=DIRECTION('',(0.,1.,0.));
#6048=DIRECTION('center_axis',(0.,1.,0.));
#6049=DIRECTION('ref_axis',(0.707106781186579,0.,0.707106781186516));
#6050=DIRECTION('center_axis',(0.,-1.,0.));
#6051=DIRECTION('ref_axis',(-1.,0.,0.));
#6052=DIRECTION('',(1.,0.,0.));
#6053=DIRECTION('',(0.,0.,-1.));
#6054=DIRECTION('',(1.,0.,0.));
#6055=DIRECTION('',(0.,0.,-1.));
#6056=DIRECTION('center_axis',(-1.,0.,0.));
#6057=DIRECTION('ref_axis',(0.,1.,0.));
#6058=DIRECTION('',(0.,-1.,0.));
#6059=DIRECTION('',(0.,-1.,0.));
#6060=DIRECTION('',(0.,0.,-1.));
#6061=DIRECTION('center_axis',(0.,1.,0.));
#6062=DIRECTION('ref_axis',(1.,0.,0.));
#6063=DIRECTION('',(-1.,0.,0.));
#6064=DIRECTION('',(-1.,0.,0.));
#6065=DIRECTION('',(0.,0.,-1.));
#6066=DIRECTION('center_axis',(1.,0.,0.));
#6067=DIRECTION('ref_axis',(0.,-1.,0.));
#6068=DIRECTION('',(0.,1.,0.));
#6069=DIRECTION('',(0.,1.,0.));
#6070=DIRECTION('center_axis',(0.,0.,-1.));
#6071=DIRECTION('ref_axis',(-1.,0.,0.));
#6072=DIRECTION('',(-1.,0.,0.));
#6073=DIRECTION('',(0.,1.,0.));
#6074=DIRECTION('',(-1.,0.,0.));
#6075=DIRECTION('',(0.,-1.,0.));
#6076=DIRECTION('center_axis',(0.,0.,-1.));
#6077=DIRECTION('ref_axis',(-1.,0.,0.));
#6078=DIRECTION('',(0.,-1.,0.));
#6079=DIRECTION('',(-1.,0.,0.));
#6080=DIRECTION('',(0.,1.,0.));
#6081=DIRECTION('center_axis',(0.,-1.,0.));
#6082=DIRECTION('ref_axis',(-1.,0.,0.));
#6083=DIRECTION('',(0.,0.,-1.));
#6084=DIRECTION('',(0.,0.,-1.));
#6085=DIRECTION('center_axis',(1.,0.,0.));
#6086=DIRECTION('ref_axis',(0.,-1.,0.));
#6087=DIRECTION('center_axis',(-1.,0.,0.));
#6088=DIRECTION('ref_axis',(0.,1.,0.));
#6089=DIRECTION('center_axis',(1.,0.,0.));
#6090=DIRECTION('ref_axis',(0.,-1.,0.));
#6091=DIRECTION('',(0.,-1.,0.));
#6092=DIRECTION('center_axis',(1.,0.,0.));
#6093=DIRECTION('ref_axis',(0.,0.316227942722889,0.948683239148478));
#6094=DIRECTION('',(0.,0.,-1.));
#6095=DIRECTION('center_axis',(0.,-1.,0.));
#6096=DIRECTION('ref_axis',(-1.,0.,0.));
#6097=DIRECTION('',(-1.,0.,0.));
#6098=DIRECTION('',(0.,0.,-1.));
#6099=DIRECTION('center_axis',(-1.,0.,0.));
#6100=DIRECTION('ref_axis',(0.,1.,0.));
#6101=DIRECTION('center_axis',(-1.,0.,0.));
#6102=DIRECTION('ref_axis',(0.,0.316227942722889,0.948683239148478));
#6103=DIRECTION('',(0.,1.,0.));
#6104=DIRECTION('center_axis',(-1.,1.96282523690635E-16,0.));
#6105=DIRECTION('ref_axis',(0.,0.707106781186547,0.707106781186547));
#6106=DIRECTION('center_axis',(0.,-1.,0.));
#6107=DIRECTION('ref_axis',(1.,0.,0.));
#6108=DIRECTION('center_axis',(0.,-1.,0.));
#6109=DIRECTION('ref_axis',(-0.707106781186547,0.,0.707106781186547));
#6110=DIRECTION('center_axis',(0.,1.,0.));
#6111=DIRECTION('ref_axis',(-1.,0.,0.));
#6112=DIRECTION('center_axis',(-0.707106781186548,-0.707106781186548,0.));
#6113=DIRECTION('ref_axis',(0.707106781186547,-0.707106781186547,0.));
#6114=DIRECTION('center_axis',(-1.,1.96282523690635E-16,0.));
#6115=DIRECTION('ref_axis',(0.,0.707106781186547,0.707106781186547));
#6116=DIRECTION('center_axis',(-1.,0.,0.));
#6117=DIRECTION('ref_axis',(0.,0.707106781186547,0.707106781186547));
#6118=DIRECTION('center_axis',(-0.707106781186548,0.707106781186548,0.));
#6119=DIRECTION('ref_axis',(-0.707106781186547,-0.707106781186547,0.));
#6120=DIRECTION('center_axis',(0.,1.,0.));
#6121=DIRECTION('ref_axis',(0.707106781186547,0.,0.707106781186547));
#6122=DIRECTION('center_axis',(-1.,1.96282523690635E-16,0.));
#6123=DIRECTION('ref_axis',(0.,0.707106781186547,0.707106781186547));
#6124=DIRECTION('center_axis',(1.,-9.81413349662835E-17,-9.81412618452905E-17));
#6125=DIRECTION('ref_axis',(0.,0.983095210902345,0.183095074485561));
#6126=DIRECTION('center_axis',(0.,0.,-1.));
#6127=DIRECTION('ref_axis',(1.,1.1842378929335E-13,0.));
#6128=DIRECTION('center_axis',(0.,0.,-1.));
#6129=DIRECTION('ref_axis',(0.707106781186567,0.707106781186528,0.));
#6130=DIRECTION('',(0.,0.,-1.));
#6131=DIRECTION('center_axis',(0.,0.,1.));
#6132=DIRECTION('ref_axis',(1.,1.1842378929335E-13,0.));
#6133=DIRECTION('',(0.,0.,-1.));
#6134=DIRECTION('center_axis',(1.,1.61486985400022E-15,0.));
#6135=DIRECTION('ref_axis',(1.61486985400022E-15,-1.,0.));
#6136=DIRECTION('',(1.61486985400022E-15,-1.,0.));
#6137=DIRECTION('',(-1.61486985400022E-15,1.,0.));
#6138=DIRECTION('',(0.,0.,-1.));
#6139=DIRECTION('center_axis',(0.,0.,-1.));
#6140=DIRECTION('ref_axis',(-1.97372982155584E-14,-1.,0.));
#6141=DIRECTION('center_axis',(0.,0.,-1.));
#6142=DIRECTION('ref_axis',(0.707106781186538,-0.707106781186557,0.));
#6143=DIRECTION('center_axis',(0.,0.,1.));
#6144=DIRECTION('ref_axis',(-1.97372982155584E-14,-1.,0.));
#6145=DIRECTION('',(0.,0.,-1.));
#6146=DIRECTION('center_axis',(0.,-1.,0.));
#6147=DIRECTION('ref_axis',(-1.,0.,0.));
#6148=DIRECTION('',(-1.,0.,0.));
#6149=DIRECTION('',(1.,0.,0.));
#6150=DIRECTION('',(0.,0.,-1.));
#6151=DIRECTION('center_axis',(5.92118946466742E-15,1.,0.));
#6152=DIRECTION('ref_axis',(1.,-5.92118946466742E-15,0.));
#6153=DIRECTION('',(1.,-5.92118946466742E-15,0.));
#6154=DIRECTION('',(0.,0.,-1.));
#6155=DIRECTION('',(-1.,5.92118946466742E-15,0.));
#6156=DIRECTION('',(0.,0.,-1.));
#6157=DIRECTION('center_axis',(0.,0.,1.));
#6158=DIRECTION('ref_axis',(1.,0.,0.));
#6159=DIRECTION('',(0.,-1.,0.));
#6160=DIRECTION('',(-1.,0.,0.));
#6161=DIRECTION('',(0.,1.,0.));
#6162=DIRECTION('center_axis',(0.,0.,1.));
#6163=DIRECTION('ref_axis',(-1.,0.,0.));
#6164=DIRECTION('',(-1.,5.92118946466742E-15,0.));
#6165=DIRECTION('center_axis',(0.,0.,1.));
#6166=DIRECTION('ref_axis',(-1.97372982155576E-14,1.,0.));
#6167=DIRECTION('',(0.,-1.,0.));
#6168=DIRECTION('center_axis',(0.,0.,1.));
#6169=DIRECTION('ref_axis',(1.,1.18423789293348E-13,0.));
#6170=DIRECTION('center_axis',(0.,0.,1.));
#6171=DIRECTION('ref_axis',(-1.97372982155568E-14,1.,0.));
#6172=DIRECTION('',(0.,-1.,0.));
#6173=DIRECTION('center_axis',(0.,0.,1.));
#6174=DIRECTION('ref_axis',(-1.,0.,0.));
#6175=DIRECTION('',(1.,0.,0.));
#6176=DIRECTION('center_axis',(0.,0.,1.));
#6177=DIRECTION('ref_axis',(0.,-1.,0.));
#6178=DIRECTION('',(-3.22973970800045E-15,1.,0.));
#6179=DIRECTION('center_axis',(1.,0.,0.));
#6180=DIRECTION('ref_axis',(0.,-1.,0.));
#6181=DIRECTION('',(0.,0.,-1.));
#6182=DIRECTION('center_axis',(0.,-1.,0.));
#6183=DIRECTION('ref_axis',(-1.,0.,0.));
#6184=DIRECTION('',(0.,0.,-1.));
#6185=DIRECTION('center_axis',(-1.,0.,0.));
#6186=DIRECTION('ref_axis',(0.,1.,0.));
#6187=DIRECTION('center_axis',(0.,0.,-1.));
#6188=DIRECTION('ref_axis',(1.,1.18423789293348E-13,0.));
#6189=DIRECTION('center_axis',(0.,0.,-1.));
#6190=DIRECTION('ref_axis',(0.707106781186557,0.707106781186538,0.));
#6191=DIRECTION('',(0.,0.,-1.));
#6192=DIRECTION('center_axis',(1.,3.22973970800045E-15,0.));
#6193=DIRECTION('ref_axis',(3.22973970800045E-15,-1.,0.));
#6194=DIRECTION('',(3.22973970800045E-15,-1.,0.));
#6195=DIRECTION('',(0.,0.,-1.));
#6196=DIRECTION('center_axis',(0.,0.,-1.));
#6197=DIRECTION('ref_axis',(0.,-1.,0.));
#6198=DIRECTION('center_axis',(0.,0.,-1.));
#6199=DIRECTION('ref_axis',(0.707106781186557,-0.707106781186538,0.));
#6200=DIRECTION('',(0.,0.,-1.));
#6201=DIRECTION('center_axis',(0.,0.,-1.));
#6202=DIRECTION('ref_axis',(-1.,0.,0.));
#6203=DIRECTION('center_axis',(0.,0.,-1.));
#6204=DIRECTION('ref_axis',(-0.707106781186528,-0.707106781186567,0.));
#6205=DIRECTION('',(0.,0.,-1.));
#6206=DIRECTION('center_axis',(-1.,0.,0.));
#6207=DIRECTION('ref_axis',(0.,1.,0.));
#6208=DIRECTION('',(0.,1.,0.));
#6209=DIRECTION('',(0.,0.,-1.));
#6210=DIRECTION('center_axis',(0.,0.,-1.));
#6211=DIRECTION('ref_axis',(-1.97372982155576E-14,1.,0.));
#6212=DIRECTION('center_axis',(0.,0.,-1.));
#6213=DIRECTION('ref_axis',(-0.707106781186498,0.707106781186597,0.));
#6214=DIRECTION('',(0.,0.,-1.));
#6215=DIRECTION('center_axis',(5.92118946466742E-15,1.,0.));
#6216=DIRECTION('ref_axis',(1.,-5.92118946466742E-15,0.));
#6217=DIRECTION('',(1.,-5.92118946466742E-15,0.));
#6218=DIRECTION('center_axis',(0.,-1.,0.));
#6219=DIRECTION('ref_axis',(0.707106781186554,0.,0.707106781186541));
#6220=DIRECTION('center_axis',(0.,-1.,0.));
#6221=DIRECTION('ref_axis',(1.,0.,0.));
#6222=DIRECTION('center_axis',(2.13162820728027E-13,1.,0.));
#6223=DIRECTION('ref_axis',(0.,0.,1.));
#6224=DIRECTION('',(0.,-1.,0.));
#6225=DIRECTION('center_axis',(0.,0.,1.));
#6226=DIRECTION('ref_axis',(1.,0.,0.));
#6227=DIRECTION('center_axis',(1.,0.,0.));
#6228=DIRECTION('ref_axis',(0.,0.,1.));
#6229=DIRECTION('center_axis',(0.,0.,1.));
#6230=DIRECTION('ref_axis',(-0.707106781186498,0.707106781186597,0.));
#6231=DIRECTION('center_axis',(-1.,5.92118946466742E-15,0.));
#6232=DIRECTION('ref_axis',(0.,-0.707106781186529,0.707106781186566));
#6233=DIRECTION('center_axis',(1.,-1.42108547152028E-13,0.));
#6234=DIRECTION('ref_axis',(0.,0.,1.));
#6235=DIRECTION('',(-1.,5.92118946466742E-15,0.));
#6236=DIRECTION('center_axis',(0.,0.,1.));
#6237=DIRECTION('ref_axis',(1.,0.,0.));
#6238=DIRECTION('center_axis',(0.,0.,1.));
#6239=DIRECTION('ref_axis',(0.707106781186567,0.707106781186528,0.));
#6240=DIRECTION('center_axis',(0.,-1.,0.));
#6241=DIRECTION('ref_axis',(0.,0.,1.));
#6242=DIRECTION('center_axis',(-1.61486985400022E-15,1.,0.));
#6243=DIRECTION('ref_axis',(-0.707106781186554,0.,0.707106781186541));
#6244=DIRECTION('center_axis',(0.,-1.,0.));
#6245=DIRECTION('ref_axis',(0.,0.,1.));
#6246=DIRECTION('',(-1.61486985400022E-15,1.,0.));
#6247=DIRECTION('center_axis',(0.,0.,1.));
#6248=DIRECTION('ref_axis',(1.,0.,0.));
#6249=DIRECTION('center_axis',(-1.,0.,0.));
#6250=DIRECTION('ref_axis',(0.,0.,1.));
#6251=DIRECTION('center_axis',(0.,0.,1.));
#6252=DIRECTION('ref_axis',(0.707106781186538,-0.707106781186557,0.));
#6253=DIRECTION('center_axis',(1.,0.,0.));
#6254=DIRECTION('ref_axis',(0.,0.707106781186529,0.707106781186566));
#6255=DIRECTION('center_axis',(-1.,-7.1054273576009E-14,0.));
#6256=DIRECTION('ref_axis',(0.,0.,1.));
#6257=DIRECTION('',(1.,0.,0.));
#6258=DIRECTION('center_axis',(0.,0.,1.));
#6259=DIRECTION('ref_axis',(1.,0.,0.));
#6260=DIRECTION('center_axis',(0.,0.,1.));
#6261=DIRECTION('ref_axis',(-0.707106781186528,-0.707106781186567,0.));
#6262=DIRECTION('center_axis',(0.,-1.,0.));
#6263=DIRECTION('ref_axis',(-1.,0.,0.));
#6264=DIRECTION('',(-1.,0.,0.));
#6265=DIRECTION('',(0.,0.,-1.));
#6266=DIRECTION('center_axis',(0.,0.,-1.));
#6267=DIRECTION('ref_axis',(-1.,0.,0.));
#6268=DIRECTION('center_axis',(0.,0.,-1.));
#6269=DIRECTION('ref_axis',(-0.707106781186528,-0.707106781186567,0.));
#6270=DIRECTION('',(0.,0.,-1.));
#6271=DIRECTION('center_axis',(-1.,0.,0.));
#6272=DIRECTION('ref_axis',(0.,1.,0.));
#6273=DIRECTION('',(0.,1.,0.));
#6274=DIRECTION('',(0.,0.,-1.));
#6275=DIRECTION('center_axis',(0.,0.,-1.));
#6276=DIRECTION('ref_axis',(-1.97372982155568E-14,1.,0.));
#6277=DIRECTION('center_axis',(0.,0.,-1.));
#6278=DIRECTION('ref_axis',(-0.707106781186488,0.707106781186607,0.));
#6279=DIRECTION('center_axis',(0.,0.,1.));
#6280=DIRECTION('ref_axis',(1.,0.,0.));
#6281=DIRECTION('center_axis',(1.,0.,0.));
#6282=DIRECTION('ref_axis',(0.,1.,0.));
#6283=DIRECTION('center_axis',(0.,1.,0.));
#6284=DIRECTION('ref_axis',(0.,0.,1.));
#6285=DIRECTION('center_axis',(0.,0.,1.));
#6286=DIRECTION('ref_axis',(-0.707106781186528,-0.707106781186567,0.));
#6287=DIRECTION('center_axis',(0.,-1.,0.));
#6288=DIRECTION('ref_axis',(0.707106781186529,0.,0.707106781186566));
#6289=DIRECTION('center_axis',(1.42108547152013E-13,1.,0.));
#6290=DIRECTION('ref_axis',(0.,0.,1.));
#6291=DIRECTION('',(0.,-1.,0.));
#6292=DIRECTION('center_axis',(0.,0.,1.));
#6293=DIRECTION('ref_axis',(1.,0.,0.));
#6294=DIRECTION('center_axis',(1.,0.,0.));
#6295=DIRECTION('ref_axis',(0.,0.,1.));
#6296=DIRECTION('center_axis',(0.,0.,1.));
#6297=DIRECTION('ref_axis',(-0.707106781186488,0.707106781186607,0.));
#6298=DIRECTION('center_axis',(-1.,5.92118946466742E-15,0.));
#6299=DIRECTION('ref_axis',(0.,-0.707106781186529,0.707106781186566));
#6300=DIRECTION('center_axis',(1.,-1.42108547152028E-13,0.));
#6301=DIRECTION('ref_axis',(0.,0.,1.));
#6302=DIRECTION('',(-1.,5.92118946466742E-15,0.));
#6303=DIRECTION('center_axis',(0.,0.,1.));
#6304=DIRECTION('ref_axis',(1.,0.,0.));
#6305=DIRECTION('center_axis',(0.,-1.,0.));
#6306=DIRECTION('ref_axis',(0.,0.,1.));
#6307=DIRECTION('center_axis',(0.,0.,1.));
#6308=DIRECTION('ref_axis',(0.707106781186557,0.707106781186538,0.));
#6309=DIRECTION('center_axis',(-3.22973970800045E-15,1.,0.));
#6310=DIRECTION('ref_axis',(-0.707106781186554,0.,0.707106781186541));
#6311=DIRECTION('center_axis',(0.,-1.,0.));
#6312=DIRECTION('ref_axis',(0.,0.,1.));
#6313=DIRECTION('',(-3.22973970800045E-15,1.,0.));
#6314=DIRECTION('center_axis',(0.,0.,1.));
#6315=DIRECTION('ref_axis',(1.,0.,0.));
#6316=DIRECTION('center_axis',(-1.,0.,0.));
#6317=DIRECTION('ref_axis',(0.,0.,1.));
#6318=DIRECTION('center_axis',(0.,0.,1.));
#6319=DIRECTION('ref_axis',(0.707106781186557,-0.707106781186538,0.));
#6320=DIRECTION('center_axis',(1.,0.,0.));
#6321=DIRECTION('ref_axis',(0.,0.707106781186529,0.707106781186566));
#6322=DIRECTION('',(1.,0.,0.));
#6323=DIRECTION('center_axis',(1.,-1.48029736616688E-15,0.));
#6324=DIRECTION('ref_axis',(-1.48029736616688E-15,-1.,0.));
#6325=DIRECTION('',(-1.48029736616688E-15,-1.,0.));
#6326=DIRECTION('',(0.,0.,-1.));
#6327=DIRECTION('center_axis',(6.34413156928663E-16,-1.,0.));
#6328=DIRECTION('ref_axis',(-1.,-6.34413156928663E-16,0.));
#6329=DIRECTION('',(-1.,-6.34413156928663E-16,0.));
#6330=DIRECTION('',(-1.,-6.34413156928663E-16,0.));
#6331=DIRECTION('',(0.,0.,-1.));
#6332=DIRECTION('center_axis',(-1.,-4.44089209850063E-15,0.));
#6333=DIRECTION('ref_axis',(-4.44089209850063E-15,1.,0.));
#6334=DIRECTION('center_axis',(-1.,-4.44089209850063E-15,0.));
#6335=DIRECTION('ref_axis',(-1.22249055361437E-15,0.27528040008608,0.961363979629176));
#6336=DIRECTION('',(-4.44089209850063E-15,1.,0.));
#6337=DIRECTION('',(0.,1.,0.));
#6338=DIRECTION('center_axis',(-1.,1.96282523690635E-16,0.));
#6339=DIRECTION('ref_axis',(0.,0.707106781186547,0.707106781186547));
#6340=DIRECTION('center_axis',(1.4210854715202E-14,-1.,0.));
#6341=DIRECTION('ref_axis',(1.,1.4210854715202E-14,0.));
#6342=DIRECTION('center_axis',(0.,0.,-1.));
#6343=DIRECTION('ref_axis',(-4.44089209850063E-15,1.,0.));
#6344=DIRECTION('center_axis',(0.,0.,-1.));
#6345=DIRECTION('ref_axis',(1.48029736616688E-15,1.,0.));
#6346=DIRECTION('center_axis',(-1.,1.96282523690635E-16,0.));
#6347=DIRECTION('ref_axis',(0.,0.707106781186547,0.707106781186547));
#6348=DIRECTION('center_axis',(-1.,-6.34413156928663E-16,0.));
#6349=DIRECTION('ref_axis',(0.,0.707106781186547,0.707106781186547));
#6350=DIRECTION('center_axis',(-0.707106781186548,0.707106781186548,0.));
#6351=DIRECTION('ref_axis',(-0.707106781186547,-0.707106781186547,0.));
#6352=DIRECTION('center_axis',(-4.44089209850063E-15,1.,0.));
#6353=DIRECTION('ref_axis',(0.707106781186547,0.,0.707106781186547));
#6354=DIRECTION('center_axis',(-1.,1.96282523690635E-16,0.));
#6355=DIRECTION('ref_axis',(0.,0.707106781186547,0.707106781186547));
#6356=DIRECTION('center_axis',(-1.,1.96282523690635E-16,0.));
#6357=DIRECTION('ref_axis',(0.,0.707106781186547,0.707106781186547));
#6358=DIRECTION('center_axis',(-1.,0.,0.));
#6359=DIRECTION('ref_axis',(0.,-0.470710678118651,0.882287627423778));
#6360=DIRECTION('',(1.,0.,0.));
#6361=DIRECTION('center_axis',(0.0220652141390972,-0.999756533524536,0.));
#6362=DIRECTION('ref_axis',(-0.999756533524536,-0.0220652141390972,0.));
#6363=DIRECTION('',(0.,0.,-1.));
#6364=DIRECTION('',(0.,0.,-1.));
#6365=DIRECTION('center_axis',(-0.854781948562168,-0.518987302746669,0.));
#6366=DIRECTION('ref_axis',(-0.518987302746669,0.854781948562168,0.));
#6367=DIRECTION('',(0.,0.,-1.));
#6368=DIRECTION('center_axis',(-0.876847162701264,0.480769230777868,0.));
#6369=DIRECTION('ref_axis',(0.480769230777868,0.876847162701264,0.));
#6370=DIRECTION('',(0.,0.,-1.));
#6371=DIRECTION('center_axis',(-0.0220652141390972,0.999756533524536,0.));
#6372=DIRECTION('ref_axis',(0.999756533524536,0.0220652141390972,0.));
#6373=DIRECTION('',(0.,0.,-1.));
#6374=DIRECTION('center_axis',(0.854781948562168,0.518987302746669,0.));
#6375=DIRECTION('ref_axis',(0.518987302746669,-0.854781948562169,0.));
#6376=DIRECTION('',(0.,0.,-1.));
#6377=DIRECTION('center_axis',(0.876847162701264,-0.480769230777868,0.));
#6378=DIRECTION('ref_axis',(-0.480769230777868,-0.876847162701264,0.));
#6379=DIRECTION('center_axis',(0.,0.,1.));
#6380=DIRECTION('ref_axis',(1.,0.,0.));
#6381=DIRECTION('center_axis',(0.0220652141390964,0.999756533524536,0.));
#6382=DIRECTION('ref_axis',(0.999756533524536,-0.0220652141390964,0.));
#6383=DIRECTION('',(0.,0.,-1.));
#6384=DIRECTION('',(0.,0.,-1.));
#6385=DIRECTION('center_axis',(-0.0220652141390964,-0.999756533524536,0.));
#6386=DIRECTION('ref_axis',(-0.999756533524536,0.0220652141390964,0.));
#6387=DIRECTION('',(0.,0.,-1.));
#6388=DIRECTION('',(0.,0.,-1.));
#6389=DIRECTION('center_axis',(-0.876847162701264,-0.480769230777869,0.));
#6390=DIRECTION('ref_axis',(-0.480769230777869,0.876847162701264,0.));
#6391=DIRECTION('',(0.,0.,-1.));
#6392=DIRECTION('center_axis',(-0.854781948562169,0.518987302746668,0.));
#6393=DIRECTION('ref_axis',(0.518987302746668,0.854781948562169,0.));
#6394=DIRECTION('center_axis',(0.854781948562169,-0.518987302746668,0.));
#6395=DIRECTION('ref_axis',(-0.518987302746668,-0.854781948562169,0.));
#6396=DIRECTION('',(0.,0.,-1.));
#6397=DIRECTION('center_axis',(0.876847162701264,0.480769230777869,0.));
#6398=DIRECTION('ref_axis',(0.480769230777869,-0.876847162701264,0.));
#6399=DIRECTION('center_axis',(0.0220652141390976,0.999756533524536,0.));
#6400=DIRECTION('ref_axis',(0.999756533524536,-0.0220652141390976,0.));
#6401=DIRECTION('',(0.,0.,-1.));
#6402=DIRECTION('',(0.,0.,-1.));
#6403=DIRECTION('center_axis',(-0.854781948562168,0.518987302746669,0.));
#6404=DIRECTION('ref_axis',(0.518987302746669,0.854781948562168,0.));
#6405=DIRECTION('',(0.,0.,-1.));
#6406=DIRECTION('center_axis',(0.876847162701264,0.480769230777868,0.));
#6407=DIRECTION('ref_axis',(0.480769230777868,-0.876847162701264,0.));
#6408=DIRECTION('',(0.,0.,-1.));
#6409=DIRECTION('center_axis',(0.854781948562168,-0.518987302746669,0.));
#6410=DIRECTION('ref_axis',(-0.518987302746669,-0.854781948562168,0.));
#6411=DIRECTION('',(0.,0.,-1.));
#6412=DIRECTION('center_axis',(-0.0220652141390976,-0.999756533524536,0.));
#6413=DIRECTION('ref_axis',(-0.999756533524536,0.0220652141390976,0.));
#6414=DIRECTION('',(0.,0.,-1.));
#6415=DIRECTION('center_axis',(-0.876847162701264,-0.480769230777868,0.));
#6416=DIRECTION('ref_axis',(-0.480769230777868,0.876847162701264,0.));
#6417=DIRECTION('center_axis',(-0.0220652141390984,0.999756533524536,0.));
#6418=DIRECTION('ref_axis',(0.999756533524536,0.0220652141390984,0.));
#6419=DIRECTION('',(0.,0.,-1.));
#6420=DIRECTION('',(0.,0.,-1.));
#6421=DIRECTION('center_axis',(0.854781948562168,0.51898730274667,0.));
#6422=DIRECTION('ref_axis',(0.51898730274667,-0.854781948562168,0.));
#6423=DIRECTION('',(0.,0.,-1.));
#6424=DIRECTION('center_axis',(0.876847162701265,-0.480769230777867,0.));
#6425=DIRECTION('ref_axis',(-0.480769230777867,-0.876847162701264,0.));
#6426=DIRECTION('',(0.,0.,-1.));
#6427=DIRECTION('center_axis',(0.0220652141390984,-0.999756533524536,0.));
#6428=DIRECTION('ref_axis',(-0.999756533524536,-0.0220652141390984,0.));
#6429=DIRECTION('',(0.,0.,-1.));
#6430=DIRECTION('center_axis',(-0.854781948562168,-0.51898730274667,0.));
#6431=DIRECTION('ref_axis',(-0.51898730274667,0.854781948562168,0.));
#6432=DIRECTION('',(0.,0.,-1.));
#6433=DIRECTION('center_axis',(-0.876847162701265,0.480769230777867,0.));
#6434=DIRECTION('ref_axis',(0.480769230777867,0.876847162701264,0.));
#6435=DIRECTION('center_axis',(0.,0.,1.));
#6436=DIRECTION('ref_axis',(0.707106781186547,0.707106781186547,0.));
#6437=DIRECTION('',(0.,0.,-1.));
#6438=DIRECTION('center_axis',(1.,0.,0.));
#6439=DIRECTION('ref_axis',(0.,1.,0.));
#6440=DIRECTION('',(0.,0.,1.));
#6441=DIRECTION('center_axis',(0.,0.,1.));
#6442=DIRECTION('ref_axis',(0.707106781186547,-0.707106781186547,0.));
#6443=DIRECTION('',(0.,0.,-1.));
#6444=DIRECTION('center_axis',(-9.81412618453177E-17,-1.,0.));
#6445=DIRECTION('ref_axis',(1.,-9.81412618453177E-17,0.));
#6446=DIRECTION('center_axis',(-1.,-3.87050228768403E-16,0.));
#6447=DIRECTION('ref_axis',(3.87050228768403E-16,-1.,0.));
#6448=CARTESIAN_POINT('',(0.,0.,0.));
#6449=CARTESIAN_POINT('Origin',(-1.1442889140563,77.4582297317158,4.625));
#6450=CARTESIAN_POINT('',(-1.2942889140563,89.8332297317158,4.625));
#6451=CARTESIAN_POINT('',(-1.1442889140563,89.8332297317158,4.775));
#6452=CARTESIAN_POINT('Origin',(-1.1442889140563,89.8332297317158,4.625));
#6453=CARTESIAN_POINT('',(-1.14428891405629,40.3332297317158,4.775));
#6454=CARTESIAN_POINT('',(-1.1442889140563,77.4582297317158,4.775));
#6455=CARTESIAN_POINT('',(-1.29428891405629,40.3332297317158,4.625));
#6456=CARTESIAN_POINT('Origin',(-1.14428891405629,40.3332297317158,4.625));
#6457=CARTESIAN_POINT('',(-1.2942889140563,77.4582297317158,4.625));
#6458=CARTESIAN_POINT('Origin',(0.230711085943703,40.3332297317158,4.625));
#6459=CARTESIAN_POINT('',(0.230711085943704,38.9582297317158,4.775));
#6460=CARTESIAN_POINT('',(0.230711085943704,38.8082297317158,4.625));
#6461=CARTESIAN_POINT('Origin',(0.230711085943704,38.9582297317158,4.625));
#6462=CARTESIAN_POINT('Origin',(0.230711085943703,40.3332297317158,4.625));
#6463=CARTESIAN_POINT('Origin',(0.230711085943703,40.3332297317158,4.775));
#6464=CARTESIAN_POINT('Origin',(21.6057110859437,38.9582297317158,4.625));
#6465=CARTESIAN_POINT('',(85.7307110859437,38.9582297317158,4.775));
#6466=CARTESIAN_POINT('',(85.7307110859437,38.8082297317158,4.625));
#6467=CARTESIAN_POINT('Origin',(85.7307110859437,38.9582297317158,4.625));
#6468=CARTESIAN_POINT('',(21.6057110859437,38.8082297317158,4.625));
#6469=CARTESIAN_POINT('',(21.6057110859437,38.9582297317158,4.775));
#6470=CARTESIAN_POINT('Origin',(85.7307110859437,40.3332297317158,4.625));
#6471=CARTESIAN_POINT('',(87.1057110859437,40.3332297317158,4.775));
#6472=CARTESIAN_POINT('',(87.2557110859437,40.3332297317158,4.625));
#6473=CARTESIAN_POINT('Origin',(87.1057110859437,40.3332297317158,4.625));
#6474=CARTESIAN_POINT('Origin',(85.7307110859437,40.3332297317158,4.625));
#6475=CARTESIAN_POINT('Origin',(85.7307110859437,40.3332297317158,4.775));
#6476=CARTESIAN_POINT('Origin',(87.1057110859437,52.7082297317158,4.625));
#6477=CARTESIAN_POINT('',(87.1057110859437,89.8332297317158,4.775));
#6478=CARTESIAN_POINT('',(87.2557110859437,89.8332297317158,4.625));
#6479=CARTESIAN_POINT('Origin',(87.1057110859437,89.8332297317158,4.625));
#6480=CARTESIAN_POINT('',(87.2557110859437,52.7082297317158,4.625));
#6481=CARTESIAN_POINT('',(87.1057110859437,52.7082297317158,4.775));
#6482=CARTESIAN_POINT('Origin',(85.7307110859437,89.8332297317157,4.625));
#6483=CARTESIAN_POINT('',(85.7307110859437,91.2082297317158,4.775));
#6484=CARTESIAN_POINT('',(85.7307110859437,91.3582297317157,4.625));
#6485=CARTESIAN_POINT('Origin',(85.7307110859437,91.2082297317158,4.625));
#6486=CARTESIAN_POINT('Origin',(85.7307110859437,89.8332297317157,4.625));
#6487=CARTESIAN_POINT('Origin',(85.7307110859437,89.8332297317157,4.775));
#6488=CARTESIAN_POINT('Origin',(64.3557110859437,91.2082297317157,4.625));
#6489=CARTESIAN_POINT('',(0.230711085943689,91.2082297317158,4.775));
#6490=CARTESIAN_POINT('',(0.230711085943689,91.3582297317158,4.625));
#6491=CARTESIAN_POINT('Origin',(0.230711085943689,91.2082297317158,4.625));
#6492=CARTESIAN_POINT('',(64.3557110859437,91.3582297317157,4.625));
#6493=CARTESIAN_POINT('',(64.3557110859437,91.2082297317157,4.775));
#6494=CARTESIAN_POINT('Origin',(0.230711085943696,89.8332297317158,4.625));
#6495=CARTESIAN_POINT('Origin',(0.230711085943696,89.8332297317158,4.625));
#6496=CARTESIAN_POINT('Origin',(0.230711085943696,89.8332297317158,4.775));
#6497=CARTESIAN_POINT('Origin',(85.7307110859437,89.8332297317157,4.));
#6498=CARTESIAN_POINT('',(85.7307110859437,91.3582297317157,4.175));
#6499=CARTESIAN_POINT('',(85.7307110859437,91.3582297317157,4.));
#6500=CARTESIAN_POINT('',(87.2557110859437,89.8332297317158,4.175));
#6501=CARTESIAN_POINT('Origin',(85.7307110859437,89.8332297317157,4.175));
#6502=CARTESIAN_POINT('',(87.2557110859437,89.8332297317158,4.));
#6503=CARTESIAN_POINT('Origin',(85.7307110859437,91.3582297317157,4.));
#6504=CARTESIAN_POINT('',(0.230711085943689,91.3582297317158,4.175));
#6505=CARTESIAN_POINT('',(0.230711085943689,91.3582297317158,4.));
#6506=CARTESIAN_POINT('',(64.3532740889347,91.3582297317157,4.175));
#6507=CARTESIAN_POINT('Origin',(0.230711085943696,89.8332297317158,4.));
#6508=CARTESIAN_POINT('',(-1.2942889140563,89.8332297317158,4.175));
#6509=CARTESIAN_POINT('',(-1.2942889140563,89.8332297317158,4.));
#6510=CARTESIAN_POINT('Origin',(0.230711085943696,89.8332297317158,4.175));
#6511=CARTESIAN_POINT('Origin',(-1.2942889140563,89.8332297317158,4.));
#6512=CARTESIAN_POINT('',(-1.29428891405629,40.3332297317158,4.175));
#6513=CARTESIAN_POINT('',(-1.29428891405629,40.3332297317158,4.));
#6514=CARTESIAN_POINT('',(-1.2942889140563,77.4520389699962,4.175));
#6515=CARTESIAN_POINT('Origin',(42.9807110859437,65.0832297317158,4.775));
#6516=CARTESIAN_POINT('',(86.2307110859437,39.8332297317158,4.775));
#6517=CARTESIAN_POINT('',(-0.269288914056293,39.8332297317158,4.775));
#6518=CARTESIAN_POINT('',(20.3557110859437,39.8332297317158,4.775));
#6519=CARTESIAN_POINT('',(86.2307110859437,90.3332297317158,4.775));
#6520=CARTESIAN_POINT('',(86.2307110859437,51.4582297317158,4.775));
#6521=CARTESIAN_POINT('',(-0.269288914056318,90.3332297317158,4.775));
#6522=CARTESIAN_POINT('',(65.6057110859437,90.3332297317158,4.775));
#6523=CARTESIAN_POINT('',(-0.269288914056309,78.7082297317158,4.775));
#6524=CARTESIAN_POINT('Origin',(-1.4442889140563,77.4520389699962,4.175));
#6525=CARTESIAN_POINT('',(-1.4442889140563,89.8332297317158,4.025));
#6526=CARTESIAN_POINT('Origin',(-1.4442889140563,89.8332297317158,4.175));
#6527=CARTESIAN_POINT('',(-1.4442889140563,40.3332297317158,4.025));
#6528=CARTESIAN_POINT('Origin',(-1.4442889140563,40.3332297317158,4.175));
#6529=CARTESIAN_POINT('',(-1.4442889140563,77.4520389699962,4.025));
#6530=CARTESIAN_POINT('Origin',(0.230711085943703,40.3332297317158,4.175));
#6531=CARTESIAN_POINT('',(0.230711085943704,38.8082297317158,4.175));
#6532=CARTESIAN_POINT('',(0.230711085943704,38.6582297317158,4.025));
#6533=CARTESIAN_POINT('Origin',(0.230711085943704,38.6582297317158,4.175));
#6534=CARTESIAN_POINT('Origin',(0.230711085943703,40.3332297317158,4.025));
#6535=CARTESIAN_POINT('Origin',(0.230711085943703,40.3332297317158,4.175));
#6536=CARTESIAN_POINT('Origin',(21.6032740889347,38.6582297317158,4.175));
#6537=CARTESIAN_POINT('',(85.7307110859437,38.8082297317158,4.175));
#6538=CARTESIAN_POINT('',(85.7307110859437,38.6582297317158,4.025));
#6539=CARTESIAN_POINT('Origin',(85.7307110859437,38.6582297317158,4.175));
#6540=CARTESIAN_POINT('',(21.6032740889347,38.6582297317158,4.025));
#6541=CARTESIAN_POINT('',(21.6032740889347,38.8082297317158,4.175));
#6542=CARTESIAN_POINT('Origin',(85.7307110859437,40.3332297317158,4.175));
#6543=CARTESIAN_POINT('',(87.2557110859437,40.3332297317158,4.175));
#6544=CARTESIAN_POINT('',(87.4057110859437,40.3332297317158,4.025));
#6545=CARTESIAN_POINT('Origin',(87.4057110859437,40.3332297317158,4.175));
#6546=CARTESIAN_POINT('Origin',(85.7307110859437,40.3332297317158,4.025));
#6547=CARTESIAN_POINT('Origin',(85.7307110859437,40.3332297317158,4.175));
#6548=CARTESIAN_POINT('Origin',(87.4057110859437,52.7020389699962,4.175));
#6549=CARTESIAN_POINT('',(87.4057110859437,89.8332297317158,4.025));
#6550=CARTESIAN_POINT('Origin',(87.4057110859437,89.8332297317158,4.175));
#6551=CARTESIAN_POINT('',(87.4057110859437,52.7020389699962,4.025));
#6552=CARTESIAN_POINT('',(87.2557110859437,52.7020389699962,4.175));
#6553=CARTESIAN_POINT('Origin',(85.7307110859437,89.8332297317157,4.175));
#6554=CARTESIAN_POINT('',(85.7307110859437,91.5082297317157,4.025));
#6555=CARTESIAN_POINT('Origin',(85.7307110859437,91.5082297317157,4.175));
#6556=CARTESIAN_POINT('Origin',(85.7307110859437,89.8332297317157,4.025));
#6557=CARTESIAN_POINT('Origin',(64.3532740889347,91.5082297317157,4.175));
#6558=CARTESIAN_POINT('',(0.230711085943689,91.5082297317158,4.025));
#6559=CARTESIAN_POINT('Origin',(0.230711085943689,91.5082297317158,4.175));
#6560=CARTESIAN_POINT('',(64.3532740889347,91.5082297317157,4.025));
#6561=CARTESIAN_POINT('Origin',(0.230711085943696,89.8332297317158,4.175));
#6562=CARTESIAN_POINT('Origin',(0.230711085943696,89.8332297317158,4.025));
#6563=CARTESIAN_POINT('Origin',(85.7307110859437,40.3332297317158,4.));
#6564=CARTESIAN_POINT('',(87.2557110859437,40.3332297317158,4.));
#6565=CARTESIAN_POINT('',(85.7307110859437,38.8082297317158,4.));
#6566=CARTESIAN_POINT('Origin',(0.230711085943704,38.8082297317158,4.));
#6567=CARTESIAN_POINT('',(0.230711085943704,38.8082297317158,4.));
#6568=CARTESIAN_POINT('Origin',(0.230711085943703,40.3332297317158,4.));
#6569=CARTESIAN_POINT('Origin',(42.9758370919256,65.0708482082765,4.025));
#6570=CARTESIAN_POINT('',(85.7307110859437,92.3332297317158,4.025));
#6571=CARTESIAN_POINT('',(88.2307110859437,89.8332297317158,4.025));
#6572=CARTESIAN_POINT('Origin',(85.7307110859437,89.8332297317158,4.025));
#6573=CARTESIAN_POINT('',(88.2307110859437,40.3332297317158,4.025));
#6574=CARTESIAN_POINT('',(88.2307110859437,51.4520389699961,4.025));
#6575=CARTESIAN_POINT('',(85.7307110859437,37.8332297317158,4.025));
#6576=CARTESIAN_POINT('Origin',(85.7307110859437,40.3332297317158,4.025));
#6577=CARTESIAN_POINT('',(0.230711085943706,37.8332297317158,4.025));
#6578=CARTESIAN_POINT('',(20.3532740889347,37.8332297317158,4.025));
#6579=CARTESIAN_POINT('',(-2.26928891405629,40.3332297317158,4.025));
#6580=CARTESIAN_POINT('Origin',(0.230711085943705,40.3332297317158,4.025));
#6581=CARTESIAN_POINT('',(-2.26928891405631,89.8332297317158,4.025));
#6582=CARTESIAN_POINT('',(-2.26928891405631,78.7020389699962,4.025));
#6583=CARTESIAN_POINT('',(0.230711085943689,92.3332297317158,4.025));
#6584=CARTESIAN_POINT('Origin',(0.230711085943689,89.8332297317158,4.025));
#6585=CARTESIAN_POINT('',(65.6032740889347,92.3332297317158,4.025));
#6586=CARTESIAN_POINT('Origin',(87.2557110859437,40.3332297317158,4.));
#6587=CARTESIAN_POINT('Origin',(88.2307110859437,90.3332297317158,0.));
#6588=CARTESIAN_POINT('',(86.2307110859437,90.3332297317158,13.));
#6589=CARTESIAN_POINT('',(86.2307110859437,90.3332297317158,0.));
#6590=CARTESIAN_POINT('',(82.5539343906471,90.3332297317158,13.));
#6591=CARTESIAN_POINT('',(65.6057110859437,90.3332297317158,13.));
#6592=CARTESIAN_POINT('',(82.5539343906471,90.3332297317158,11.));
#6593=CARTESIAN_POINT('',(82.553934390647,90.3332297317158,6.5));
#6594=CARTESIAN_POINT('',(65.5539343906471,90.3332297317158,11.));
#6595=CARTESIAN_POINT('',(81.1423227382954,90.3332297317158,11.));
#6596=CARTESIAN_POINT('',(65.5539343906471,90.3332297317158,13.));
#6597=CARTESIAN_POINT('',(65.5539343906471,90.3332297317158,6.5));
#6598=CARTESIAN_POINT('',(32.7307114584728,90.3332297317158,13.));
#6599=CARTESIAN_POINT('',(65.6057110859437,90.3332297317158,13.));
#6600=CARTESIAN_POINT('',(32.7307114584728,90.3332297317158,12.));
#6601=CARTESIAN_POINT('',(32.7307114584728,90.3332297317158,6.5));
#6602=CARTESIAN_POINT('',(24.7307114584728,90.3332297317158,12.));
#6603=CARTESIAN_POINT('',(58.4807112722082,90.3332297317158,12.));
#6604=CARTESIAN_POINT('',(24.7307114584728,90.3332297317158,13.));
#6605=CARTESIAN_POINT('',(24.7307114584728,90.3332297317158,6.5));
#6606=CARTESIAN_POINT('',(-0.269288914056317,90.3332297317158,13.));
#6607=CARTESIAN_POINT('',(65.6057110859437,90.3332297317158,13.));
#6608=CARTESIAN_POINT('',(-0.269288914056318,90.3332297317158,0.));
#6609=CARTESIAN_POINT('Origin',(86.2307110859437,37.8332297317158,0.));
#6610=CARTESIAN_POINT('',(86.2307110859437,39.8332297317158,13.));
#6611=CARTESIAN_POINT('',(86.2307110859437,39.8332297317158,0.));
#6612=CARTESIAN_POINT('',(86.2307110859437,51.4582297317158,13.));
#6613=CARTESIAN_POINT('Origin',(81.9807110859437,44.0832297317158,15.));
#6614=CARTESIAN_POINT('',(85.5807110859437,44.0832297317158,7.75));
#6615=CARTESIAN_POINT('Origin',(81.9807110859437,44.0832297317158,7.75));
#6616=CARTESIAN_POINT('',(85.5807110859437,44.0832297317158,13.));
#6617=CARTESIAN_POINT('',(85.5807110859437,44.0832297317158,15.));
#6618=CARTESIAN_POINT('Origin',(81.9807110859437,44.0832297317158,13.));
#6619=CARTESIAN_POINT('Origin',(81.9807110859437,44.0832297317158,15.));
#6620=CARTESIAN_POINT('',(83.4807110859437,44.0832297317158,11.));
#6621=CARTESIAN_POINT('Origin',(81.9807110859437,44.0832297317158,11.));
#6622=CARTESIAN_POINT('',(83.4807110859437,44.0832297317158,7.75));
#6623=CARTESIAN_POINT('',(83.4807110859437,44.0832297317158,15.));
#6624=CARTESIAN_POINT('Origin',(81.9807110859437,44.0832297317158,7.75));
#6625=CARTESIAN_POINT('Origin',(81.9807110859437,44.0832297317158,11.));
#6626=CARTESIAN_POINT('',(83.538825872467,41.5169850735917,11.));
#6627=CARTESIAN_POINT('',(80.5373354129437,41.4507404155124,11.));
#6628=CARTESIAN_POINT('',(80.5373354129437,41.4507404155124,11.));
#6629=CARTESIAN_POINT('',(84.982201545467,44.1494743897951,11.));
#6630=CARTESIAN_POINT('',(83.538825872467,41.5169850735917,11.));
#6631=CARTESIAN_POINT('',(83.4240867589437,46.7157190479193,11.));
#6632=CARTESIAN_POINT('',(84.982201545467,44.1494743897951,11.));
#6633=CARTESIAN_POINT('',(80.4225962994204,46.64947438984,11.));
#6634=CARTESIAN_POINT('',(83.4240867589437,46.7157190479193,11.));
#6635=CARTESIAN_POINT('',(78.9792206264204,44.0169850736366,11.));
#6636=CARTESIAN_POINT('',(80.4225962994204,46.64947438984,11.));
#6637=CARTESIAN_POINT('',(78.9792206264204,44.0169850736366,11.));
#6638=CARTESIAN_POINT('Origin',(81.9807110859437,44.0832297317158,7.75));
#6639=CARTESIAN_POINT('Origin',(3.98071108594374,44.0832297317158,15.));
#6640=CARTESIAN_POINT('',(0.380711085943741,44.0832297317158,7.75));
#6641=CARTESIAN_POINT('Origin',(3.98071108594374,44.0832297317158,7.75));
#6642=CARTESIAN_POINT('',(0.380711085943741,44.0832297317158,13.));
#6643=CARTESIAN_POINT('',(0.380711085943741,44.0832297317158,15.));
#6644=CARTESIAN_POINT('Origin',(3.98071108594374,44.0832297317158,13.));
#6645=CARTESIAN_POINT('Origin',(3.98071108594374,44.0832297317158,15.));
#6646=CARTESIAN_POINT('',(2.48071108594374,44.0832297317158,11.));
#6647=CARTESIAN_POINT('Origin',(3.98071108594374,44.0832297317158,11.));
#6648=CARTESIAN_POINT('',(2.48071108594374,44.0832297317158,7.75));
#6649=CARTESIAN_POINT('',(2.48071108594374,44.0832297317158,15.));
#6650=CARTESIAN_POINT('Origin',(3.98071108594374,44.0832297317158,7.75));
#6651=CARTESIAN_POINT('Origin',(3.98071108594374,44.0832297317158,11.));
#6652=CARTESIAN_POINT('',(2.42259629942044,41.5169850735916,11.));
#6653=CARTESIAN_POINT('',(5.42408675894374,41.4507404155124,11.));
#6654=CARTESIAN_POINT('',(5.42408675894374,41.4507404155124,11.));
#6655=CARTESIAN_POINT('',(6.98220154546704,44.0169850736365,11.));
#6656=CARTESIAN_POINT('',(6.98220154546704,44.0169850736365,11.));
#6657=CARTESIAN_POINT('',(5.53882587246704,46.64947438984,11.));
#6658=CARTESIAN_POINT('',(5.53882587246704,46.64947438984,11.));
#6659=CARTESIAN_POINT('',(2.53733541294374,46.7157190479192,11.));
#6660=CARTESIAN_POINT('',(2.53733541294374,46.7157190479192,11.));
#6661=CARTESIAN_POINT('',(0.979220626420445,44.149474389795,11.));
#6662=CARTESIAN_POINT('',(0.979220626420445,44.149474389795,11.));
#6663=CARTESIAN_POINT('',(2.42259629942044,41.5169850735916,11.));
#6664=CARTESIAN_POINT('Origin',(3.98071108594374,44.0832297317158,7.75));
#6665=CARTESIAN_POINT('Origin',(81.9807110859436,86.0832297317158,15.));
#6666=CARTESIAN_POINT('',(85.5807110859436,86.0832297317158,7.75));
#6667=CARTESIAN_POINT('Origin',(81.9807110859436,86.0832297317158,7.75));
#6668=CARTESIAN_POINT('',(85.5807110859436,86.0832297317158,13.));
#6669=CARTESIAN_POINT('',(85.5807110859436,86.0832297317158,15.));
#6670=CARTESIAN_POINT('',(82.5539343906471,82.5291595237789,13.));
#6671=CARTESIAN_POINT('Origin',(81.9807110859436,86.0832297317158,13.));
#6672=CARTESIAN_POINT('',(82.5539343906471,82.5291595237789,11.));
#6673=CARTESIAN_POINT('',(82.5539343906471,82.5291595237789,15.));
#6674=CARTESIAN_POINT('',(82.5539343906471,89.6372999396527,11.));
#6675=CARTESIAN_POINT('Origin',(81.9807110859436,86.0832297317158,11.));
#6676=CARTESIAN_POINT('',(82.5539343906471,89.6372999396527,13.));
#6677=CARTESIAN_POINT('',(82.5539343906471,89.6372999396527,15.));
#6678=CARTESIAN_POINT('Origin',(81.9807110859436,86.0832297317158,13.));
#6679=CARTESIAN_POINT('Origin',(81.9807110859436,86.0832297317158,15.));
#6680=CARTESIAN_POINT('',(81.053934390647,89.561891106017,13.75));
#6681=CARTESIAN_POINT('',(82.303934390647,89.6686901896342,15.));
#6682=CARTESIAN_POINT('Ctrl Pts',(81.0539343906471,89.561891106017,13.75));
#6683=CARTESIAN_POINT('Ctrl Pts',(81.0539343906471,89.561891106017,13.9081235295971));
#6684=CARTESIAN_POINT('Ctrl Pts',(81.0857474029719,89.5708354629255,14.076224855987));
#6685=CARTESIAN_POINT('Ctrl Pts',(81.2141499083084,89.601288504148,14.3846433418437));
#6686=CARTESIAN_POINT('Ctrl Pts',(81.3107032804385,89.6221279760794,14.5250412475941));
#6687=CARTESIAN_POINT('Ctrl Pts',(81.5327167211628,89.6570012894524,14.7460379726699));
#6688=CARTESIAN_POINT('Ctrl Pts',(81.6729280121554,89.6733457003192,14.8417795896232));
#6689=CARTESIAN_POINT('Ctrl Pts',(81.9803022588871,89.6865147495899,14.9687756065893));
#6690=CARTESIAN_POINT('Ctrl Pts',(82.1475008014064,89.6827924178625,15.));
#6691=CARTESIAN_POINT('Ctrl Pts',(82.303934390647,89.6686901896342,15.));
#6692=CARTESIAN_POINT('',(81.053934390647,89.561891106017,12.5));
#6693=CARTESIAN_POINT('',(81.053934390647,89.561891106017,15.));
#6694=CARTESIAN_POINT('',(78.498237545124,86.9955772737695,12.5));
#6695=CARTESIAN_POINT('Origin',(81.9807110859436,86.0832297317158,12.5));
#6696=CARTESIAN_POINT('',(78.4760993541546,86.9064530364191,12.4984455891004));
#6697=CARTESIAN_POINT('Ctrl Pts',(78.4760993541546,86.9064530364191,12.4984455891004));
#6698=CARTESIAN_POINT('Ctrl Pts',(78.4831231852778,86.9363547663822,12.4992325163159));
#6699=CARTESIAN_POINT('Ctrl Pts',(78.4905184525574,86.9661131338629,12.5));
#6700=CARTESIAN_POINT('Ctrl Pts',(78.498237545124,86.9955772737695,12.5));
#6701=CARTESIAN_POINT('',(78.503934390647,85.1494075799961,12.5));
#6702=CARTESIAN_POINT('Ctrl Pts',(78.503934390647,85.1494075799961,12.5));
#6703=CARTESIAN_POINT('Ctrl Pts',(78.4237837007679,85.4478220587817,12.5));
#6704=CARTESIAN_POINT('Ctrl Pts',(78.3807110859436,85.7879510607059,12.4675224521238));
#6705=CARTESIAN_POINT('Ctrl Pts',(78.3807110859436,86.3425772063996,12.4675224521238));
#6706=CARTESIAN_POINT('Ctrl Pts',(78.4127565302009,86.6367910835995,12.4913488649337));
#6707=CARTESIAN_POINT('Ctrl Pts',(78.4760993541546,86.9064530364191,12.4984455891004));
#6708=CARTESIAN_POINT('',(81.053934390647,82.6045683574146,12.5));
#6709=CARTESIAN_POINT('Origin',(81.9807110859436,86.0832297317158,12.5));
#6710=CARTESIAN_POINT('',(81.053934390647,82.6045683574146,13.75));
#6711=CARTESIAN_POINT('',(81.053934390647,82.6045683574146,15.));
#6712=CARTESIAN_POINT('',(82.303934390647,82.4977692737974,15.));
#6713=CARTESIAN_POINT('Ctrl Pts',(82.303934390647,82.4977692737974,15.));
#6714=CARTESIAN_POINT('Ctrl Pts',(82.1475008014064,82.4836670455691,15.));
#6715=CARTESIAN_POINT('Ctrl Pts',(81.9803022588871,82.4799447138418,14.9687756065893));
#6716=CARTESIAN_POINT('Ctrl Pts',(81.6729280121554,82.4931137631125,14.8417795896232));
#6717=CARTESIAN_POINT('Ctrl Pts',(81.5327167211628,82.5094581739793,14.7460379726699));
#6718=CARTESIAN_POINT('Ctrl Pts',(81.3107032804385,82.5443314873522,14.5250412475941));
#6719=CARTESIAN_POINT('Ctrl Pts',(81.2141499083084,82.5651709592837,14.3846433418437));
#6720=CARTESIAN_POINT('Ctrl Pts',(81.0857474029719,82.5956240005062,14.076224855987));
#6721=CARTESIAN_POINT('Ctrl Pts',(81.053934390647,82.6045683574146,13.9081235295971));
#6722=CARTESIAN_POINT('Ctrl Pts',(81.053934390647,82.6045683574146,13.75));
#6723=CARTESIAN_POINT('Origin',(81.9807110859436,86.0832297317158,15.));
#6724=CARTESIAN_POINT('Origin',(81.9807110859436,86.0832297317158,15.));
#6725=CARTESIAN_POINT('',(83.4807110859437,86.0832297317158,11.));
#6726=CARTESIAN_POINT('Origin',(81.9807110859436,86.0832297317158,11.));
#6727=CARTESIAN_POINT('',(83.4807110859437,86.0832297317158,7.75));
#6728=CARTESIAN_POINT('',(83.4807110859437,86.0832297317158,15.));
#6729=CARTESIAN_POINT('Origin',(81.9807110859436,86.0832297317158,7.75));
#6730=CARTESIAN_POINT('Origin',(81.9807110859436,86.0832297317158,11.));
#6731=CARTESIAN_POINT('',(83.5388258724669,88.64947438984,11.));
#6732=CARTESIAN_POINT('',(80.5373354129436,88.7157190479192,11.));
#6733=CARTESIAN_POINT('',(80.5373354129436,88.7157190479192,11.));
#6734=CARTESIAN_POINT('',(78.9792206264203,86.1494743897951,11.));
#6735=CARTESIAN_POINT('',(78.6528974225251,85.6120138727258,11.));
#6736=CARTESIAN_POINT('',(80.4225962994203,83.5169850735917,11.));
#6737=CARTESIAN_POINT('',(78.8300978004506,86.4214508776289,11.));
#6738=CARTESIAN_POINT('',(83.4240867589436,83.4507404155124,11.));
#6739=CARTESIAN_POINT('',(77.2327624308361,83.5873865813771,11.));
#6740=CARTESIAN_POINT('',(84.9822015454669,86.0169850736366,11.));
#6741=CARTESIAN_POINT('',(84.9822015454669,86.0169850736366,11.));
#6742=CARTESIAN_POINT('',(83.5388258724669,88.64947438984,11.));
#6743=CARTESIAN_POINT('Origin',(81.9807110859436,86.0832297317158,7.75));
#6744=CARTESIAN_POINT('Origin',(42.9807110859437,65.0832297317158,13.));
#6745=CARTESIAN_POINT('',(82.5539343906471,78.3698413840675,13.));
#6746=CARTESIAN_POINT('',(-0.269288914056294,39.8332297317158,13.));
#6747=CARTESIAN_POINT('',(20.3557110859437,39.8332297317158,13.));
#6748=CARTESIAN_POINT('',(-0.269288914056314,78.7082297317158,13.));
#6749=CARTESIAN_POINT('',(24.7307114584728,83.8332304767738,13.));
#6750=CARTESIAN_POINT('',(24.7307114584728,74.4582301042448,13.));
#6751=CARTESIAN_POINT('',(32.7307114584728,83.8332304767738,13.));
#6752=CARTESIAN_POINT('',(37.8557112722082,83.8332304767738,13.));
#6753=CARTESIAN_POINT('',(32.7307114584728,78.2082301042448,13.));
#6754=CARTESIAN_POINT('',(65.5539343906471,76.6564530364191,13.));
#6755=CARTESIAN_POINT('',(65.5539343906471,70.8698413840675,13.));
#6756=CARTESIAN_POINT('',(82.5539343906471,76.6564530364191,13.));
#6757=CARTESIAN_POINT('',(62.7673227382954,76.6564530364191,13.));
#6758=CARTESIAN_POINT('',(82.5539343906471,78.3698413840675,13.));
#6759=CARTESIAN_POINT('',(0.380711085943748,86.0832297317158,13.));
#6760=CARTESIAN_POINT('Origin',(3.98071108594375,86.0832297317158,13.));
#6761=CARTESIAN_POINT('Origin',(82.5539343906471,91.6564530364192,13.));
#6762=CARTESIAN_POINT('',(82.5539343906471,91.6564530364192,11.));
#6763=CARTESIAN_POINT('Origin',(81.053934390647,90.1564530364191,15.));
#6764=CARTESIAN_POINT('',(81.053934390647,89.8332297317158,13.75));
#6765=CARTESIAN_POINT('',(81.053934390647,77.6198413840674,13.75));
#6766=CARTESIAN_POINT('',(81.053934390647,91.0832297317158,12.5));
#6767=CARTESIAN_POINT('Origin',(81.053934390647,89.8332297317158,12.5));
#6768=CARTESIAN_POINT('',(81.053934390647,90.1564530364191,12.5));
#6769=CARTESIAN_POINT('Origin',(82.303934390647,77.6198413840674,13.75));
#6770=CARTESIAN_POINT('',(82.303934390647,89.8332297317158,15.));
#6771=CARTESIAN_POINT('',(82.303934390647,77.6198413840674,15.));
#6772=CARTESIAN_POINT('Origin',(82.303934390647,89.8332297317158,13.75));
#6773=CARTESIAN_POINT('Origin',(42.9807110859437,65.0832297317158,15.));
#6774=CARTESIAN_POINT('',(82.303934390647,76.9064530364192,15.));
#6775=CARTESIAN_POINT('',(82.303934390647,77.6198413840674,15.));
#6776=CARTESIAN_POINT('',(65.8039343906471,76.9064530364192,15.));
#6777=CARTESIAN_POINT('',(62.0173227382954,76.9064530364192,15.));
#6778=CARTESIAN_POINT('',(65.803934390647,89.8332297317158,15.));
#6779=CARTESIAN_POINT('',(65.8039343906471,71.6198413840675,15.));
#6780=CARTESIAN_POINT('',(33.9807114584728,89.8332297317158,15.));
#6781=CARTESIAN_POINT('',(65.6057110859437,89.8332297317158,15.));
#6782=CARTESIAN_POINT('',(33.9807114584728,82.5832304767738,15.));
#6783=CARTESIAN_POINT('',(33.9807114584728,78.2082301042448,15.));
#6784=CARTESIAN_POINT('',(23.4807114584728,82.5832304767738,15.));
#6785=CARTESIAN_POINT('',(37.8557112722082,82.5832304767738,15.));
#6786=CARTESIAN_POINT('',(23.4807114584728,89.8332297317158,15.));
#6787=CARTESIAN_POINT('',(23.4807114584728,74.4582301042448,15.));
#6788=CARTESIAN_POINT('',(0.230711085943689,89.8332297317158,15.));
#6789=CARTESIAN_POINT('',(65.6057110859437,89.8332297317158,15.));
#6790=CARTESIAN_POINT('',(0.230711085943704,40.3332297317158,15.));
#6791=CARTESIAN_POINT('',(0.230711085943689,78.7082297317158,15.));
#6792=CARTESIAN_POINT('',(85.7307110859437,40.3332297317158,15.));
#6793=CARTESIAN_POINT('',(20.3557110859437,40.3332297317158,15.));
#6794=CARTESIAN_POINT('',(85.7307110859437,89.8332297317158,15.));
#6795=CARTESIAN_POINT('',(85.7307110859437,51.4582297317158,15.));
#6796=CARTESIAN_POINT('',(65.6057110859437,89.8332297317158,15.));
#6797=CARTESIAN_POINT('',(84.982201545467,44.1494743897951,15.));
#6798=CARTESIAN_POINT('',(83.538825872467,41.5169850735917,15.));
#6799=CARTESIAN_POINT('',(84.5405380157707,43.3439498510134,15.));
#6800=CARTESIAN_POINT('',(80.5373354129437,41.4507404155124,15.));
#6801=CARTESIAN_POINT('',(63.5295756352401,41.0753691636754,15.));
#6802=CARTESIAN_POINT('',(78.9792206264204,44.0169850736366,15.));
#6803=CARTESIAN_POINT('',(70.2375039501051,58.4147585351707,15.));
#6804=CARTESIAN_POINT('',(80.4225962994204,46.64947438984,15.));
#6805=CARTESIAN_POINT('',(79.2592449332242,44.5277051929566,15.));
#6806=CARTESIAN_POINT('',(83.4240867589437,46.7157190479193,15.));
#6807=CARTESIAN_POINT('',(61.9140912919552,46.2409808089633,15.));
#6808=CARTESIAN_POINT('',(73.9033126893667,62.3966148385155,15.));
#6809=CARTESIAN_POINT('',(2.42259629942044,41.5169850735916,15.));
#6810=CARTESIAN_POINT('',(0.979220626420445,44.149474389795,15.));
#6811=CARTESIAN_POINT('',(1.42088415611668,43.3439498510134,15.));
#6812=CARTESIAN_POINT('',(2.53733541294374,46.7157190479192,15.));
#6813=CARTESIAN_POINT('',(12.0581094825207,62.3966148385154,15.));
#6814=CARTESIAN_POINT('',(5.53882587246704,46.64947438984,15.));
#6815=CARTESIAN_POINT('',(24.0473308799322,46.2409808089633,15.));
#6816=CARTESIAN_POINT('',(6.98220154546704,44.0169850736365,15.));
#6817=CARTESIAN_POINT('',(6.70217723866327,44.5277051929566,15.));
#6818=CARTESIAN_POINT('',(5.42408675894374,41.4507404155124,15.));
#6819=CARTESIAN_POINT('',(15.7239182217823,58.4147585351706,15.));
#6820=CARTESIAN_POINT('',(22.4318465366473,41.0753691636753,15.));
#6821=CARTESIAN_POINT('',(80.5373354129436,88.7157190479192,15.));
#6822=CARTESIAN_POINT('',(83.5388258724669,88.64947438984,15.));
#6823=CARTESIAN_POINT('',(63.5295756352401,89.0910902997563,15.));
#6824=CARTESIAN_POINT('',(84.9822015454669,86.0169850736366,15.));
#6825=CARTESIAN_POINT('',(84.5405380157707,86.8225096124183,15.));
#6826=CARTESIAN_POINT('',(83.4240867589436,83.4507404155124,15.));
#6827=CARTESIAN_POINT('',(73.9033126893667,67.7698446249161,15.));
#6828=CARTESIAN_POINT('',(80.4225962994203,83.5169850735917,15.));
#6829=CARTESIAN_POINT('',(61.9140912919552,83.9254786544683,15.));
#6830=CARTESIAN_POINT('',(78.9792206264203,86.1494743897951,15.));
#6831=CARTESIAN_POINT('',(79.3400645446703,85.4913520607442,15.));
#6832=CARTESIAN_POINT('',(80.1478067163128,88.0741578833882,15.));
#6833=CARTESIAN_POINT('',(0.979220626420452,86.0169850736365,15.));
#6834=CARTESIAN_POINT('',(2.42259629942045,88.64947438984,15.));
#6835=CARTESIAN_POINT('',(1.42088415611668,86.8225096124182,15.));
#6836=CARTESIAN_POINT('',(5.42408675894375,88.7157190479192,15.));
#6837=CARTESIAN_POINT('',(22.4318465366473,89.0910902997562,15.));
#6838=CARTESIAN_POINT('',(6.98220154546704,86.149474389795,15.));
#6839=CARTESIAN_POINT('',(15.7239182217823,71.7517009282609,15.));
#6840=CARTESIAN_POINT('',(5.53882587246704,83.5169850735916,15.));
#6841=CARTESIAN_POINT('',(6.70217723866327,85.638754270475,15.));
#6842=CARTESIAN_POINT('',(2.53733541294375,83.4507404155124,15.));
#6843=CARTESIAN_POINT('',(24.0473308799322,83.9254786544683,15.));
#6844=CARTESIAN_POINT('',(12.0581094825207,67.7698446249161,15.));
#6845=CARTESIAN_POINT('Origin',(82.303934390647,77.6198413840674,13.75));
#6846=CARTESIAN_POINT('',(81.053934390647,78.1564530364192,13.75));
#6847=CARTESIAN_POINT('',(81.053934390647,77.6198413840674,13.75));
#6848=CARTESIAN_POINT('Origin',(82.303934390647,76.9064530364192,13.75));
#6849=CARTESIAN_POINT('Origin',(3.98071108594375,86.0832297317158,15.));
#6850=CARTESIAN_POINT('',(0.380711085943748,86.0832297317158,7.75));
#6851=CARTESIAN_POINT('Origin',(3.98071108594375,86.0832297317158,7.75));
#6852=CARTESIAN_POINT('',(0.380711085943748,86.0832297317158,15.));
#6853=CARTESIAN_POINT('Origin',(3.98071108594375,86.0832297317158,15.));
#6854=CARTESIAN_POINT('',(2.48071108594375,86.0832297317158,11.));
#6855=CARTESIAN_POINT('Origin',(3.98071108594375,86.0832297317158,11.));
#6856=CARTESIAN_POINT('',(2.48071108594375,86.0832297317158,7.75));
#6857=CARTESIAN_POINT('',(2.48071108594375,86.0832297317158,15.));
#6858=CARTESIAN_POINT('Origin',(3.98071108594375,86.0832297317158,7.75));
#6859=CARTESIAN_POINT('Origin',(3.98071108594375,86.0832297317158,11.));
#6860=CARTESIAN_POINT('',(2.42259629942045,88.64947438984,11.));
#6861=CARTESIAN_POINT('',(5.42408675894375,88.7157190479192,11.));
#6862=CARTESIAN_POINT('',(5.42408675894375,88.7157190479192,11.));
#6863=CARTESIAN_POINT('',(0.979220626420452,86.0169850736365,11.));
#6864=CARTESIAN_POINT('',(2.42259629942045,88.64947438984,11.));
#6865=CARTESIAN_POINT('',(2.53733541294375,83.4507404155124,11.));
#6866=CARTESIAN_POINT('',(0.979220626420452,86.0169850736365,11.));
#6867=CARTESIAN_POINT('',(5.53882587246704,83.5169850735916,11.));
#6868=CARTESIAN_POINT('',(2.53733541294375,83.4507404155124,11.));
#6869=CARTESIAN_POINT('',(6.98220154546704,86.149474389795,11.));
#6870=CARTESIAN_POINT('',(5.53882587246704,83.5169850735916,11.));
#6871=CARTESIAN_POINT('',(6.98220154546704,86.149474389795,11.));
#6872=CARTESIAN_POINT('Origin',(3.98071108594375,86.0832297317158,7.75));
#6873=CARTESIAN_POINT('Origin',(-2.26928891405629,39.8332297317158,0.));
#6874=CARTESIAN_POINT('',(-0.269288914056295,39.8332297317158,0.));
#6875=CARTESIAN_POINT('',(60.2307119800134,39.8332297317158,11.9781176811838));
#6876=CARTESIAN_POINT('',(52.7307119800134,39.8332297317158,11.9781176811838));
#6877=CARTESIAN_POINT('',(25.1057115329785,39.8332297317158,11.9781176811838));
#6878=CARTESIAN_POINT('',(52.4807119800134,39.8332297317158,11.7281176811838));
#6879=CARTESIAN_POINT('Origin',(52.7307119800134,39.8332297317158,11.7281176811838));
#6880=CARTESIAN_POINT('',(52.4807119800134,39.8332297317158,7.47811768118381));
#6881=CARTESIAN_POINT('',(52.4807119800134,39.8332297317158,3.6140588405919));
#6882=CARTESIAN_POINT('',(52.7307119800134,39.8332297317158,7.22811768118381));
#6883=CARTESIAN_POINT('Origin',(52.7307119800134,39.8332297317158,7.47811768118381));
#6884=CARTESIAN_POINT('',(60.2307119800134,39.8332297317158,7.22811768118381));
#6885=CARTESIAN_POINT('',(29.1057115329785,39.8332297317158,7.22811768118381));
#6886=CARTESIAN_POINT('',(60.4807119800134,39.8332297317158,7.47811768118381));
#6887=CARTESIAN_POINT('Origin',(60.2307119800134,39.8332297317158,7.47811768118381));
#6888=CARTESIAN_POINT('',(60.4807119800134,39.8332297317158,11.7281176811838));
#6889=CARTESIAN_POINT('',(60.4807119800134,39.8332297317158,5.9890588405919));
#6890=CARTESIAN_POINT('Origin',(60.2307119800134,39.8332297317158,11.7281176811838));
#6891=CARTESIAN_POINT('',(67.2307110859437,39.8332297317158,7.22811768118381));
#6892=CARTESIAN_POINT('',(74.7307110859437,39.8332297317158,7.22811768118381));
#6893=CARTESIAN_POINT('',(36.3557110859437,39.8332297317158,7.22811768118381));
#6894=CARTESIAN_POINT('',(74.9807110859437,39.8332297317158,7.47811768118381));
#6895=CARTESIAN_POINT('Origin',(74.7307110859437,39.8332297317158,7.47811768118381));
#6896=CARTESIAN_POINT('',(74.9807110859437,39.8332297317158,11.7281176811838));
#6897=CARTESIAN_POINT('',(74.9807110859437,39.8332297317158,5.98905884059191));
#6898=CARTESIAN_POINT('',(74.7307110859437,39.8332297317158,11.9781176811838));
#6899=CARTESIAN_POINT('Origin',(74.7307110859437,39.8332297317158,11.7281176811838));
#6900=CARTESIAN_POINT('',(67.2307110859437,39.8332297317158,11.9781176811838));
#6901=CARTESIAN_POINT('',(32.3557110859437,39.8332297317158,11.9781176811838));
#6902=CARTESIAN_POINT('',(66.9807110859437,39.8332297317158,11.7281176811838));
#6903=CARTESIAN_POINT('Origin',(67.2307110859437,39.8332297317158,11.7281176811838));
#6904=CARTESIAN_POINT('',(66.9807110859437,39.8332297317158,7.47811768118381));
#6905=CARTESIAN_POINT('',(66.9807110859437,39.8332297317158,3.6140588405919));
#6906=CARTESIAN_POINT('Origin',(67.2307110859437,39.8332297317158,7.47811768118381));
#6907=CARTESIAN_POINT('',(31.4807110859437,39.8332297317158,9.97811768118381));
#6908=CARTESIAN_POINT('',(31.4807110859437,39.8332297317158,7.47811768118381));
#6909=CARTESIAN_POINT('',(31.4807110859437,39.8332297317158,3.61405884059191));
#6910=CARTESIAN_POINT('',(31.7307110859437,39.8332297317158,7.22811768118381));
#6911=CARTESIAN_POINT('Origin',(31.7307110859437,39.8332297317158,7.47811768118381));
#6912=CARTESIAN_POINT('',(44.5307110859437,39.8332297317158,7.22811768118381));
#6913=CARTESIAN_POINT('',(21.2557110859437,39.8332297317158,7.22811768118381));
#6914=CARTESIAN_POINT('',(44.7807110859437,39.8332297317158,7.47811768118381));
#6915=CARTESIAN_POINT('Origin',(44.5307110859437,39.8332297317158,7.47811768118381));
#6916=CARTESIAN_POINT('',(44.7807110859437,39.8332297317158,9.97811768118381));
#6917=CARTESIAN_POINT('',(44.7807110859437,39.8332297317158,5.11405884059191));
#6918=CARTESIAN_POINT('',(44.5307110859437,39.8332297317158,10.2281176811838));
#6919=CARTESIAN_POINT('Origin',(44.5307110859437,39.8332297317158,9.97811768118381));
#6920=CARTESIAN_POINT('',(31.7307110859437,39.8332297317158,10.2281176811838));
#6921=CARTESIAN_POINT('',(14.6057110859437,39.8332297317158,10.2281176811838));
#6922=CARTESIAN_POINT('Origin',(31.7307110859437,39.8332297317158,9.97811768118381));
#6923=CARTESIAN_POINT('Origin',(-2.2692889140563,50.9003465516826,8.02811768118381));
#6924=CARTESIAN_POINT('',(-0.915735523463025,50.2201344343323,7.60703398949076));
#6925=CARTESIAN_POINT('',(-0.915735523463025,50.9003465516826,7.22811768118381));
#6926=CARTESIAN_POINT('Ctrl Pts',(-0.915735523463025,50.2201344343323,7.60703398949076));
#6927=CARTESIAN_POINT('Ctrl Pts',(-0.915735523463025,50.3628157983926,7.3765487090856));
#6928=CARTESIAN_POINT('Ctrl Pts',(-0.915735523463025,50.6292601081802,7.2281176811838));
#6929=CARTESIAN_POINT('Ctrl Pts',(-0.915735523463025,50.9003465516826,7.22811768118381));
#6930=CARTESIAN_POINT('',(-0.269288914056299,50.2201344343323,7.60703398949077));
#6931=CARTESIAN_POINT('',(-2.2692889140563,50.2201344343323,7.60703398949077));
#6932=CARTESIAN_POINT('',(-0.269288914056299,50.9003465516826,7.22811768118381));
#6933=CARTESIAN_POINT('Origin',(-0.269288914056315,50.9003465516826,8.02811768118381));
#6934=CARTESIAN_POINT('',(-2.2692889140563,50.9003465516826,7.22811768118381));
#6935=CARTESIAN_POINT('Origin',(-2.2692889140563,50.9003465516826,7.22811768118381));
#6936=CARTESIAN_POINT('',(-0.915735523463027,56.4661128925267,7.22811768118382));
#6937=CARTESIAN_POINT('Ctrl Pts',(-0.915735523463025,50.9003465516826,7.22811768118381));
#6938=CARTESIAN_POINT('Ctrl Pts',(-0.915735523463026,52.7562611869407,7.22811768118381));
#6939=CARTESIAN_POINT('Ctrl Pts',(-0.915735523463027,54.6101982572727,7.22811768118381));
#6940=CARTESIAN_POINT('Ctrl Pts',(-0.915735523463028,56.4661128925267,7.22811768118382));
#6941=CARTESIAN_POINT('',(-0.269288914056302,56.4661128925267,7.22811768118382));
#6942=CARTESIAN_POINT('',(-0.269288914056307,71.6167881416992,7.22811768118385));
#6943=CARTESIAN_POINT('',(-2.2692889140563,56.4661128925267,7.22811768118382));
#6944=CARTESIAN_POINT('Origin',(-2.2692889140563,56.4661128925267,8.02811768118381));
#6945=CARTESIAN_POINT('',(-0.915735523463028,57.146325009877,7.60703398949078));
#6946=CARTESIAN_POINT('Ctrl Pts',(-0.915735523463027,56.4661128925267,7.22811768118382));
#6947=CARTESIAN_POINT('Ctrl Pts',(-0.915735523463028,56.7371993360286,7.22811768118382));
#6948=CARTESIAN_POINT('Ctrl Pts',(-0.915735523463028,57.0036436458168,7.37654870908595));
#6949=CARTESIAN_POINT('Ctrl Pts',(-0.915735523463028,57.146325009877,7.60703398949078));
#6950=CARTESIAN_POINT('',(-0.269288914056302,57.146325009877,7.60703398949078));
#6951=CARTESIAN_POINT('Origin',(-0.269288914056315,56.4661128925267,8.02811768118381));
#6952=CARTESIAN_POINT('',(-2.2692889140563,57.146325009877,7.60703398949078));
#6953=CARTESIAN_POINT('Origin',(-2.2692889140563,57.146325009877,7.60703398949078));
#6954=CARTESIAN_POINT('',(-0.915735523463028,57.6634417812642,8.44237657489481));
#6955=CARTESIAN_POINT('Ctrl Pts',(-0.915735523463028,57.146325009877,7.60703398949078));
#6956=CARTESIAN_POINT('Ctrl Pts',(-0.915735523463028,57.3187478023223,7.88556311574866));
#6957=CARTESIAN_POINT('Ctrl Pts',(-0.915735523463028,57.4910512191159,8.16389940441529));
#6958=CARTESIAN_POINT('Ctrl Pts',(-0.915735523463028,57.663441830178,8.44237654536177));
#6959=CARTESIAN_POINT('',(-0.269288914056302,57.6634418298438,8.44237654482178));
#6960=CARTESIAN_POINT('',(-0.269288914056303,60.3183468286143,12.7310692351435));
#6961=CARTESIAN_POINT('',(-2.2692889140563,57.6634418298438,8.44237654482178));
#6962=CARTESIAN_POINT('Origin',(-2.2692889140563,56.9832297124935,8.86346023651482));
#6963=CARTESIAN_POINT('',(-0.915735523463028,57.7832296553589,8.86346029845493));
#6964=CARTESIAN_POINT('Ctrl Pts',(-0.915735523463028,57.6634417812642,8.44237657489481));
#6965=CARTESIAN_POINT('Ctrl Pts',(-0.915735523463028,57.7412505756997,8.56806770436748));
#6966=CARTESIAN_POINT('Ctrl Pts',(-0.915735523463028,57.7832296650504,8.71563458276854));
#6967=CARTESIAN_POINT('Ctrl Pts',(-0.915735523463028,57.7832296553589,8.8634602889629));
#6968=CARTESIAN_POINT('',(-0.269288914056302,57.7832296553589,8.86346029845493));
#6969=CARTESIAN_POINT('Origin',(-0.269288914056315,56.9832297124935,8.86346023651482));
#6970=CARTESIAN_POINT('',(-2.2692889140563,57.7832296553589,8.86346029845493));
#6971=CARTESIAN_POINT('Origin',(-2.2692889140563,60.3832297317158,9.02811768118382));
#6972=CARTESIAN_POINT('',(-0.915735523463028,58.5832297317158,9.02811768118382));
#6973=CARTESIAN_POINT('',(-0.915735523463029,60.3832297317158,7.22811768118382));
#6974=CARTESIAN_POINT('Ctrl Pts',(-0.915735523463028,58.5832297317158,9.02811768118382));
#6975=CARTESIAN_POINT('Ctrl Pts',(-0.915735523463028,58.5832297317158,8.48982757116007));
#6976=CARTESIAN_POINT('Ctrl Pts',(-0.915735523463029,59.0353820423489,7.55752429034477));
#6977=CARTESIAN_POINT('Ctrl Pts',(-0.915735523463029,59.9790582260141,7.22811768118382));
#6978=CARTESIAN_POINT('Ctrl Pts',(-0.915735523463029,60.3832297317158,7.22811768118382));
#6979=CARTESIAN_POINT('',(-0.269288914056302,58.5832297317158,9.02811768118382));
#6980=CARTESIAN_POINT('',(-2.2692889140563,58.5832297317158,9.02811768118382));
#6981=CARTESIAN_POINT('',(-0.269288914056303,60.3832297317158,7.22811768118382));
#6982=CARTESIAN_POINT('Origin',(-0.269288914056315,60.3832297317158,9.02811768118382));
#6983=CARTESIAN_POINT('',(-2.2692889140563,60.3832297317158,7.22811768118382));
#6984=CARTESIAN_POINT('Origin',(-2.2692889140563,60.3832297317158,7.22811768118382));
#6985=CARTESIAN_POINT('',(-0.915735523463032,66.7832297317158,7.22811768118381));
#6986=CARTESIAN_POINT('Ctrl Pts',(-0.915735523463029,60.3832297317158,7.22811768118382));
#6987=CARTESIAN_POINT('Ctrl Pts',(-0.91573552346303,62.519315938123,7.22811768118382));
#6988=CARTESIAN_POINT('Ctrl Pts',(-0.915735523463031,64.6471435253823,7.22811768118382));
#6989=CARTESIAN_POINT('Ctrl Pts',(-0.915735523463032,66.7832297317158,7.22811768118381));
#6990=CARTESIAN_POINT('',(-0.269288914056305,66.7832297317158,7.22811768118381));
#6991=CARTESIAN_POINT('',(-0.269288914056309,76.3582297317158,7.2281176811838));
#6992=CARTESIAN_POINT('',(-2.26928891405631,66.7832297317158,7.22811768118381));
#6993=CARTESIAN_POINT('Origin',(-2.26928891405631,66.7832297317158,9.0281176811838));
#6994=CARTESIAN_POINT('',(-0.915735523463032,68.5832297317158,9.02811768118382));
#6995=CARTESIAN_POINT('Ctrl Pts',(-0.915735523463032,66.7832297317158,7.22811768118381));
#6996=CARTESIAN_POINT('Ctrl Pts',(-0.915735523463032,67.3221250726375,7.22811768118381));
#6997=CARTESIAN_POINT('Ctrl Pts',(-0.915735523463032,68.2538540370987,7.68047210057859));
#6998=CARTESIAN_POINT('Ctrl Pts',(-0.915735523463032,68.5832297317158,8.62440010063858));
#6999=CARTESIAN_POINT('Ctrl Pts',(-0.915735523463032,68.5832297317158,9.02811768118382));
#7000=CARTESIAN_POINT('',(-0.269288914056306,68.5832297317158,9.02811768118382));
#7001=CARTESIAN_POINT('Origin',(-0.269288914056315,66.7832297317158,9.0281176811838));
#7002=CARTESIAN_POINT('',(-2.26928891405631,68.5832297317158,9.02811768118382));
#7003=CARTESIAN_POINT('Origin',(-2.2692889140563,49.7030176143655,8.44237654482178));
#7004=CARTESIAN_POINT('',(-0.915735523463025,49.7030176143655,8.44237654482179));
#7005=CARTESIAN_POINT('Ctrl Pts',(-0.915735523463025,49.7030176143655,8.44237654482179));
#7006=CARTESIAN_POINT('Ctrl Pts',(-0.915735523463025,49.875408224548,8.16389940529626));
#7007=CARTESIAN_POINT('Ctrl Pts',(-0.915735523463025,50.0477116420268,7.8855631155227));
#7008=CARTESIAN_POINT('Ctrl Pts',(-0.915735523463025,50.2201344343323,7.60703398949077));
#7009=CARTESIAN_POINT('',(-0.269288914056299,49.7030176143655,8.44237654482178));
#7010=CARTESIAN_POINT('',(-2.2692889140563,49.7030176143655,8.44237654482178));
#7011=CARTESIAN_POINT('',(-0.269288914056302,57.497505027946,-4.14871850788556));
#7012=CARTESIAN_POINT('Origin',(-2.2692889140563,58.5832297317158,9.72811768118382));
#7013=CARTESIAN_POINT('',(-0.915735523463028,58.5832297317158,9.72811768118382));
#7014=CARTESIAN_POINT('Ctrl Pts',(-0.915735523463028,58.5832297317158,9.72811768118382));
#7015=CARTESIAN_POINT('Ctrl Pts',(-0.915735523463028,58.5832297317158,9.49474911730138));
#7016=CARTESIAN_POINT('Ctrl Pts',(-0.915735523463028,58.5832297317158,9.26148624506619));
#7017=CARTESIAN_POINT('Ctrl Pts',(-0.915735523463028,58.5832297317158,9.02811768118382));
#7018=CARTESIAN_POINT('',(-0.269288914056302,58.5832297317158,9.72811768118382));
#7019=CARTESIAN_POINT('',(-2.2692889140563,58.5832297317158,9.72811768118382));
#7020=CARTESIAN_POINT('',(-0.269288914056302,58.5832297317159,4.86405884059169));
#7021=CARTESIAN_POINT('Origin',(-2.26928891405631,70.5832297317158,7.22811768118381));
#7022=CARTESIAN_POINT('',(-0.915735523463033,70.8332297317158,7.22811768118381));
#7023=CARTESIAN_POINT('',(-0.915735523463036,78.3332297319219,7.22811768118381));
#7024=CARTESIAN_POINT('Ctrl Pts',(-0.915735523463033,70.8332297317158,7.22811768118381));
#7025=CARTESIAN_POINT('Ctrl Pts',(-0.915735523463034,73.3354476281387,7.22811768118381));
#7026=CARTESIAN_POINT('Ctrl Pts',(-0.915735523463035,75.8310118354704,7.22811768118381));
#7027=CARTESIAN_POINT('Ctrl Pts',(-0.915735523463036,78.3332297319219,7.22811768118381));
#7028=CARTESIAN_POINT('',(-0.269288914056307,70.8332297317158,7.22811768118381));
#7029=CARTESIAN_POINT('',(-2.26928891405631,70.8332297317158,7.22811768118381));
#7030=CARTESIAN_POINT('',(-0.26928891405631,78.3332297319219,7.22811768118381));
#7031=CARTESIAN_POINT('',(-0.269288914056311,81.4582297317158,7.22811768118381));
#7032=CARTESIAN_POINT('',(-2.26928891405631,78.3332297319219,7.22811768118381));
#7033=CARTESIAN_POINT('Origin',(-2.26928891405631,78.3332297319219,7.47811768118381));
#7034=CARTESIAN_POINT('',(-0.915735523463036,78.5832297319219,7.47811768120099));
#7035=CARTESIAN_POINT('Ctrl Pts',(-0.915735523463036,78.3332297319219,7.22811768118381));
#7036=CARTESIAN_POINT('Ctrl Pts',(-0.915735523463036,78.3986985293927,7.22811768118381));
#7037=CARTESIAN_POINT('Ctrl Pts',(-0.915735523463036,78.5289586740707,7.2823888308666));
#7038=CARTESIAN_POINT('Ctrl Pts',(-0.915735523463036,78.5832297319264,7.41264843877654));
#7039=CARTESIAN_POINT('Ctrl Pts',(-0.915735523463036,78.5832297319219,7.47811768120099));
#7040=CARTESIAN_POINT('',(-0.26928891405631,78.5832297319219,7.47811768120099));
#7041=CARTESIAN_POINT('Origin',(-0.269288914056315,78.3332297319219,7.47811768118381));
#7042=CARTESIAN_POINT('',(-2.26928891405631,78.5832297319219,7.47811768120099));
#7043=CARTESIAN_POINT('Origin',(-2.26928891405631,70.5832297317158,11.9781176811838));
#7044=CARTESIAN_POINT('',(-0.915735523463033,70.5832297317158,11.7281176811838));
#7045=CARTESIAN_POINT('',(-0.915735523463033,70.5832297317158,7.47811768118381));
#7046=CARTESIAN_POINT('Ctrl Pts',(-0.915735523463033,70.5832297317158,11.7281176811838));
#7047=CARTESIAN_POINT('Ctrl Pts',(-0.915735523463033,70.5832297317158,10.310199168581));
#7048=CARTESIAN_POINT('Ctrl Pts',(-0.915735523463033,70.5832297317158,8.89603619378443));
#7049=CARTESIAN_POINT('Ctrl Pts',(-0.915735523463033,70.5832297317158,7.47811768118381));
#7050=CARTESIAN_POINT('',(-0.269288914056307,70.5832297317158,11.7281176811838));
#7051=CARTESIAN_POINT('',(-2.26928891405631,70.5832297317158,11.7281176811838));
#7052=CARTESIAN_POINT('',(-0.269288914056307,70.5832297317158,7.47811768118381));
#7053=CARTESIAN_POINT('',(-0.269288914056307,70.5832297317158,5.98905884059191));
#7054=CARTESIAN_POINT('',(-2.26928891405631,70.5832297317158,7.47811768118381));
#7055=CARTESIAN_POINT('Origin',(-2.26928891405631,70.8332297317158,7.47811768118381));
#7056=CARTESIAN_POINT('Ctrl Pts',(-0.915735523463033,70.5832297317158,7.47811768118381));
#7057=CARTESIAN_POINT('Ctrl Pts',(-0.915735523463033,70.5832297317158,7.41264843923032));
#7058=CARTESIAN_POINT('Ctrl Pts',(-0.915735523463033,70.6375007223669,7.28238876387062));
#7059=CARTESIAN_POINT('Ctrl Pts',(-0.915735523463033,70.7677609342655,7.22811768118381));
#7060=CARTESIAN_POINT('Ctrl Pts',(-0.915735523463033,70.8332297317158,7.22811768118381));
#7061=CARTESIAN_POINT('Origin',(-0.269288914056315,70.8332297317158,7.47811768118381));
#7062=CARTESIAN_POINT('Origin',(-2.26928891405631,78.5832297319391,7.22811768118381));
#7063=CARTESIAN_POINT('',(-0.915735523463036,78.5832297316299,11.728117681201));
#7064=CARTESIAN_POINT('Ctrl Pts',(-0.915735523463036,78.5832297319219,7.47811768120099));
#7065=CARTESIAN_POINT('Ctrl Pts',(-0.915735523463036,78.5832297318244,8.89605272550607));
#7066=CARTESIAN_POINT('Ctrl Pts',(-0.915735523463036,78.5832297317273,10.3100469438682));
#7067=CARTESIAN_POINT('Ctrl Pts',(-0.915735523463036,78.5832297316299,11.728117681201));
#7068=CARTESIAN_POINT('',(-0.26928891405631,78.5832297316299,11.728117681201));
#7069=CARTESIAN_POINT('',(-0.26928891405631,78.5832297321874,3.61405884011953));
#7070=CARTESIAN_POINT('',(-2.26928891405631,78.5832297316299,11.728117681201));
#7071=CARTESIAN_POINT('Origin',(-2.26928891405631,78.3332297316299,11.7281176811838));
#7072=CARTESIAN_POINT('',(-0.915735523463036,78.3332297316299,11.9781176811838));
#7073=CARTESIAN_POINT('Ctrl Pts',(-0.915735523463036,78.5832297316299,11.728117681201));
#7074=CARTESIAN_POINT('Ctrl Pts',(-0.915735523463036,78.5832297316254,11.7935897666987));
#7075=CARTESIAN_POINT('Ctrl Pts',(-0.915735523463036,78.528948139679,11.9238421744614));
#7076=CARTESIAN_POINT('Ctrl Pts',(-0.915735523463036,78.3986951079776,11.9781176811838));
#7077=CARTESIAN_POINT('Ctrl Pts',(-0.915735523463036,78.3332297316299,11.9781176811838));
#7078=CARTESIAN_POINT('',(-0.26928891405631,78.3332297316299,11.9781176811838));
#7079=CARTESIAN_POINT('Origin',(-0.269288914056315,78.3332297316299,11.7281176811838));
#7080=CARTESIAN_POINT('',(-2.26928891405631,78.3332297316299,11.9781176811838));
#7081=CARTESIAN_POINT('Origin',(-2.26928891405631,78.5832297316127,11.9781176811838));
#7082=CARTESIAN_POINT('',(-0.915735523463033,70.8332297317158,11.9781176811838));
#7083=CARTESIAN_POINT('Ctrl Pts',(-0.915735523463036,78.3332297316299,11.9781176811838));
#7084=CARTESIAN_POINT('Ctrl Pts',(-0.915735523463035,75.8310118083227,11.9781176811838));
#7085=CARTESIAN_POINT('Ctrl Pts',(-0.915735523463034,73.3354476280651,11.9781176811838));
#7086=CARTESIAN_POINT('Ctrl Pts',(-0.915735523463033,70.8332297317158,11.9781176811838));
#7087=CARTESIAN_POINT('',(-0.269288914056307,70.8332297317158,11.9781176811838));
#7088=CARTESIAN_POINT('',(-0.269288914056313,85.4582297316642,11.9781176811838));
#7089=CARTESIAN_POINT('',(-2.26928891405631,70.8332297317158,11.9781176811838));
#7090=CARTESIAN_POINT('Origin',(-2.26928891405631,70.8332297317158,11.7281176811838));
#7091=CARTESIAN_POINT('Ctrl Pts',(-0.915735523463033,70.8332297317158,11.9781176811838));
#7092=CARTESIAN_POINT('Ctrl Pts',(-0.915735523463033,70.7677609342657,11.9781176811838));
#7093=CARTESIAN_POINT('Ctrl Pts',(-0.915735523463033,70.637500765686,11.923846555298));
#7094=CARTESIAN_POINT('Ctrl Pts',(-0.915735523463033,70.5832297317158,11.7935869231374));
#7095=CARTESIAN_POINT('Ctrl Pts',(-0.915735523463033,70.5832297317158,11.7281176811838));
#7096=CARTESIAN_POINT('Origin',(-0.269288914056315,70.8332297317158,11.7281176811838));
#7097=CARTESIAN_POINT('Ctrl Pts',(-0.915735523463036,78.3332297316299,11.9781176811838));
#7098=CARTESIAN_POINT('Ctrl Pts',(-0.915735523463036,78.3986951079776,11.9781176811838));
#7099=CARTESIAN_POINT('Ctrl Pts',(-0.915735523463036,78.528948139679,11.9238421744614));
#7100=CARTESIAN_POINT('Ctrl Pts',(-0.915735523463036,78.5832297316254,11.7935897666987));
#7101=CARTESIAN_POINT('Ctrl Pts',(-0.915735523463036,78.5832297316299,11.728117681201));
#7102=CARTESIAN_POINT('Ctrl Pts',(-0.963354571082084,78.3332297316299,11.9781176811838));
#7103=CARTESIAN_POINT('Ctrl Pts',(-0.963354571082083,78.3987310818711,11.9781176811838));
#7104=CARTESIAN_POINT('Ctrl Pts',(-0.963354571082083,78.5289868544005,11.9238808924831));
#7105=CARTESIAN_POINT('Ctrl Pts',(-0.963354571082084,78.5832297316254,11.7936257442789));
#7106=CARTESIAN_POINT('Ctrl Pts',(-0.963354571082084,78.5832297316299,11.728117681201));
#7107=CARTESIAN_POINT('Ctrl Pts',(-1.06721741222691,78.3332297316299,11.9976716028597));
#7108=CARTESIAN_POINT('Ctrl Pts',(-1.0672174122269,78.4038409631628,11.9976716028597));
#7109=CARTESIAN_POINT('Ctrl Pts',(-1.06721741222691,78.5442837631228,11.9391782761989));
#7110=CARTESIAN_POINT('Ctrl Pts',(-1.06721741222691,78.6027836533009,11.7987361492528));
#7111=CARTESIAN_POINT('Ctrl Pts',(-1.06721741222691,78.6027836533058,11.7281176812023));
#7112=CARTESIAN_POINT('Ctrl Pts',(-1.22815048619716,78.3332297316299,12.1229759663553));
#7113=CARTESIAN_POINT('Ctrl Pts',(-1.22815048619716,78.4366369219457,12.1229759663553));
#7114=CARTESIAN_POINT('Ctrl Pts',(-1.22815048619716,78.6423635630012,12.0372611245927));
#7115=CARTESIAN_POINT('Ctrl Pts',(-1.22815048619717,78.7280880167943,11.8315354691035));
#7116=CARTESIAN_POINT('Ctrl Pts',(-1.22815048619717,78.7280880168014,11.728117681211));
#7117=CARTESIAN_POINT('Ctrl Pts',(-1.26928891405631,78.3332297316299,12.2602425003485));
#7118=CARTESIAN_POINT('Ctrl Pts',(-1.26928891405631,78.4727633049094,12.2602425003485));
#7119=CARTESIAN_POINT('Ctrl Pts',(-1.26928891405631,78.7500213078523,12.1449222272932));
#7120=CARTESIAN_POINT('Ctrl Pts',(-1.26928891405631,78.865354550785,11.8676655544509));
#7121=CARTESIAN_POINT('Ctrl Pts',(-1.26928891405631,78.8653545507946,11.7281176812204));
#7122=CARTESIAN_POINT('Ctrl Pts',(-1.26928891405631,78.3332297316299,12.3316710717771));
#7123=CARTESIAN_POINT('Ctrl Pts',(-1.26928891405631,78.4912771310744,12.3316710717771));
#7124=CARTESIAN_POINT('Ctrl Pts',(-1.26928891405631,78.8057357667483,12.2006384073431));
#7125=CARTESIAN_POINT('Ctrl Pts',(-1.26928891405631,78.9367831222123,11.8861812779907));
#7126=CARTESIAN_POINT('Ctrl Pts',(-1.26928891405631,78.9367831222231,11.7281176812253));
#7127=CARTESIAN_POINT('',(-1.26928891405631,78.9367831222231,11.7281176812253));
#7128=CARTESIAN_POINT('Ctrl Pts',(-0.915735523463036,78.5832297316299,11.728117681201));
#7129=CARTESIAN_POINT('Ctrl Pts',(-0.963354571082084,78.5832297316299,11.728117681201));
#7130=CARTESIAN_POINT('Ctrl Pts',(-1.06721746259911,78.6027836910062,11.7281176812024));
#7131=CARTESIAN_POINT('Ctrl Pts',(-1.22815062310657,78.728088106861,11.728117681211));
#7132=CARTESIAN_POINT('Ctrl Pts',(-1.26928891405631,78.8653545507946,11.7281176812204));
#7133=CARTESIAN_POINT('Ctrl Pts',(-1.26928891405631,78.9367831222231,11.7281176812253));
#7134=CARTESIAN_POINT('',(-1.26928891405631,78.3332297316299,12.3316710717771));
#7135=CARTESIAN_POINT('Ctrl Pts',(-1.26928891405631,78.3332297316299,12.3316710717771));
#7136=CARTESIAN_POINT('Ctrl Pts',(-1.26928891405631,78.3332297316299,12.2602425003485));
#7137=CARTESIAN_POINT('Ctrl Pts',(-1.22815062310657,78.3332297316299,12.122976056415));
#7138=CARTESIAN_POINT('Ctrl Pts',(-1.06721746259911,78.3332297316299,11.9976716405601));
#7139=CARTESIAN_POINT('Ctrl Pts',(-0.963354571082084,78.3332297316299,11.9781176811838));
#7140=CARTESIAN_POINT('Ctrl Pts',(-0.915735523463036,78.3332297316299,11.9781176811838));
#7141=CARTESIAN_POINT('Ctrl Pts',(-1.26928891405631,78.3332297316299,12.3316710717771));
#7142=CARTESIAN_POINT('Ctrl Pts',(-1.26928891405631,78.4912771310744,12.3316710717771));
#7143=CARTESIAN_POINT('Ctrl Pts',(-1.26928891405631,78.8057357667483,12.2006384073431));
#7144=CARTESIAN_POINT('Ctrl Pts',(-1.26928891405631,78.9367831222123,11.8861812779907));
#7145=CARTESIAN_POINT('Ctrl Pts',(-1.26928891405631,78.9367831222231,11.7281176812253));
#7146=CARTESIAN_POINT('Ctrl Pts',(-0.915735523463033,70.8332297317158,11.9781176811838));
#7147=CARTESIAN_POINT('Ctrl Pts',(-0.915735523463034,73.3354476280651,11.9781176811838));
#7148=CARTESIAN_POINT('Ctrl Pts',(-0.915735523463035,75.8310118083227,11.9781176811838));
#7149=CARTESIAN_POINT('Ctrl Pts',(-0.915735523463036,78.3332297316299,11.9781176811838));
#7150=CARTESIAN_POINT('Ctrl Pts',(-0.963354571082081,70.8332297317158,11.9781176811838));
#7151=CARTESIAN_POINT('Ctrl Pts',(-0.963354571082082,73.3354476280651,11.9781176811838));
#7152=CARTESIAN_POINT('Ctrl Pts',(-0.963354571082083,75.8310118083227,11.9781176811838));
#7153=CARTESIAN_POINT('Ctrl Pts',(-0.963354571082084,78.3332297316299,11.9781176811838));
#7154=CARTESIAN_POINT('Ctrl Pts',(-1.06721746259911,70.8332297317158,11.9976716405601));
#7155=CARTESIAN_POINT('Ctrl Pts',(-1.06721746259911,73.335447628065,11.9976716405601));
#7156=CARTESIAN_POINT('Ctrl Pts',(-1.06721746259911,75.8310118083227,11.9976716405601));
#7157=CARTESIAN_POINT('Ctrl Pts',(-1.06721746259911,78.3332297316299,11.9976716405601));
#7158=CARTESIAN_POINT('Ctrl Pts',(-1.22815062310657,70.8332297317158,12.122976056415));
#7159=CARTESIAN_POINT('Ctrl Pts',(-1.22815062310657,73.3354476280651,12.122976056415));
#7160=CARTESIAN_POINT('Ctrl Pts',(-1.22815062310657,75.8310118083228,12.122976056415));
#7161=CARTESIAN_POINT('Ctrl Pts',(-1.22815062310657,78.3332297316299,12.122976056415));
#7162=CARTESIAN_POINT('Ctrl Pts',(-1.26928891405631,70.8332297317158,12.2602425003485));
#7163=CARTESIAN_POINT('Ctrl Pts',(-1.26928891405631,73.3354476280651,12.2602425003485));
#7164=CARTESIAN_POINT('Ctrl Pts',(-1.26928891405631,75.8310118083228,12.2602425003485));
#7165=CARTESIAN_POINT('Ctrl Pts',(-1.26928891405631,78.3332297316299,12.2602425003485));
#7166=CARTESIAN_POINT('Ctrl Pts',(-1.26928891405631,70.8332297317158,12.3316710717771));
#7167=CARTESIAN_POINT('Ctrl Pts',(-1.26928891405631,73.3354476280651,12.3316710717771));
#7168=CARTESIAN_POINT('Ctrl Pts',(-1.26928891405631,75.8310118083227,12.3316710717771));
#7169=CARTESIAN_POINT('Ctrl Pts',(-1.26928891405631,78.3332297316299,12.3316710717771));
#7170=CARTESIAN_POINT('',(-1.26928891405631,70.8332297317158,12.3316710717771));
#7171=CARTESIAN_POINT('Ctrl Pts',(-1.26928891405631,70.8332297317158,12.3316710717771));
#7172=CARTESIAN_POINT('Ctrl Pts',(-1.26928891405631,70.8332297317158,12.2602425003485));
#7173=CARTESIAN_POINT('Ctrl Pts',(-1.2281550672343,70.8332297317158,12.1229789790768));
#7174=CARTESIAN_POINT('Ctrl Pts',(-1.06721908881885,70.8332297317158,11.9976728589834));
#7175=CARTESIAN_POINT('Ctrl Pts',(-0.963354571082081,70.8332297317158,11.9781176811838));
#7176=CARTESIAN_POINT('Ctrl Pts',(-0.915735523463033,70.8332297317158,11.9781176811838));
#7177=CARTESIAN_POINT('Ctrl Pts',(-1.26928891405631,70.8332297317158,12.3316710717771));
#7178=CARTESIAN_POINT('Ctrl Pts',(-1.26928891405631,73.3354476280651,12.3316710717771));
#7179=CARTESIAN_POINT('Ctrl Pts',(-1.26928891405631,75.8310118083227,12.3316710717771));
#7180=CARTESIAN_POINT('Ctrl Pts',(-1.26928891405631,78.3332297316299,12.3316710717771));
#7181=CARTESIAN_POINT('Ctrl Pts',(-0.915735523463033,70.5832297317158,11.7281176811838));
#7182=CARTESIAN_POINT('Ctrl Pts',(-0.915735523463033,70.5832297317158,11.7935869231374));
#7183=CARTESIAN_POINT('Ctrl Pts',(-0.915735523463033,70.637500765686,11.923846555298));
#7184=CARTESIAN_POINT('Ctrl Pts',(-0.915735523463033,70.7677609342657,11.9781176811838));
#7185=CARTESIAN_POINT('Ctrl Pts',(-0.915735523463033,70.8332297317158,11.9781176811838));
#7186=CARTESIAN_POINT('Ctrl Pts',(-0.963354571082081,70.5832297317158,11.7281176811838));
#7187=CARTESIAN_POINT('Ctrl Pts',(-0.963354571082081,70.5832297317158,11.7936228991551));
#7188=CARTESIAN_POINT('Ctrl Pts',(-0.963354571082081,70.6374620585478,11.9238852623864));
#7189=CARTESIAN_POINT('Ctrl Pts',(-0.963354571082081,70.7677249584922,11.9781176811838));
#7190=CARTESIAN_POINT('Ctrl Pts',(-0.963354571082081,70.8332297317158,11.9781176811838));
#7191=CARTESIAN_POINT('Ctrl Pts',(-1.06721908881885,70.5636745539161,11.7281176811838));
#7192=CARTESIAN_POINT('Ctrl Pts',(-1.06721908881885,70.5636745539161,11.7987330821756));
#7193=CARTESIAN_POINT('Ctrl Pts',(-1.06721908881885,70.6221636922873,11.9391836214722));
#7194=CARTESIAN_POINT('Ctrl Pts',(-1.06721908881885,70.7626148101674,11.9976728589834));
#7195=CARTESIAN_POINT('Ctrl Pts',(-1.06721908881885,70.8332297317158,11.9976728589834));
#7196=CARTESIAN_POINT('Ctrl Pts',(-1.2281550672343,70.4383684338228,11.7281176811838));
#7197=CARTESIAN_POINT('Ctrl Pts',(-1.2281550672343,70.4383684338228,11.8315309774975));
#7198=CARTESIAN_POINT('Ctrl Pts',(-1.2281550672343,70.5240777167673,12.0372695509453));
#7199=CARTESIAN_POINT('Ctrl Pts',(-1.2281550672343,70.7298171375269,12.1229789790768));
#7200=CARTESIAN_POINT('Ctrl Pts',(-1.2281550672343,70.8332297317158,12.1229789790768));
#7201=CARTESIAN_POINT('Ctrl Pts',(-1.26928891405631,70.3011049125511,11.7281176811838));
#7202=CARTESIAN_POINT('Ctrl Pts',(-1.26928891405631,70.3011049125511,11.8676594936554));
#7203=CARTESIAN_POINT('Ctrl Pts',(-1.26928891405631,70.4164157230107,12.1449314939827));
#7204=CARTESIAN_POINT('Ctrl Pts',(-1.26928891405631,70.6936888666635,12.2602425003485));
#7205=CARTESIAN_POINT('Ctrl Pts',(-1.26928891405631,70.8332297317158,12.2602425003485));
#7206=CARTESIAN_POINT('Ctrl Pts',(-1.26928891405631,70.2296763411225,11.7281176811838));
#7207=CARTESIAN_POINT('Ctrl Pts',(-1.26928891405631,70.2296763411225,11.8861744130265));
#7208=CARTESIAN_POINT('Ctrl Pts',(-1.26928891405631,70.3606982073774,12.2006489836184));
#7209=CARTESIAN_POINT('Ctrl Pts',(-1.26928891405631,70.6751740729995,12.3316710717771));
#7210=CARTESIAN_POINT('Ctrl Pts',(-1.26928891405631,70.8332297317158,12.3316710717771));
#7211=CARTESIAN_POINT('',(-1.26928891405631,70.2296763411225,11.7281176811838));
#7212=CARTESIAN_POINT('Ctrl Pts',(-1.26928891405631,70.2296763411225,11.7281176811838));
#7213=CARTESIAN_POINT('Ctrl Pts',(-1.26928891405631,70.3011049125511,11.7281176811838));
#7214=CARTESIAN_POINT('Ctrl Pts',(-1.2281557533191,70.4383679827449,11.7281176811838));
#7215=CARTESIAN_POINT('Ctrl Pts',(-1.06721933833062,70.5636743667454,11.7281176811838));
#7216=CARTESIAN_POINT('Ctrl Pts',(-0.963354571082081,70.5832297317158,11.7281176811838));
#7217=CARTESIAN_POINT('Ctrl Pts',(-0.915735523463033,70.5832297317158,11.7281176811838));
#7218=CARTESIAN_POINT('Ctrl Pts',(-1.26928891405631,70.2296763411225,11.7281176811838));
#7219=CARTESIAN_POINT('Ctrl Pts',(-1.26928891405631,70.2296763411225,11.8861744130265));
#7220=CARTESIAN_POINT('Ctrl Pts',(-1.26928891405631,70.3606982073774,12.2006489836184));
#7221=CARTESIAN_POINT('Ctrl Pts',(-1.26928891405631,70.6751740729995,12.3316710717771));
#7222=CARTESIAN_POINT('Ctrl Pts',(-1.26928891405631,70.8332297317158,12.3316710717771));
#7223=CARTESIAN_POINT('Ctrl Pts',(-0.915735523463033,70.5832297317158,7.47811768118381));
#7224=CARTESIAN_POINT('Ctrl Pts',(-0.915735523463033,70.5832297317158,8.89603619378443));
#7225=CARTESIAN_POINT('Ctrl Pts',(-0.915735523463033,70.5832297317158,10.310199168581));
#7226=CARTESIAN_POINT('Ctrl Pts',(-0.915735523463033,70.5832297317158,11.7281176811838));
#7227=CARTESIAN_POINT('Ctrl Pts',(-0.963354571082081,70.5832297317158,7.47811768118381));
#7228=CARTESIAN_POINT('Ctrl Pts',(-0.963354571082081,70.5832297317158,8.89603619378443));
#7229=CARTESIAN_POINT('Ctrl Pts',(-0.963354571082081,70.5832297317158,10.310199168581));
#7230=CARTESIAN_POINT('Ctrl Pts',(-0.963354571082081,70.5832297317158,11.7281176811838));
#7231=CARTESIAN_POINT('Ctrl Pts',(-1.06721933833062,70.5636743667454,7.47811768118381));
#7232=CARTESIAN_POINT('Ctrl Pts',(-1.06721933833062,70.5636743667454,8.89603619378444));
#7233=CARTESIAN_POINT('Ctrl Pts',(-1.06721933833062,70.5636743667454,10.310199168581));
#7234=CARTESIAN_POINT('Ctrl Pts',(-1.06721933833062,70.5636743667454,11.7281176811838));
#7235=CARTESIAN_POINT('Ctrl Pts',(-1.2281557533191,70.4383679827449,7.47811768118381));
#7236=CARTESIAN_POINT('Ctrl Pts',(-1.2281557533191,70.4383679827449,8.89603619378443));
#7237=CARTESIAN_POINT('Ctrl Pts',(-1.2281557533191,70.4383679827449,10.310199168581));
#7238=CARTESIAN_POINT('Ctrl Pts',(-1.2281557533191,70.4383679827449,11.7281176811838));
#7239=CARTESIAN_POINT('Ctrl Pts',(-1.26928891405631,70.3011049125511,7.47811768118381));
#7240=CARTESIAN_POINT('Ctrl Pts',(-1.26928891405631,70.3011049125511,8.89603619378444));
#7241=CARTESIAN_POINT('Ctrl Pts',(-1.26928891405631,70.3011049125511,10.310199168581));
#7242=CARTESIAN_POINT('Ctrl Pts',(-1.26928891405631,70.3011049125511,11.7281176811838));
#7243=CARTESIAN_POINT('Ctrl Pts',(-1.26928891405631,70.2296763411225,7.47811768118381));
#7244=CARTESIAN_POINT('Ctrl Pts',(-1.26928891405631,70.2296763411225,8.89603619378443));
#7245=CARTESIAN_POINT('Ctrl Pts',(-1.26928891405631,70.2296763411225,10.310199168581));
#7246=CARTESIAN_POINT('Ctrl Pts',(-1.26928891405631,70.2296763411225,11.7281176811838));
#7247=CARTESIAN_POINT('',(-1.26928891405631,70.2296763411225,7.47811768118381));
#7248=CARTESIAN_POINT('Ctrl Pts',(-1.26928891405631,70.2296763411225,7.47811768118381));
#7249=CARTESIAN_POINT('Ctrl Pts',(-1.26928891405631,70.3011049125511,7.47811768118381));
#7250=CARTESIAN_POINT('Ctrl Pts',(-1.22815866617637,70.4383660680074,7.47811768118381));
#7251=CARTESIAN_POINT('Ctrl Pts',(-1.06722039302334,70.5636735748825,7.47811768118381));
#7252=CARTESIAN_POINT('Ctrl Pts',(-0.963354571082081,70.5832297317158,7.47811768118381));
#7253=CARTESIAN_POINT('Ctrl Pts',(-0.915735523463033,70.5832297317158,7.47811768118381));
#7254=CARTESIAN_POINT('Ctrl Pts',(-1.26928891405631,70.2296763411225,7.47811768118381));
#7255=CARTESIAN_POINT('Ctrl Pts',(-1.26928891405631,70.2296763411225,8.89603619378443));
#7256=CARTESIAN_POINT('Ctrl Pts',(-1.26928891405631,70.2296763411225,10.310199168581));
#7257=CARTESIAN_POINT('Ctrl Pts',(-1.26928891405631,70.2296763411225,11.7281176811838));
#7258=CARTESIAN_POINT('Ctrl Pts',(-0.915735523463033,70.8332297317158,7.22811768118381));
#7259=CARTESIAN_POINT('Ctrl Pts',(-0.915735523463033,70.7677609342655,7.22811768118381));
#7260=CARTESIAN_POINT('Ctrl Pts',(-0.915735523463033,70.6375007223669,7.28238876387062));
#7261=CARTESIAN_POINT('Ctrl Pts',(-0.915735523463033,70.5832297317158,7.41264843923032));
#7262=CARTESIAN_POINT('Ctrl Pts',(-0.915735523463033,70.5832297317158,7.47811768118381));
#7263=CARTESIAN_POINT('Ctrl Pts',(-0.963354571082081,70.8332297317158,7.22811768118381));
#7264=CARTESIAN_POINT('Ctrl Pts',(-0.963354571082081,70.7677249584921,7.22811768118381));
#7265=CARTESIAN_POINT('Ctrl Pts',(-0.963354571082081,70.6374620258585,7.282350067412));
#7266=CARTESIAN_POINT('Ctrl Pts',(-0.963354571082081,70.5832297317158,7.41261246321263));
#7267=CARTESIAN_POINT('Ctrl Pts',(-0.963354571082081,70.5832297317158,7.47811768118381));
#7268=CARTESIAN_POINT('Ctrl Pts',(-1.06722039302334,70.8332297317158,7.20856152435053));
#7269=CARTESIAN_POINT('Ctrl Pts',(-1.06722039302334,70.7626148101673,7.20856152435053));
#7270=CARTESIAN_POINT('Ctrl Pts',(-1.06722039302334,70.6221631622716,7.26705121100913));
#7271=CARTESIAN_POINT('Ctrl Pts',(-1.06722039302334,70.5636735748825,7.40750228019218));
#7272=CARTESIAN_POINT('Ctrl Pts',(-1.06722039302334,70.5636735748825,7.47811768118381));
#7273=CARTESIAN_POINT('Ctrl Pts',(-1.22815866617637,70.8332297317158,7.08325401747539));
#7274=CARTESIAN_POINT('Ctrl Pts',(-1.22815866617637,70.7298171375267,7.08325401747539));
#7275=CARTESIAN_POINT('Ctrl Pts',(-1.22815866617637,70.524076464943,7.16896455978774));
#7276=CARTESIAN_POINT('Ctrl Pts',(-1.22815866617637,70.4383660680074,7.37470438487039));
#7277=CARTESIAN_POINT('Ctrl Pts',(-1.22815866617637,70.4383660680074,7.47811768118381));
#7278=CARTESIAN_POINT('Ctrl Pts',(-1.26928891405631,70.8332297317158,6.94599286201911));
#7279=CARTESIAN_POINT('Ctrl Pts',(-1.26928891405631,70.6936888666633,6.94599286201911));
#7280=CARTESIAN_POINT('Ctrl Pts',(-1.26928891405631,70.4164156871155,7.06130383274541));
#7281=CARTESIAN_POINT('Ctrl Pts',(-1.26928891405631,70.3011049125511,7.33857586871255));
#7282=CARTESIAN_POINT('Ctrl Pts',(-1.26928891405631,70.3011049125511,7.47811768118381));
#7283=CARTESIAN_POINT('Ctrl Pts',(-1.26928891405631,70.8332297317158,6.87456429059054));
#7284=CARTESIAN_POINT('Ctrl Pts',(-1.26928891405631,70.6751740729992,6.87456429059053));
#7285=CARTESIAN_POINT('Ctrl Pts',(-1.26928891405631,70.360698102796,7.00558627445771));
#7286=CARTESIAN_POINT('Ctrl Pts',(-1.26928891405631,70.2296763411225,7.32006094934142));
#7287=CARTESIAN_POINT('Ctrl Pts',(-1.26928891405631,70.2296763411225,7.47811768118381));
#7288=CARTESIAN_POINT('',(-1.26928891405631,70.8332297317158,6.87456429059054));
#7289=CARTESIAN_POINT('Ctrl Pts',(-1.26928891405631,70.8332297317158,6.87456429059054));
#7290=CARTESIAN_POINT('Ctrl Pts',(-1.26928891405631,70.8332297317158,6.94599286201911));
#7291=CARTESIAN_POINT('Ctrl Pts',(-1.2281536986792,70.8332297317158,7.08325728316877));
#7292=CARTESIAN_POINT('Ctrl Pts',(-1.06721858987201,70.8332297317158,7.20856287748469));
#7293=CARTESIAN_POINT('Ctrl Pts',(-0.963354571082081,70.8332297317158,7.22811768118381));
#7294=CARTESIAN_POINT('Ctrl Pts',(-0.915735523463033,70.8332297317158,7.22811768118381));
#7295=CARTESIAN_POINT('Ctrl Pts',(-1.26928891405631,70.8332297317158,6.87456429059054));
#7296=CARTESIAN_POINT('Ctrl Pts',(-1.26928891405631,70.6751740729992,6.87456429059053));
#7297=CARTESIAN_POINT('Ctrl Pts',(-1.26928891405631,70.360698102796,7.00558627445771));
#7298=CARTESIAN_POINT('Ctrl Pts',(-1.26928891405631,70.2296763411225,7.32006094934142));
#7299=CARTESIAN_POINT('Ctrl Pts',(-1.26928891405631,70.2296763411225,7.47811768118381));
#7300=CARTESIAN_POINT('Ctrl Pts',(-0.915735523463036,78.3332297319219,7.22811768118381));
#7301=CARTESIAN_POINT('Ctrl Pts',(-0.915735523463035,75.8310118354704,7.22811768118381));
#7302=CARTESIAN_POINT('Ctrl Pts',(-0.915735523463034,73.3354476281387,7.22811768118381));
#7303=CARTESIAN_POINT('Ctrl Pts',(-0.915735523463033,70.8332297317158,7.22811768118381));
#7304=CARTESIAN_POINT('Ctrl Pts',(-0.963354571082084,78.3332297319219,7.22811768118381));
#7305=CARTESIAN_POINT('Ctrl Pts',(-0.963354571082083,75.8310118354704,7.22811768118381));
#7306=CARTESIAN_POINT('Ctrl Pts',(-0.963354571082082,73.3354476281387,7.22811768118381));
#7307=CARTESIAN_POINT('Ctrl Pts',(-0.963354571082081,70.8332297317158,7.22811768118381));
#7308=CARTESIAN_POINT('Ctrl Pts',(-1.06721858987201,78.3332297319219,7.20856287748469));
#7309=CARTESIAN_POINT('Ctrl Pts',(-1.06721858987201,75.8310118354705,7.20856287748469));
#7310=CARTESIAN_POINT('Ctrl Pts',(-1.06721858987201,73.3354476281388,7.20856287748469));
#7311=CARTESIAN_POINT('Ctrl Pts',(-1.06721858987201,70.8332297317158,7.20856287748469));
#7312=CARTESIAN_POINT('Ctrl Pts',(-1.2281536986792,78.3332297319219,7.08325728316877));
#7313=CARTESIAN_POINT('Ctrl Pts',(-1.2281536986792,75.8310118354704,7.08325728316877));
#7314=CARTESIAN_POINT('Ctrl Pts',(-1.2281536986792,73.3354476281387,7.08325728316877));
#7315=CARTESIAN_POINT('Ctrl Pts',(-1.2281536986792,70.8332297317158,7.08325728316877));
#7316=CARTESIAN_POINT('Ctrl Pts',(-1.26928891405631,78.3332297319219,6.94599286201911));
#7317=CARTESIAN_POINT('Ctrl Pts',(-1.26928891405631,75.8310118354704,6.94599286201911));
#7318=CARTESIAN_POINT('Ctrl Pts',(-1.26928891405631,73.3354476281387,6.94599286201911));
#7319=CARTESIAN_POINT('Ctrl Pts',(-1.26928891405631,70.8332297317158,6.94599286201911));
#7320=CARTESIAN_POINT('Ctrl Pts',(-1.26928891405631,78.3332297319219,6.87456429059054));
#7321=CARTESIAN_POINT('Ctrl Pts',(-1.26928891405631,75.8310118354704,6.87456429059054));
#7322=CARTESIAN_POINT('Ctrl Pts',(-1.26928891405631,73.3354476281387,6.87456429059054));
#7323=CARTESIAN_POINT('Ctrl Pts',(-1.26928891405631,70.8332297317158,6.87456429059054));
#7324=CARTESIAN_POINT('',(-1.26928891405631,78.3332297319219,6.87456429059054));
#7325=CARTESIAN_POINT('Ctrl Pts',(-1.26928891405631,78.3332297319219,6.87456429059054));
#7326=CARTESIAN_POINT('Ctrl Pts',(-1.26928891405631,78.3332297319219,6.94599286201911));
#7327=CARTESIAN_POINT('Ctrl Pts',(-1.22815305770881,78.3332297319219,7.08325770467656));
#7328=CARTESIAN_POINT('Ctrl Pts',(-1.06721835562216,78.3332297319219,7.20856305303706));
#7329=CARTESIAN_POINT('Ctrl Pts',(-0.963354571082084,78.3332297319219,7.22811768118381));
#7330=CARTESIAN_POINT('Ctrl Pts',(-0.915735523463036,78.3332297319219,7.22811768118381));
#7331=CARTESIAN_POINT('Ctrl Pts',(-1.26928891405631,78.3332297319219,6.87456429059054));
#7332=CARTESIAN_POINT('Ctrl Pts',(-1.26928891405631,75.8310118354704,6.87456429059054));
#7333=CARTESIAN_POINT('Ctrl Pts',(-1.26928891405631,73.3354476281387,6.87456429059054));
#7334=CARTESIAN_POINT('Ctrl Pts',(-1.26928891405631,70.8332297317158,6.87456429059054));
#7335=CARTESIAN_POINT('Ctrl Pts',(-0.915735523463036,78.5832297319219,7.47811768120099));
#7336=CARTESIAN_POINT('Ctrl Pts',(-0.915735523463036,78.5832297319264,7.41264843877654));
#7337=CARTESIAN_POINT('Ctrl Pts',(-0.915735523463036,78.5289586740707,7.2823888308666));
#7338=CARTESIAN_POINT('Ctrl Pts',(-0.915735523463036,78.3986985293927,7.22811768118381));
#7339=CARTESIAN_POINT('Ctrl Pts',(-0.915735523463036,78.3332297319219,7.22811768118381));
#7340=CARTESIAN_POINT('Ctrl Pts',(-0.963354571082084,78.5832297319219,7.47811768120099));
#7341=CARTESIAN_POINT('Ctrl Pts',(-0.963354571082084,78.5832297319264,7.41261246275859));
#7342=CARTESIAN_POINT('Ctrl Pts',(-0.963354571082084,78.5289973870804,7.28235011790668));
#7343=CARTESIAN_POINT('Ctrl Pts',(-0.963354571082084,78.3987345051662,7.22811768118381));
#7344=CARTESIAN_POINT('Ctrl Pts',(-0.963354571082084,78.3332297319219,7.22811768118381));
#7345=CARTESIAN_POINT('Ctrl Pts',(-1.06721835562216,78.6027843600686,7.47811768120233));
#7346=CARTESIAN_POINT('Ctrl Pts',(-1.06721835562216,78.6027843600735,7.40750227970272));
#7347=CARTESIAN_POINT('Ctrl Pts',(-1.06721835562216,78.5442954742595,7.26705203789562));
#7348=CARTESIAN_POINT('Ctrl Pts',(-1.06721835562216,78.4038446534926,7.20856305303706));
#7349=CARTESIAN_POINT('Ctrl Pts',(-1.06721835562216,78.3332297319219,7.20856305303706));
#7350=CARTESIAN_POINT('Ctrl Pts',(-1.22815305770881,78.7280897084291,7.47811768121094));
#7351=CARTESIAN_POINT('Ctrl Pts',(-1.22815305770881,78.7280897084362,7.3747043841536));
#7352=CARTESIAN_POINT('Ctrl Pts',(-1.22815305770881,78.6423810483256,7.16896650983437));
#7353=CARTESIAN_POINT('Ctrl Pts',(-1.22815305770881,78.4366423261435,7.08325770467656));
#7354=CARTESIAN_POINT('Ctrl Pts',(-1.22815305770881,78.3332297319219,7.08325770467656));
#7355=CARTESIAN_POINT('Ctrl Pts',(-1.26928891405631,78.8653545510866,7.47811768122037));
#7356=CARTESIAN_POINT('Ctrl Pts',(-1.26928891405631,78.8653545510962,7.3385758677453));
#7357=CARTESIAN_POINT('Ctrl Pts',(-1.26928891405631,78.7500437209001,7.06130388793282));
#7358=CARTESIAN_POINT('Ctrl Pts',(-1.26928891405631,78.4727705970183,6.94599286201911));
#7359=CARTESIAN_POINT('Ctrl Pts',(-1.26928891405631,78.3332297319219,6.94599286201911));
#7360=CARTESIAN_POINT('Ctrl Pts',(-1.26928891405631,78.9367831225152,7.47811768122528));
#7361=CARTESIAN_POINT('Ctrl Pts',(-1.26928891405631,78.936783122526,7.32006094824589));
#7362=CARTESIAN_POINT('Ctrl Pts',(-1.26928891405631,78.8057611986064,7.00558643620031));
#7363=CARTESIAN_POINT('Ctrl Pts',(-1.26928891405631,78.4912853906882,6.87456429059054));
#7364=CARTESIAN_POINT('Ctrl Pts',(-1.26928891405631,78.3332297319219,6.87456429059054));
#7365=CARTESIAN_POINT('',(-1.26928891405631,78.9367831225152,7.47811768122528));
#7366=CARTESIAN_POINT('Ctrl Pts',(-1.26928891405631,78.9367831225152,7.47811768122528));
#7367=CARTESIAN_POINT('Ctrl Pts',(-1.26928891405631,78.8653545510866,7.47811768122038));
#7368=CARTESIAN_POINT('Ctrl Pts',(-1.22815062310657,78.728088107153,7.47811768121094));
#7369=CARTESIAN_POINT('Ctrl Pts',(-1.06721746259911,78.6027836912982,7.47811768120233));
#7370=CARTESIAN_POINT('Ctrl Pts',(-0.963354571082084,78.5832297319219,7.47811768120099));
#7371=CARTESIAN_POINT('Ctrl Pts',(-0.915735523463036,78.5832297319219,7.47811768120099));
#7372=CARTESIAN_POINT('Ctrl Pts',(-1.26928891405631,78.9367831225152,7.47811768122528));
#7373=CARTESIAN_POINT('Ctrl Pts',(-1.26928891405631,78.936783122526,7.32006094824589));
#7374=CARTESIAN_POINT('Ctrl Pts',(-1.26928891405631,78.8057611986064,7.00558643620031));
#7375=CARTESIAN_POINT('Ctrl Pts',(-1.26928891405631,78.4912853906882,6.87456429059054));
#7376=CARTESIAN_POINT('Ctrl Pts',(-1.26928891405631,78.3332297319219,6.87456429059054));
#7377=CARTESIAN_POINT('Ctrl Pts',(-0.915735523463036,78.5832297316299,11.728117681201));
#7378=CARTESIAN_POINT('Ctrl Pts',(-0.915735523463036,78.5832297317273,10.3100469438682));
#7379=CARTESIAN_POINT('Ctrl Pts',(-0.915735523463036,78.5832297318244,8.89605272550607));
#7380=CARTESIAN_POINT('Ctrl Pts',(-0.915735523463036,78.5832297319219,7.47811768120099));
#7381=CARTESIAN_POINT('Ctrl Pts',(-0.963354571082084,78.5832297316299,11.728117681201));
#7382=CARTESIAN_POINT('Ctrl Pts',(-0.963354571082084,78.5832297317273,10.3100469438682));
#7383=CARTESIAN_POINT('Ctrl Pts',(-0.963354571082084,78.5832297318244,8.89605272550607));
#7384=CARTESIAN_POINT('Ctrl Pts',(-0.963354571082084,78.5832297319219,7.47811768120099));
#7385=CARTESIAN_POINT('Ctrl Pts',(-1.06721746259911,78.6027836910062,11.7281176812024));
#7386=CARTESIAN_POINT('Ctrl Pts',(-1.06721746259911,78.6027836911036,10.3100469438696));
#7387=CARTESIAN_POINT('Ctrl Pts',(-1.06721746259911,78.6027836912008,8.89605272550742));
#7388=CARTESIAN_POINT('Ctrl Pts',(-1.06721746259911,78.6027836912982,7.47811768120233));
#7389=CARTESIAN_POINT('Ctrl Pts',(-1.22815062310657,78.728088106861,11.728117681211));
#7390=CARTESIAN_POINT('Ctrl Pts',(-1.22815062310657,78.7280881069584,10.3100469438782));
#7391=CARTESIAN_POINT('Ctrl Pts',(-1.22815062310657,78.7280881070556,8.89605272551602));
#7392=CARTESIAN_POINT('Ctrl Pts',(-1.22815062310657,78.728088107153,7.47811768121094));
#7393=CARTESIAN_POINT('Ctrl Pts',(-1.26928891405631,78.8653545507946,11.7281176812204));
#7394=CARTESIAN_POINT('Ctrl Pts',(-1.26928891405631,78.865354550892,10.3100469438876));
#7395=CARTESIAN_POINT('Ctrl Pts',(-1.26928891405631,78.8653545509892,8.89605272552546));
#7396=CARTESIAN_POINT('Ctrl Pts',(-1.26928891405631,78.8653545510866,7.47811768122038));
#7397=CARTESIAN_POINT('Ctrl Pts',(-1.26928891405631,78.9367831222231,11.7281176812253));
#7398=CARTESIAN_POINT('Ctrl Pts',(-1.26928891405631,78.9367831223206,10.3100469438925));
#7399=CARTESIAN_POINT('Ctrl Pts',(-1.26928891405631,78.9367831224177,8.89605272553036));
#7400=CARTESIAN_POINT('Ctrl Pts',(-1.26928891405631,78.9367831225152,7.47811768122528));
#7401=CARTESIAN_POINT('Ctrl Pts',(-1.26928891405631,78.9367831222231,11.7281176812253));
#7402=CARTESIAN_POINT('Ctrl Pts',(-1.26928891405631,78.9367831223206,10.3100469438925));
#7403=CARTESIAN_POINT('Ctrl Pts',(-1.26928891405631,78.9367831224177,8.89605272553036));
#7404=CARTESIAN_POINT('Ctrl Pts',(-1.26928891405631,78.9367831225152,7.47811768122528));
#7405=CARTESIAN_POINT('Origin',(-2.26928891405631,68.5832297317158,9.02811768118382));
#7406=CARTESIAN_POINT('',(-0.915735523463032,68.5832297317158,9.72811768118382));
#7407=CARTESIAN_POINT('Ctrl Pts',(-0.915735523463032,68.5832297317158,9.02811768118382));
#7408=CARTESIAN_POINT('Ctrl Pts',(-0.915735523463032,68.5832297317158,9.26148815579739));
#7409=CARTESIAN_POINT('Ctrl Pts',(-0.915735523463032,68.5832297317158,9.49476284079342));
#7410=CARTESIAN_POINT('Ctrl Pts',(-0.915735523463032,68.5832297317158,9.72811768118382));
#7411=CARTESIAN_POINT('',(-0.269288914056306,68.5832297317158,9.72811768118382));
#7412=CARTESIAN_POINT('',(-0.269288914056306,68.5832297317158,4.51405884059176));
#7413=CARTESIAN_POINT('',(-2.26928891405631,68.5832297317158,9.72811768118382));
#7414=CARTESIAN_POINT('Origin',(-2.26928891405631,66.7832297317158,9.72811768118383));
#7415=CARTESIAN_POINT('',(-0.915735523463032,66.7832297317158,11.5281176811838));
#7416=CARTESIAN_POINT('Ctrl Pts',(-0.915735523463032,68.5832297317158,9.72811768118383));
#7417=CARTESIAN_POINT('Ctrl Pts',(-0.915735523463032,68.5832297317158,10.2663708136951));
#7418=CARTESIAN_POINT('Ctrl Pts',(-0.915735523463032,68.1310685156566,11.1987253018019));
#7419=CARTESIAN_POINT('Ctrl Pts',(-0.915735523463032,67.1874005955642,11.5281176811838));
#7420=CARTESIAN_POINT('Ctrl Pts',(-0.915735523463032,66.7832297317158,11.5281176811838));
#7421=CARTESIAN_POINT('',(-0.269288914056305,66.7832297317158,11.5281176811838));
#7422=CARTESIAN_POINT('Origin',(-0.269288914056315,66.7832297317158,9.72811768118383));
#7423=CARTESIAN_POINT('',(-2.26928891405631,66.7832297317158,11.5281176811838));
#7424=CARTESIAN_POINT('Origin',(-2.26928891405631,66.7832297317158,11.5281176811838));
#7425=CARTESIAN_POINT('',(-0.915735523463029,60.3832297317158,11.5281176811838));
#7426=CARTESIAN_POINT('Ctrl Pts',(-0.915735523463032,66.7832297317158,11.5281176811838));
#7427=CARTESIAN_POINT('Ctrl Pts',(-0.915735523463031,64.6471432936849,11.5281176811838));
#7428=CARTESIAN_POINT('Ctrl Pts',(-0.91573552346303,62.5193159382088,11.5281176811838));
#7429=CARTESIAN_POINT('Ctrl Pts',(-0.915735523463029,60.3832297317158,11.5281176811838));
#7430=CARTESIAN_POINT('',(-0.269288914056303,60.3832297317158,11.5281176811838));
#7431=CARTESIAN_POINT('',(-0.26928891405631,79.5582297317158,11.5281176811838));
#7432=CARTESIAN_POINT('',(-2.2692889140563,60.3832297317158,11.5281176811838));
#7433=CARTESIAN_POINT('Origin',(-2.2692889140563,60.3832297317158,9.72811768118384));
#7434=CARTESIAN_POINT('Ctrl Pts',(-0.915735523463029,60.3832297317158,11.5281176811838));
#7435=CARTESIAN_POINT('Ctrl Pts',(-0.915735523463029,59.8443343907813,11.5281176811838));
#7436=CARTESIAN_POINT('Ctrl Pts',(-0.915735523463028,58.9126023816944,11.0757660784649));
#7437=CARTESIAN_POINT('Ctrl Pts',(-0.915735523463028,58.5832297317158,10.1318352637018));
#7438=CARTESIAN_POINT('Ctrl Pts',(-0.915735523463028,58.5832297317158,9.72811768118382));
#7439=CARTESIAN_POINT('Origin',(-0.269288914056315,60.3832297317158,9.72811768118384));
#7440=CARTESIAN_POINT('Ctrl Pts',(-0.915735523463032,66.7832297317158,11.5281176811838));
#7441=CARTESIAN_POINT('Ctrl Pts',(-0.915735523463032,67.1874005955642,11.5281176811838));
#7442=CARTESIAN_POINT('Ctrl Pts',(-0.915735523463032,68.1310685156566,11.1987253018019));
#7443=CARTESIAN_POINT('Ctrl Pts',(-0.915735523463032,68.5832297317158,10.2663708136951));
#7444=CARTESIAN_POINT('Ctrl Pts',(-0.915735523463032,68.5832297317158,9.72811768118383));
#7445=CARTESIAN_POINT('Ctrl Pts',(-0.963354571082079,66.7832297317158,11.5281176811838));
#7446=CARTESIAN_POINT('Ctrl Pts',(-0.96335457108208,67.1874314422338,11.5281176811838));
#7447=CARTESIAN_POINT('Ctrl Pts',(-0.96335457108208,68.1311216222244,11.1987471812826));
#7448=CARTESIAN_POINT('Ctrl Pts',(-0.96335457108208,68.5832297317158,10.2664118936393));
#7449=CARTESIAN_POINT('Ctrl Pts',(-0.96335457108208,68.5832297317158,9.72811768118383));
#7450=CARTESIAN_POINT('Ctrl Pts',(-1.0672199595429,66.7832297317158,11.5476735124244));
#7451=CARTESIAN_POINT('Ctrl Pts',(-1.0672199595429,67.1918130313421,11.5476735124244));
#7452=CARTESIAN_POINT('Ctrl Pts',(-1.0672199595429,68.1457487203937,11.2147176647683));
#7453=CARTESIAN_POINT('Ctrl Pts',(-1.0672199595429,68.6027855629564,10.2722470595898));
#7454=CARTESIAN_POINT('Ctrl Pts',(-1.0672199595429,68.6027855629564,9.72811768118383));
#7455=CARTESIAN_POINT('Ctrl Pts',(-1.22815746646813,66.7832297317158,11.6729805563486));
#7456=CARTESIAN_POINT('Ctrl Pts',(-1.22815746646813,67.2199347053296,11.6729805563486));
#7457=CARTESIAN_POINT('Ctrl Pts',(-1.22815746646813,68.2395532585081,11.3170836301778));
#7458=CARTESIAN_POINT('Ctrl Pts',(-1.22815746646813,68.7280926068806,10.3096980004396));
#7459=CARTESIAN_POINT('Ctrl Pts',(-1.22815746646813,68.7280926068806,9.72811768118383));
#7460=CARTESIAN_POINT('Ctrl Pts',(-1.26928891405631,66.7832297317158,11.8102425003485));
#7461=CARTESIAN_POINT('Ctrl Pts',(-1.26928891405631,67.2509121306513,11.8102425003485));
#7462=CARTESIAN_POINT('Ctrl Pts',(-1.26928891405631,68.3426047148641,11.4293383772217));
#7463=CARTESIAN_POINT('Ctrl Pts',(-1.26928891405631,68.8653545508805,10.3509520781279));
#7464=CARTESIAN_POINT('Ctrl Pts',(-1.26928891405631,68.8653545508805,9.72811768118383));
#7465=CARTESIAN_POINT('Ctrl Pts',(-1.26928891405631,66.7832297317158,11.8816710717771));
#7466=CARTESIAN_POINT('Ctrl Pts',(-1.26928891405631,67.2667872507268,11.8816710717771));
#7467=CARTESIAN_POINT('Ctrl Pts',(-1.26928891405631,68.3958090556763,11.4875799187474));
#7468=CARTESIAN_POINT('Ctrl Pts',(-1.26928891405631,68.936783122309,10.3720937136933));
#7469=CARTESIAN_POINT('Ctrl Pts',(-1.26928891405631,68.936783122309,9.72811768118383));
#7470=CARTESIAN_POINT('',(-1.26928891405631,68.936783122309,9.72811768118382));
#7471=CARTESIAN_POINT('Ctrl Pts',(-0.915735523463032,68.5832297317158,9.72811768118382));
#7472=CARTESIAN_POINT('Ctrl Pts',(-0.96335457108208,68.5832297317158,9.72811768118382));
#7473=CARTESIAN_POINT('Ctrl Pts',(-1.06722018475425,68.6027857320916,9.72811768118381));
#7474=CARTESIAN_POINT('Ctrl Pts',(-1.22815808932465,68.7280930162841,9.72811768118382));
#7475=CARTESIAN_POINT('Ctrl Pts',(-1.26928891405631,68.8653545508805,9.72811768118382));
#7476=CARTESIAN_POINT('Ctrl Pts',(-1.26928891405631,68.936783122309,9.72811768118382));
#7477=CARTESIAN_POINT('',(-1.26928891405631,66.7832297317158,11.8816710717771));
#7478=CARTESIAN_POINT('Ctrl Pts',(-1.26928891405631,66.7832297317158,11.8816710717771));
#7479=CARTESIAN_POINT('Ctrl Pts',(-1.26928891405631,66.7832297317158,11.8102425003485));
#7480=CARTESIAN_POINT('Ctrl Pts',(-1.22815808932465,66.7832297317158,11.6729809657521));
#7481=CARTESIAN_POINT('Ctrl Pts',(-1.06722018475425,66.7832297317158,11.5476736815597));
#7482=CARTESIAN_POINT('Ctrl Pts',(-0.963354571082079,66.7832297317158,11.5281176811838));
#7483=CARTESIAN_POINT('Ctrl Pts',(-0.915735523463032,66.7832297317158,11.5281176811838));
#7484=CARTESIAN_POINT('Ctrl Pts',(-1.26928891405631,66.7832297317158,11.8816710717771));
#7485=CARTESIAN_POINT('Ctrl Pts',(-1.26928891405631,67.2667872507268,11.8816710717771));
#7486=CARTESIAN_POINT('Ctrl Pts',(-1.26928891405631,68.3958090556763,11.4875799187474));
#7487=CARTESIAN_POINT('Ctrl Pts',(-1.26928891405631,68.936783122309,10.3720937136933));
#7488=CARTESIAN_POINT('Ctrl Pts',(-1.26928891405631,68.936783122309,9.72811768118383));
#7489=CARTESIAN_POINT('Ctrl Pts',(-0.915735523463029,60.3832297317158,11.5281176811838));
#7490=CARTESIAN_POINT('Ctrl Pts',(-0.91573552346303,62.5193159382088,11.5281176811838));
#7491=CARTESIAN_POINT('Ctrl Pts',(-0.915735523463031,64.6471432936849,11.5281176811838));
#7492=CARTESIAN_POINT('Ctrl Pts',(-0.915735523463032,66.7832297317158,11.5281176811838));
#7493=CARTESIAN_POINT('Ctrl Pts',(-0.963354571082077,60.3832297317158,11.5281176811838));
#7494=CARTESIAN_POINT('Ctrl Pts',(-0.963354571082078,62.5193159382088,11.5281176811838));
#7495=CARTESIAN_POINT('Ctrl Pts',(-0.963354571082078,64.6471432936849,11.5281176811838));
#7496=CARTESIAN_POINT('Ctrl Pts',(-0.963354571082079,66.7832297317158,11.5281176811838));
#7497=CARTESIAN_POINT('Ctrl Pts',(-1.06722018475425,60.3832297317158,11.5476736815597));
#7498=CARTESIAN_POINT('Ctrl Pts',(-1.06722018475425,62.5193159382088,11.5476736815597));
#7499=CARTESIAN_POINT('Ctrl Pts',(-1.06722018475425,64.6471432936849,11.5476736815597));
#7500=CARTESIAN_POINT('Ctrl Pts',(-1.06722018475425,66.7832297317158,11.5476736815597));
#7501=CARTESIAN_POINT('Ctrl Pts',(-1.22815808932465,60.3832297317158,11.6729809657522));
#7502=CARTESIAN_POINT('Ctrl Pts',(-1.22815808932465,62.5193159382088,11.6729809657522));
#7503=CARTESIAN_POINT('Ctrl Pts',(-1.22815808932465,64.6471432936849,11.6729809657521));
#7504=CARTESIAN_POINT('Ctrl Pts',(-1.22815808932465,66.7832297317158,11.6729809657521));
#7505=CARTESIAN_POINT('Ctrl Pts',(-1.2692889140563,60.3832297317158,11.8102425003485));
#7506=CARTESIAN_POINT('Ctrl Pts',(-1.2692889140563,62.5193159382088,11.8102425003485));
#7507=CARTESIAN_POINT('Ctrl Pts',(-1.2692889140563,64.6471432936849,11.8102425003485));
#7508=CARTESIAN_POINT('Ctrl Pts',(-1.26928891405631,66.7832297317158,11.8102425003485));
#7509=CARTESIAN_POINT('Ctrl Pts',(-1.2692889140563,60.3832297317158,11.8816710717771));
#7510=CARTESIAN_POINT('Ctrl Pts',(-1.2692889140563,62.5193159382088,11.8816710717771));
#7511=CARTESIAN_POINT('Ctrl Pts',(-1.2692889140563,64.6471432936849,11.8816710717771));
#7512=CARTESIAN_POINT('Ctrl Pts',(-1.26928891405631,66.7832297317158,11.8816710717771));
#7513=CARTESIAN_POINT('',(-1.2692889140563,60.3832297317158,11.8816710717771));
#7514=CARTESIAN_POINT('Ctrl Pts',(-1.2692889140563,60.3832297317158,11.8816710717771));
#7515=CARTESIAN_POINT('Ctrl Pts',(-1.2692889140563,60.3832297317158,11.8102425003485));
#7516=CARTESIAN_POINT('Ctrl Pts',(-1.22816294816443,60.3832297317158,11.6729841585199));
#7517=CARTESIAN_POINT('Ctrl Pts',(-1.06722192969775,60.3832297317158,11.5476749937987));
#7518=CARTESIAN_POINT('Ctrl Pts',(-0.963354571082077,60.3832297317158,11.5281176811838));
#7519=CARTESIAN_POINT('Ctrl Pts',(-0.915735523463029,60.3832297317158,11.5281176811838));
#7520=CARTESIAN_POINT('Ctrl Pts',(-1.2692889140563,60.3832297317158,11.8816710717771));
#7521=CARTESIAN_POINT('Ctrl Pts',(-1.2692889140563,62.5193159382088,11.8816710717771));
#7522=CARTESIAN_POINT('Ctrl Pts',(-1.2692889140563,64.6471432936849,11.8816710717771));
#7523=CARTESIAN_POINT('Ctrl Pts',(-1.26928891405631,66.7832297317158,11.8816710717771));
#7524=CARTESIAN_POINT('Ctrl Pts',(-0.915735523463028,58.5832297317158,9.72811768118382));
#7525=CARTESIAN_POINT('Ctrl Pts',(-0.915735523463028,58.5832297317158,10.1318352637018));
#7526=CARTESIAN_POINT('Ctrl Pts',(-0.915735523463028,58.9126023816944,11.0757660784649));
#7527=CARTESIAN_POINT('Ctrl Pts',(-0.915735523463029,59.8443343907813,11.5281176811838));
#7528=CARTESIAN_POINT('Ctrl Pts',(-0.915735523463029,60.3832297317158,11.5281176811838));
#7529=CARTESIAN_POINT('Ctrl Pts',(-0.963354571082076,58.5832297317158,9.72811768118382));
#7530=CARTESIAN_POINT('Ctrl Pts',(-0.963354571082076,58.5832297317158,10.1318660757766));
#7531=CARTESIAN_POINT('Ctrl Pts',(-0.963354571082076,58.9125806033102,11.0758190076506));
#7532=CARTESIAN_POINT('Ctrl Pts',(-0.963354571082077,59.8442932618232,11.5281176811838));
#7533=CARTESIAN_POINT('Ctrl Pts',(-0.963354571082077,60.3832297317158,11.5281176811838));
#7534=CARTESIAN_POINT('Ctrl Pts',(-1.06722192969775,58.563672419101,9.72811768118381));
#7535=CARTESIAN_POINT('Ctrl Pts',(-1.06722192969775,58.5636724191009,10.1362427508925));
#7536=CARTESIAN_POINT('Ctrl Pts',(-1.06722192969775,58.8966088989933,11.0904446301674));
#7537=CARTESIAN_POINT('Ctrl Pts',(-1.06722192969775,59.8384511337344,11.5476749937987));
#7538=CARTESIAN_POINT('Ctrl Pts',(-1.06722192969775,60.3832297317158,11.5476749937987));
#7539=CARTESIAN_POINT('Ctrl Pts',(-1.22816294816442,58.4383632543797,9.72811768118381));
#7540=CARTESIAN_POINT('Ctrl Pts',(-1.22816294816442,58.4383632543797,10.1643328861646));
#7541=CARTESIAN_POINT('Ctrl Pts',(-1.22816294816442,58.7942401154596,11.1842367697079));
#7542=CARTESIAN_POINT('Ctrl Pts',(-1.22816294816443,59.8009555088722,11.6729841585199));
#7543=CARTESIAN_POINT('Ctrl Pts',(-1.22816294816443,60.3832297317158,11.6729841585199));
#7544=CARTESIAN_POINT('Ctrl Pts',(-1.2692889140563,58.3011049125511,9.72811768118381));
#7545=CARTESIAN_POINT('Ctrl Pts',(-1.2692889140563,58.3011049125511,10.1952755700198));
#7546=CARTESIAN_POINT('Ctrl Pts',(-1.2692889140563,58.6819867495125,11.2872714975681));
#7547=CARTESIAN_POINT('Ctrl Pts',(-1.2692889140563,59.7596522095174,11.8102425003485));
#7548=CARTESIAN_POINT('Ctrl Pts',(-1.2692889140563,60.3832297317158,11.8102425003485));
#7549=CARTESIAN_POINT('Ctrl Pts',(-1.2692889140563,58.2296763411225,9.72811768118381));
#7550=CARTESIAN_POINT('Ctrl Pts',(-1.2692889140563,58.2296763411225,10.2111328860025));
#7551=CARTESIAN_POINT('Ctrl Pts',(-1.2692889140563,58.6237438895281,11.3404692230128));
#7552=CARTESIAN_POINT('Ctrl Pts',(-1.2692889140563,59.7384853491356,11.8816710717771));
#7553=CARTESIAN_POINT('Ctrl Pts',(-1.2692889140563,60.3832297317158,11.8816710717771));
#7554=CARTESIAN_POINT('',(-1.2692889140563,58.2296763411225,9.72811768118381));
#7555=CARTESIAN_POINT('Ctrl Pts',(-1.2692889140563,58.2296763411225,9.72811768118381));
#7556=CARTESIAN_POINT('Ctrl Pts',(-1.2692889140563,58.3011049125511,9.72811768118381));
#7557=CARTESIAN_POINT('Ctrl Pts',(-1.22816652728128,58.4383609036091,9.72811768118382));
#7558=CARTESIAN_POINT('Ctrl Pts',(-1.06722320142082,58.5636714606891,9.72811768118381));
#7559=CARTESIAN_POINT('Ctrl Pts',(-0.963354571082076,58.5832297317158,9.72811768118382));
#7560=CARTESIAN_POINT('Ctrl Pts',(-0.915735523463028,58.5832297317158,9.72811768118382));
#7561=CARTESIAN_POINT('Ctrl Pts',(-1.2692889140563,58.2296763411225,9.72811768118381));
#7562=CARTESIAN_POINT('Ctrl Pts',(-1.2692889140563,58.2296763411225,10.2111328860025));
#7563=CARTESIAN_POINT('Ctrl Pts',(-1.2692889140563,58.6237438895281,11.3404692230128));
#7564=CARTESIAN_POINT('Ctrl Pts',(-1.2692889140563,59.7384853491356,11.8816710717771));
#7565=CARTESIAN_POINT('Ctrl Pts',(-1.2692889140563,60.3832297317158,11.8816710717771));
#7566=CARTESIAN_POINT('Ctrl Pts',(-0.915735523463028,58.5832297317158,9.02811768118382));
#7567=CARTESIAN_POINT('Ctrl Pts',(-0.915735523463028,58.5832297317158,9.26148624506619));
#7568=CARTESIAN_POINT('Ctrl Pts',(-0.915735523463028,58.5832297317158,9.49474911730138));
#7569=CARTESIAN_POINT('Ctrl Pts',(-0.915735523463028,58.5832297317158,9.72811768118382));
#7570=CARTESIAN_POINT('Ctrl Pts',(-0.963354571082076,58.5832297317158,9.02811768118382));
#7571=CARTESIAN_POINT('Ctrl Pts',(-0.963354571082076,58.5832297317158,9.2614862450662));
#7572=CARTESIAN_POINT('Ctrl Pts',(-0.963354571082076,58.5832297317158,9.49474911730137));
#7573=CARTESIAN_POINT('Ctrl Pts',(-0.963354571082076,58.5832297317158,9.72811768118382));
#7574=CARTESIAN_POINT('Ctrl Pts',(-1.06722320142082,58.5636714606891,9.02811768118382));
#7575=CARTESIAN_POINT('Ctrl Pts',(-1.06722320142082,58.5636714606891,9.26148624506619));
#7576=CARTESIAN_POINT('Ctrl Pts',(-1.06722320142082,58.5636714606891,9.49474911730138));
#7577=CARTESIAN_POINT('Ctrl Pts',(-1.06722320142082,58.5636714606891,9.72811768118381));
#7578=CARTESIAN_POINT('Ctrl Pts',(-1.22816652728128,58.4383609036091,9.02811768118382));
#7579=CARTESIAN_POINT('Ctrl Pts',(-1.22816652728128,58.4383609036091,9.26148624506619));
#7580=CARTESIAN_POINT('Ctrl Pts',(-1.22816652728128,58.4383609036091,9.49474911730138));
#7581=CARTESIAN_POINT('Ctrl Pts',(-1.22816652728128,58.4383609036091,9.72811768118382));
#7582=CARTESIAN_POINT('Ctrl Pts',(-1.2692889140563,58.3011049125511,9.02811768118382));
#7583=CARTESIAN_POINT('Ctrl Pts',(-1.2692889140563,58.3011049125511,9.26148624506619));
#7584=CARTESIAN_POINT('Ctrl Pts',(-1.2692889140563,58.3011049125511,9.49474911730137));
#7585=CARTESIAN_POINT('Ctrl Pts',(-1.2692889140563,58.3011049125511,9.72811768118381));
#7586=CARTESIAN_POINT('Ctrl Pts',(-1.2692889140563,58.2296763411225,9.02811768118382));
#7587=CARTESIAN_POINT('Ctrl Pts',(-1.2692889140563,58.2296763411225,9.26148624506619));
#7588=CARTESIAN_POINT('Ctrl Pts',(-1.2692889140563,58.2296763411225,9.49474911730137));
#7589=CARTESIAN_POINT('Ctrl Pts',(-1.2692889140563,58.2296763411225,9.72811768118381));
#7590=CARTESIAN_POINT('',(-1.2692889140563,58.2296763411225,9.02811768118382));
#7591=CARTESIAN_POINT('Ctrl Pts',(-1.2692889140563,58.2296763411225,9.02811768118382));
#7592=CARTESIAN_POINT('Ctrl Pts',(-1.2692889140563,58.3011049125511,9.02811768118382));
#7593=CARTESIAN_POINT('Ctrl Pts',(-1.2281671666644,58.438360483759,9.02811768118382));
#7594=CARTESIAN_POINT('Ctrl Pts',(-1.06722342737477,58.5636712902163,9.02811768118382));
#7595=CARTESIAN_POINT('Ctrl Pts',(-0.963354571082076,58.5832297317158,9.02811768118382));
#7596=CARTESIAN_POINT('Ctrl Pts',(-0.915735523463028,58.5832297317158,9.02811768118382));
#7597=CARTESIAN_POINT('Ctrl Pts',(-1.2692889140563,58.2296763411225,9.02811768118382));
#7598=CARTESIAN_POINT('Ctrl Pts',(-1.2692889140563,58.2296763411225,9.26148624506619));
#7599=CARTESIAN_POINT('Ctrl Pts',(-1.2692889140563,58.2296763411225,9.49474911730137));
#7600=CARTESIAN_POINT('Ctrl Pts',(-1.2692889140563,58.2296763411225,9.72811768118381));
#7601=CARTESIAN_POINT('Ctrl Pts',(-0.915735523463029,60.3832297317158,7.22811768118382));
#7602=CARTESIAN_POINT('Ctrl Pts',(-0.915735523463029,59.9790582260141,7.22811768118382));
#7603=CARTESIAN_POINT('Ctrl Pts',(-0.915735523463029,59.0353820423489,7.55752429034477));
#7604=CARTESIAN_POINT('Ctrl Pts',(-0.915735523463028,58.5832297317158,8.48982757116007));
#7605=CARTESIAN_POINT('Ctrl Pts',(-0.915735523463028,58.5832297317158,9.02811768118382));
#7606=CARTESIAN_POINT('Ctrl Pts',(-0.963354571082077,60.3832297317158,7.22811768118382));
#7607=CARTESIAN_POINT('Ctrl Pts',(-0.963354571082077,59.9790273792955,7.22811768118382));
#7608=CARTESIAN_POINT('Ctrl Pts',(-0.963354571082076,59.0353292259251,7.55750259411716));
#7609=CARTESIAN_POINT('Ctrl Pts',(-0.963354571082076,58.5832297317158,8.48978648839369));
#7610=CARTESIAN_POINT('Ctrl Pts',(-0.963354571082076,58.5832297317158,9.02811768118382));
#7611=CARTESIAN_POINT('Ctrl Pts',(-1.06722342737477,60.3832297317158,7.20855923968433));
#7612=CARTESIAN_POINT('Ctrl Pts',(-1.06722342737477,59.9746457832289,7.20855923968433));
#7613=CARTESIAN_POINT('Ctrl Pts',(-1.06722342737477,59.0207009909491,7.54153048866982));
#7614=CARTESIAN_POINT('Ctrl Pts',(-1.06722342737477,58.5636712902163,8.48395092157244));
#7615=CARTESIAN_POINT('Ctrl Pts',(-1.06722342737477,58.5636712902163,9.02811768118382));
#7616=CARTESIAN_POINT('Ctrl Pts',(-1.2281671666644,60.3832297317158,7.08324843322697));
#7617=CARTESIAN_POINT('Ctrl Pts',(-1.2281671666644,59.9465240645822,7.08324843322697));
#7618=CARTESIAN_POINT('Ctrl Pts',(-1.2281671666644,58.9268943238531,7.43916294683979));
#7619=CARTESIAN_POINT('Ctrl Pts',(-1.2281671666644,58.438360483759,8.44649740787627));
#7620=CARTESIAN_POINT('Ctrl Pts',(-1.2281671666644,58.438360483759,9.02811768118382));
#7621=CARTESIAN_POINT('Ctrl Pts',(-1.2692889140563,60.3832297317158,6.94599286201912));
#7622=CARTESIAN_POINT('Ctrl Pts',(-1.2692889140563,59.915546590066,6.94599286201912));
#7623=CARTESIAN_POINT('Ctrl Pts',(-1.2692889140563,58.8238459843407,7.32691441600347));
#7624=CARTESIAN_POINT('Ctrl Pts',(-1.2692889140563,58.3011049125511,8.40524049606947));
#7625=CARTESIAN_POINT('Ctrl Pts',(-1.2692889140563,58.3011049125511,9.02811768118382));
#7626=CARTESIAN_POINT('Ctrl Pts',(-1.2692889140563,60.3832297317158,6.87456429059055));
#7627=CARTESIAN_POINT('Ctrl Pts',(-1.2692889140563,59.8996714447796,6.87456429059055));
#7628=CARTESIAN_POINT('Ctrl Pts',(-1.2692889140563,58.7706397531384,7.26867246839188));
#7629=CARTESIAN_POINT('Ctrl Pts',(-1.2692889140563,58.2296763411225,8.38409740809244));
#7630=CARTESIAN_POINT('Ctrl Pts',(-1.2692889140563,58.2296763411225,9.02811768118382));
#7631=CARTESIAN_POINT('',(-1.2692889140563,60.3832297317158,6.87456429059055));
#7632=CARTESIAN_POINT('Ctrl Pts',(-1.2692889140563,60.3832297317158,6.87456429059055));
#7633=CARTESIAN_POINT('Ctrl Pts',(-1.2692889140563,60.3832297317158,6.94599286201912));
#7634=CARTESIAN_POINT('Ctrl Pts',(-1.22816171273197,60.3832297317158,7.0832520154966));
#7635=CARTESIAN_POINT('Ctrl Pts',(-1.06722148803044,60.3832297317158,7.20856070101495));
#7636=CARTESIAN_POINT('Ctrl Pts',(-0.963354571082077,60.3832297317158,7.22811768118382));
#7637=CARTESIAN_POINT('Ctrl Pts',(-0.915735523463029,60.3832297317158,7.22811768118382));
#7638=CARTESIAN_POINT('Ctrl Pts',(-1.2692889140563,60.3832297317158,6.87456429059055));
#7639=CARTESIAN_POINT('Ctrl Pts',(-1.2692889140563,59.8996714447796,6.87456429059055));
#7640=CARTESIAN_POINT('Ctrl Pts',(-1.2692889140563,58.7706397531384,7.26867246839188));
#7641=CARTESIAN_POINT('Ctrl Pts',(-1.2692889140563,58.2296763411225,8.38409740809244));
#7642=CARTESIAN_POINT('Ctrl Pts',(-1.2692889140563,58.2296763411225,9.02811768118382));
#7643=CARTESIAN_POINT('Ctrl Pts',(-0.915735523463032,66.7832297317158,7.22811768118381));
#7644=CARTESIAN_POINT('Ctrl Pts',(-0.915735523463031,64.6471435253823,7.22811768118382));
#7645=CARTESIAN_POINT('Ctrl Pts',(-0.91573552346303,62.519315938123,7.22811768118382));
#7646=CARTESIAN_POINT('Ctrl Pts',(-0.915735523463029,60.3832297317158,7.22811768118382));
#7647=CARTESIAN_POINT('Ctrl Pts',(-0.963354571082079,66.7832297317158,7.22811768118381));
#7648=CARTESIAN_POINT('Ctrl Pts',(-0.963354571082079,64.6471435253823,7.22811768118382));
#7649=CARTESIAN_POINT('Ctrl Pts',(-0.963354571082078,62.519315938123,7.22811768118382));
#7650=CARTESIAN_POINT('Ctrl Pts',(-0.963354571082077,60.3832297317158,7.22811768118382));
#7651=CARTESIAN_POINT('Ctrl Pts',(-1.06722148803044,66.7832297317158,7.20856070101494));
#7652=CARTESIAN_POINT('Ctrl Pts',(-1.06722148803044,64.6471435253824,7.20856070101494));
#7653=CARTESIAN_POINT('Ctrl Pts',(-1.06722148803044,62.519315938123,7.20856070101494));
#7654=CARTESIAN_POINT('Ctrl Pts',(-1.06722148803044,60.3832297317158,7.20856070101495));
#7655=CARTESIAN_POINT('Ctrl Pts',(-1.22816171273197,66.7832297317158,7.08325201549659));
#7656=CARTESIAN_POINT('Ctrl Pts',(-1.22816171273197,64.6471435253824,7.08325201549659));
#7657=CARTESIAN_POINT('Ctrl Pts',(-1.22816171273197,62.519315938123,7.08325201549659));
#7658=CARTESIAN_POINT('Ctrl Pts',(-1.22816171273197,60.3832297317158,7.0832520154966));
#7659=CARTESIAN_POINT('Ctrl Pts',(-1.26928891405631,66.7832297317158,6.94599286201911));
#7660=CARTESIAN_POINT('Ctrl Pts',(-1.2692889140563,64.6471435253824,6.94599286201911));
#7661=CARTESIAN_POINT('Ctrl Pts',(-1.2692889140563,62.519315938123,6.94599286201912));
#7662=CARTESIAN_POINT('Ctrl Pts',(-1.2692889140563,60.3832297317158,6.94599286201912));
#7663=CARTESIAN_POINT('Ctrl Pts',(-1.26928891405631,66.7832297317158,6.87456429059054));
#7664=CARTESIAN_POINT('Ctrl Pts',(-1.2692889140563,64.6471435253823,6.87456429059054));
#7665=CARTESIAN_POINT('Ctrl Pts',(-1.2692889140563,62.519315938123,6.87456429059054));
#7666=CARTESIAN_POINT('Ctrl Pts',(-1.2692889140563,60.3832297317158,6.87456429059055));
#7667=CARTESIAN_POINT('',(-1.26928891405631,66.7832297317158,6.87456429059054));
#7668=CARTESIAN_POINT('Ctrl Pts',(-1.26928891405631,66.7832297317158,6.87456429059054));
#7669=CARTESIAN_POINT('Ctrl Pts',(-1.26928891405631,66.7832297317158,6.94599286201911));
#7670=CARTESIAN_POINT('Ctrl Pts',(-1.2281585868149,66.7832297317158,7.08325406963491));
#7671=CARTESIAN_POINT('Ctrl Pts',(-1.06722036438791,66.7832297317158,7.20856154586487));
#7672=CARTESIAN_POINT('Ctrl Pts',(-0.963354571082079,66.7832297317158,7.22811768118381));
#7673=CARTESIAN_POINT('Ctrl Pts',(-0.915735523463032,66.7832297317158,7.22811768118381));
#7674=CARTESIAN_POINT('Ctrl Pts',(-1.26928891405631,66.7832297317158,6.87456429059054));
#7675=CARTESIAN_POINT('Ctrl Pts',(-1.2692889140563,64.6471435253823,6.87456429059054));
#7676=CARTESIAN_POINT('Ctrl Pts',(-1.2692889140563,62.519315938123,6.87456429059054));
#7677=CARTESIAN_POINT('Ctrl Pts',(-1.2692889140563,60.3832297317158,6.87456429059055));
#7678=CARTESIAN_POINT('Ctrl Pts',(-0.915735523463032,68.5832297317158,9.02811768118382));
#7679=CARTESIAN_POINT('Ctrl Pts',(-0.915735523463032,68.5832297317158,8.62440010063858));
#7680=CARTESIAN_POINT('Ctrl Pts',(-0.915735523463032,68.2538540370987,7.68047210057859));
#7681=CARTESIAN_POINT('Ctrl Pts',(-0.915735523463032,67.3221250726375,7.22811768118381));
#7682=CARTESIAN_POINT('Ctrl Pts',(-0.915735523463032,66.7832297317158,7.22811768118381));
#7683=CARTESIAN_POINT('Ctrl Pts',(-0.96335457108208,68.5832297317158,9.02811768118382));
#7684=CARTESIAN_POINT('Ctrl Pts',(-0.96335457108208,68.5832297317158,8.62436928856395));
#7685=CARTESIAN_POINT('Ctrl Pts',(-0.96335457108208,68.2538758967779,7.68041904152525));
#7686=CARTESIAN_POINT('Ctrl Pts',(-0.96335457108208,67.3221662015957,7.22811768118381));
#7687=CARTESIAN_POINT('Ctrl Pts',(-0.963354571082079,66.7832297317158,7.22811768118381));
#7688=CARTESIAN_POINT('Ctrl Pts',(-1.06722036438791,68.6027858670347,9.02811768118382));
#7689=CARTESIAN_POINT('Ctrl Pts',(-1.06722036438791,68.6027858670347,8.6199926134694));
#7690=CARTESIAN_POINT('Ctrl Pts',(-1.06722036438791,68.2698467676594,7.66579391758807));
#7691=CARTESIAN_POINT('Ctrl Pts',(-1.06722036438791,67.3280083296843,7.20856154586487));
#7692=CARTESIAN_POINT('Ctrl Pts',(-1.06722036438791,66.7832297317158,7.20856154586487));
#7693=CARTESIAN_POINT('Ctrl Pts',(-1.2281585868149,68.7280933432647,9.02811768118382));
#7694=CARTESIAN_POINT('Ctrl Pts',(-1.2281585868149,68.7280933432647,8.59190247833453));
#7695=CARTESIAN_POINT('Ctrl Pts',(-1.2281585868149,68.3722141884202,7.57200265000479));
#7696=CARTESIAN_POINT('Ctrl Pts',(-1.2281585868149,67.3655039545457,7.08325406963491));
#7697=CARTESIAN_POINT('Ctrl Pts',(-1.2281585868149,66.7832297317158,7.08325406963491));
#7698=CARTESIAN_POINT('Ctrl Pts',(-1.26928891405631,68.8653545508805,9.02811768118382));
#7699=CARTESIAN_POINT('Ctrl Pts',(-1.26928891405631,68.8653545508805,8.56095979463061));
#7700=CARTESIAN_POINT('Ctrl Pts',(-1.26928891405631,68.4844696227259,7.46896643499277));
#7701=CARTESIAN_POINT('Ctrl Pts',(-1.26928891405631,67.4068072538995,6.94599286201911));
#7702=CARTESIAN_POINT('Ctrl Pts',(-1.26928891405631,66.7832297317158,6.94599286201911));
#7703=CARTESIAN_POINT('Ctrl Pts',(-1.26928891405631,68.9367831223091,9.02811768118382));
#7704=CARTESIAN_POINT('Ctrl Pts',(-1.26928891405631,68.9367831223091,8.54510247872532));
#7705=CARTESIAN_POINT('Ctrl Pts',(-1.26928891405631,68.5427119312415,7.41576950927803));
#7706=CARTESIAN_POINT('Ctrl Pts',(-1.26928891405631,67.4279741142808,6.87456429059054));
#7707=CARTESIAN_POINT('Ctrl Pts',(-1.26928891405631,66.7832297317158,6.87456429059054));
#7708=CARTESIAN_POINT('',(-1.26928891405631,68.9367831223091,9.02811768118382));
#7709=CARTESIAN_POINT('Ctrl Pts',(-1.26928891405631,68.9367831223091,9.02811768118382));
#7710=CARTESIAN_POINT('Ctrl Pts',(-1.26928891405631,68.8653545508805,9.02811768118382));
#7711=CARTESIAN_POINT('Ctrl Pts',(-1.22815808932465,68.7280930162841,9.02811768118382));
#7712=CARTESIAN_POINT('Ctrl Pts',(-1.06722018475425,68.6027857320916,9.02811768118381));
#7713=CARTESIAN_POINT('Ctrl Pts',(-0.96335457108208,68.5832297317158,9.02811768118382));
#7714=CARTESIAN_POINT('Ctrl Pts',(-0.915735523463032,68.5832297317158,9.02811768118382));
#7715=CARTESIAN_POINT('Ctrl Pts',(-1.26928891405631,68.9367831223091,9.02811768118382));
#7716=CARTESIAN_POINT('Ctrl Pts',(-1.26928891405631,68.9367831223091,8.54510247872532));
#7717=CARTESIAN_POINT('Ctrl Pts',(-1.26928891405631,68.5427119312415,7.41576950927803));
#7718=CARTESIAN_POINT('Ctrl Pts',(-1.26928891405631,67.4279741142808,6.87456429059054));
#7719=CARTESIAN_POINT('Ctrl Pts',(-1.26928891405631,66.7832297317158,6.87456429059054));
#7720=CARTESIAN_POINT('Ctrl Pts',(-0.915735523463032,68.5832297317158,9.72811768118382));
#7721=CARTESIAN_POINT('Ctrl Pts',(-0.915735523463032,68.5832297317158,9.49476284079342));
#7722=CARTESIAN_POINT('Ctrl Pts',(-0.915735523463032,68.5832297317158,9.26148815579739));
#7723=CARTESIAN_POINT('Ctrl Pts',(-0.915735523463032,68.5832297317158,9.02811768118382));
#7724=CARTESIAN_POINT('Ctrl Pts',(-0.96335457108208,68.5832297317158,9.72811768118382));
#7725=CARTESIAN_POINT('Ctrl Pts',(-0.96335457108208,68.5832297317158,9.49476284079342));
#7726=CARTESIAN_POINT('Ctrl Pts',(-0.96335457108208,68.5832297317158,9.26148815579739));
#7727=CARTESIAN_POINT('Ctrl Pts',(-0.96335457108208,68.5832297317158,9.02811768118382));
#7728=CARTESIAN_POINT('Ctrl Pts',(-1.06722018475425,68.6027857320916,9.72811768118381));
#7729=CARTESIAN_POINT('Ctrl Pts',(-1.06722018475425,68.6027857320916,9.49476284079341));
#7730=CARTESIAN_POINT('Ctrl Pts',(-1.06722018475425,68.6027857320916,9.26148815579739));
#7731=CARTESIAN_POINT('Ctrl Pts',(-1.06722018475425,68.6027857320916,9.02811768118381));
#7732=CARTESIAN_POINT('Ctrl Pts',(-1.22815808932465,68.7280930162841,9.72811768118382));
#7733=CARTESIAN_POINT('Ctrl Pts',(-1.22815808932465,68.7280930162841,9.49476284079342));
#7734=CARTESIAN_POINT('Ctrl Pts',(-1.22815808932465,68.7280930162841,9.26148815579739));
#7735=CARTESIAN_POINT('Ctrl Pts',(-1.22815808932465,68.7280930162841,9.02811768118382));
#7736=CARTESIAN_POINT('Ctrl Pts',(-1.26928891405631,68.8653545508805,9.72811768118382));
#7737=CARTESIAN_POINT('Ctrl Pts',(-1.26928891405631,68.8653545508805,9.49476284079342));
#7738=CARTESIAN_POINT('Ctrl Pts',(-1.26928891405631,68.8653545508805,9.2614881557974));
#7739=CARTESIAN_POINT('Ctrl Pts',(-1.26928891405631,68.8653545508805,9.02811768118382));
#7740=CARTESIAN_POINT('Ctrl Pts',(-1.26928891405631,68.936783122309,9.72811768118382));
#7741=CARTESIAN_POINT('Ctrl Pts',(-1.26928891405631,68.936783122309,9.49476284079342));
#7742=CARTESIAN_POINT('Ctrl Pts',(-1.26928891405631,68.9367831223091,9.2614881557974));
#7743=CARTESIAN_POINT('Ctrl Pts',(-1.26928891405631,68.9367831223091,9.02811768118382));
#7744=CARTESIAN_POINT('Ctrl Pts',(-1.26928891405631,68.936783122309,9.72811768118382));
#7745=CARTESIAN_POINT('Ctrl Pts',(-1.26928891405631,68.936783122309,9.49476284079342));
#7746=CARTESIAN_POINT('Ctrl Pts',(-1.26928891405631,68.9367831223091,9.2614881557974));
#7747=CARTESIAN_POINT('Ctrl Pts',(-1.26928891405631,68.9367831223091,9.02811768118382));
#7748=CARTESIAN_POINT('Origin',(-1.2692889140563,64.833229760283,9.60311768118381));
#7749=CARTESIAN_POINT('',(-1.26928891405631,82.0832297317158,5.22811768118381));
#7750=CARTESIAN_POINT('',(-1.26928891399198,82.0832297317158,13.482072346853));
#7751=CARTESIAN_POINT('',(-1.26928891405631,82.0832297317158,13.9781176811838));
#7752=CARTESIAN_POINT('',(-1.2692889140563,47.5832297888503,5.22811768118381));
#7753=CARTESIAN_POINT('',(-1.26928891405631,82.0832297317158,5.22811768118381));
#7754=CARTESIAN_POINT('',(-1.26928891405532,47.5832297888503,13.4820723466594));
#7755=CARTESIAN_POINT('',(-1.2692889140563,47.5832297888503,5.22811768118381));
#7756=CARTESIAN_POINT('',(-1.2692889140563,47.5101768062449,13.9781176792918));
#7757=CARTESIAN_POINT('Ctrl Pts',(-1.2692889140563,47.5832297888503,13.4820723466564));
#7758=CARTESIAN_POINT('Ctrl Pts',(-1.2692889140563,47.5832297888503,13.6319808946375));
#7759=CARTESIAN_POINT('Ctrl Pts',(-1.2692889140563,47.5689502227067,13.8084976042739));
#7760=CARTESIAN_POINT('Ctrl Pts',(-1.2692889140563,47.5101768056597,13.9781176790889));
#7761=CARTESIAN_POINT('',(-1.26928891405631,82.1562827156322,13.9781176811836));
#7762=CARTESIAN_POINT('',(-1.26928891405631,73.4582297459994,13.9781176811838));
#7763=CARTESIAN_POINT('Ctrl Pts',(-1.26928891405631,82.1562827156323,13.9781176811838));
#7764=CARTESIAN_POINT('Ctrl Pts',(-1.26928891405631,82.1353985342051,13.9178459363905));
#7765=CARTESIAN_POINT('Ctrl Pts',(-1.2692889140519,82.1197708557315,13.85567386675));
#7766=CARTESIAN_POINT('Ctrl Pts',(-1.2692889140519,82.090136659633,13.6903817631141));
#7767=CARTESIAN_POINT('Ctrl Pts',(-1.26928891405631,82.0832297317158,13.5862441723741));
#7768=CARTESIAN_POINT('Ctrl Pts',(-1.26928891405631,82.0832297317158,13.4820723466564));
#7769=CARTESIAN_POINT('',(-1.2692889140563,58.1367830459522,9.8781177323022));
#7770=CARTESIAN_POINT('',(-1.2692889140563,58.1367830459522,8.86346029845493));
#7771=CARTESIAN_POINT('Ctrl Pts',(-1.2692889140563,58.1367830459522,9.87811773274232));
#7772=CARTESIAN_POINT('Ctrl Pts',(-1.2692889140563,58.1367830459522,9.53975834943551));
#7773=CARTESIAN_POINT('Ctrl Pts',(-1.2692889140563,58.1367830459522,9.20171987664547));
#7774=CARTESIAN_POINT('Ctrl Pts',(-1.2692889140563,58.1367830459522,8.86346029845493));
#7775=CARTESIAN_POINT('',(-1.2692889140563,57.0832295982244,10.9316710717771));
#7776=CARTESIAN_POINT('Ctrl Pts',(-1.2692889140563,57.0832295982244,10.9316710717771));
#7777=CARTESIAN_POINT('Ctrl Pts',(-1.2692889140563,57.3984647112037,10.9316710717771));
#7778=CARTESIAN_POINT('Ctrl Pts',(-1.2692889140563,57.9439386042706,10.6668610977913));
#7779=CARTESIAN_POINT('Ctrl Pts',(-1.2692889140563,58.1367829746513,10.1144686440564));
#7780=CARTESIAN_POINT('Ctrl Pts',(-1.2692889140563,58.1367829888177,9.87811774433139));
#7781=CARTESIAN_POINT('',(-1.2692889140563,50.2832298459849,10.9316711289116));
#7782=CARTESIAN_POINT('Ctrl Pts',(-1.2692889140563,50.283229847083,10.9316710717771));
#7783=CARTESIAN_POINT('Ctrl Pts',(-1.2692889140563,52.5515693456289,10.9316710717771));
#7784=CARTESIAN_POINT('Ctrl Pts',(-1.2692889140563,54.8148903349931,10.9316710717771));
#7785=CARTESIAN_POINT('Ctrl Pts',(-1.2692889140563,57.0832295982244,10.9316710717771));
#7786=CARTESIAN_POINT('',(-1.2692889140563,49.229676398257,9.8781177318621));
#7787=CARTESIAN_POINT('Ctrl Pts',(-1.2692889140563,49.229676398257,9.8781177446603));
#7788=CARTESIAN_POINT('Ctrl Pts',(-1.2692889140563,49.2296764172468,10.1933016921145));
#7789=CARTESIAN_POINT('Ctrl Pts',(-1.2692889140563,49.4944325152116,10.7388245985389));
#7790=CARTESIAN_POINT('Ctrl Pts',(-1.2692889140563,50.0468006814271,10.9316711289116));
#7791=CARTESIAN_POINT('Ctrl Pts',(-1.2692889140563,50.2832298459849,10.9316711289116));
#7792=CARTESIAN_POINT('',(-1.2692889140563,49.2296763411225,8.86346032582889));
#7793=CARTESIAN_POINT('Ctrl Pts',(-1.2692889140563,49.229676398257,8.86346032582887));
#7794=CARTESIAN_POINT('Ctrl Pts',(-1.2692889140563,49.229676398257,9.20171302062248));
#7795=CARTESIAN_POINT('Ctrl Pts',(-1.2692889140563,49.229676398257,9.5397150651574));
#7796=CARTESIAN_POINT('Ctrl Pts',(-1.2692889140563,49.229676398257,9.87811660966037));
#7797=CARTESIAN_POINT('',(-1.2692889140563,49.4024034888507,8.25628208616979));
#7798=CARTESIAN_POINT('Ctrl Pts',(-1.2692889140563,49.4024034888507,8.25628208616979));
#7799=CARTESIAN_POINT('Ctrl Pts',(-1.2692889140563,49.2902078148945,8.4375212517914));
#7800=CARTESIAN_POINT('Ctrl Pts',(-1.2692889140563,49.2296764205825,8.65030391748295));
#7801=CARTESIAN_POINT('Ctrl Pts',(-1.2692889140563,49.2296763411226,8.86345983079823));
#7802=CARTESIAN_POINT('',(-1.2692889140563,49.9195203088175,7.42093953083875));
#7803=CARTESIAN_POINT('Ctrl Pts',(-1.2692889140563,49.9195203088175,7.42093953083876));
#7804=CARTESIAN_POINT('Ctrl Pts',(-1.2692889140563,49.747097516512,7.69946865687069));
#7805=CARTESIAN_POINT('Ctrl Pts',(-1.2692889140563,49.5747940990332,7.97780494664425));
#7806=CARTESIAN_POINT('Ctrl Pts',(-1.2692889140563,49.4024034888507,8.25628208616979));
#7807=CARTESIAN_POINT('',(-1.2692889140563,50.9003465516826,6.87456429059053));
#7808=CARTESIAN_POINT('Ctrl Pts',(-1.2692889140563,50.9003465516826,6.87456429059053));
#7809=CARTESIAN_POINT('Ctrl Pts',(-1.2692889140563,50.509455694125,6.87456429059052));
#7810=CARTESIAN_POINT('Ctrl Pts',(-1.2692889140563,50.1252585229253,7.08859318497223));
#7811=CARTESIAN_POINT('Ctrl Pts',(-1.2692889140563,49.9195203088175,7.42093953083875));
#7812=CARTESIAN_POINT('',(-1.2692889140563,56.4661128925267,6.87456429059055));
#7813=CARTESIAN_POINT('Ctrl Pts',(-1.2692889140563,56.4661128925267,6.87456429059054));
#7814=CARTESIAN_POINT('Ctrl Pts',(-1.2692889140563,54.6101982572727,6.87456429059054));
#7815=CARTESIAN_POINT('Ctrl Pts',(-1.2692889140563,52.7562611869407,6.87456429059054));
#7816=CARTESIAN_POINT('Ctrl Pts',(-1.2692889140563,50.9003465516826,6.87456429059053));
#7817=CARTESIAN_POINT('',(-1.2692889140563,57.4469391353917,7.42093953083878));
#7818=CARTESIAN_POINT('Ctrl Pts',(-1.2692889140563,57.4469391353917,7.42093953083878));
#7819=CARTESIAN_POINT('Ctrl Pts',(-1.2692889140563,57.2412009212842,7.08859318497274));
#7820=CARTESIAN_POINT('Ctrl Pts',(-1.2692889140563,56.8570037500836,6.87456429059054));
#7821=CARTESIAN_POINT('Ctrl Pts',(-1.2692889140563,56.4661128925267,6.87456429059055));
#7822=CARTESIAN_POINT('',(-1.2692889140563,57.964055906779,8.2562821162428));
#7823=CARTESIAN_POINT('Ctrl Pts',(-1.2692889140563,57.9640559556928,8.25628208670977));
#7824=CARTESIAN_POINT('Ctrl Pts',(-1.2692889140563,57.7916653446307,7.97780494576329));
#7825=CARTESIAN_POINT('Ctrl Pts',(-1.2692889140563,57.6193619278371,7.69946865709666));
#7826=CARTESIAN_POINT('Ctrl Pts',(-1.2692889140563,57.4469391353917,7.42093953083878));
#7827=CARTESIAN_POINT('Ctrl Pts',(-1.2692889140563,58.1367830459522,8.86346029845492));
#7828=CARTESIAN_POINT('Ctrl Pts',(-1.2692889140563,58.1367830573355,8.65030424262076));
#7829=CARTESIAN_POINT('Ctrl Pts',(-1.2692889140563,58.0762516551322,8.43752140204414));
#7830=CARTESIAN_POINT('Ctrl Pts',(-1.2692889140563,57.964055906779,8.2562821162428));
#7831=CARTESIAN_POINT('Origin',(-2.2692889140563,57.7832296553589,8.86346029845493));
#7832=CARTESIAN_POINT('',(-0.915735523463028,57.7832296553589,9.8781177323022));
#7833=CARTESIAN_POINT('Ctrl Pts',(-0.915735523463028,57.7832296553589,8.86346029845493));
#7834=CARTESIAN_POINT('Ctrl Pts',(-0.915735523463028,57.7832296553589,9.20171987664547));
#7835=CARTESIAN_POINT('Ctrl Pts',(-0.915735523463028,57.7832296553589,9.53975834943551));
#7836=CARTESIAN_POINT('Ctrl Pts',(-0.915735523463028,57.7832296553589,9.87811773274232));
#7837=CARTESIAN_POINT('',(-0.269288914056302,57.7832295982244,9.87811773186208));
#7838=CARTESIAN_POINT('',(-0.269288914056302,57.7832296553589,4.43173014922746));
#7839=CARTESIAN_POINT('',(-2.2692889140563,57.7832295982244,9.87811773186208));
#7840=CARTESIAN_POINT('Origin',(-2.2692889140563,57.0832295982244,9.87811768118381));
#7841=CARTESIAN_POINT('',(-0.915735523463028,57.0832295982244,10.5781176811838));
#7842=CARTESIAN_POINT('Ctrl Pts',(-0.915735523463028,57.7832295982244,9.87811773230219));
#7843=CARTESIAN_POINT('Ctrl Pts',(-0.915735523463028,57.7832295866762,10.0351535579924));
#7844=CARTESIAN_POINT('Ctrl Pts',(-0.915735523463028,57.6551002850157,10.402173128302));
#7845=CARTESIAN_POINT('Ctrl Pts',(-0.915735523463028,57.2926775303897,10.5781176811838));
#7846=CARTESIAN_POINT('Ctrl Pts',(-0.915735523463028,57.0832295982244,10.5781176811838));
#7847=CARTESIAN_POINT('',(-0.269288914056302,57.0832295982244,10.5781176811838));
#7848=CARTESIAN_POINT('Origin',(-0.269288914056315,57.0832295982244,9.87811768118381));
#7849=CARTESIAN_POINT('',(-2.2692889140563,57.0832295982244,10.5781176811838));
#7850=CARTESIAN_POINT('Origin',(-2.2692889140563,57.0832295982244,10.5781176811838));
#7851=CARTESIAN_POINT('',(-0.915735523463025,50.2832298459849,10.5781177383184));
#7852=CARTESIAN_POINT('Ctrl Pts',(-0.915735523463028,57.0832295982244,10.5781176811838));
#7853=CARTESIAN_POINT('Ctrl Pts',(-0.915735523463027,54.8148903349931,10.5781176811838));
#7854=CARTESIAN_POINT('Ctrl Pts',(-0.915735523463026,52.5515693456289,10.5781176811838));
#7855=CARTESIAN_POINT('Ctrl Pts',(-0.915735523463025,50.283229847083,10.5781176811838));
#7856=CARTESIAN_POINT('',(-0.269288914056299,50.2832298459849,10.5781176811838));
#7857=CARTESIAN_POINT('',(-0.269288914056309,74.7082296649701,10.5781176811838));
#7858=CARTESIAN_POINT('',(-2.2692889140563,50.2832298459849,10.5781176811838));
#7859=CARTESIAN_POINT('Origin',(-2.2692889140563,50.2832298459849,9.87811768118381));
#7860=CARTESIAN_POINT('',(-0.915735523463025,49.5832297888503,9.87811773186209));
#7861=CARTESIAN_POINT('Ctrl Pts',(-0.915735523463025,50.2832298459849,10.5781177383184));
#7862=CARTESIAN_POINT('Ctrl Pts',(-0.915735523463025,50.1261420123722,10.5781177383184));
#7863=CARTESIAN_POINT('Ctrl Pts',(-0.915735523463025,49.7591385672661,10.4499869998863));
#7864=CARTESIAN_POINT('Ctrl Pts',(-0.915735523463025,49.5832298041886,10.0875316715629));
#7865=CARTESIAN_POINT('Ctrl Pts',(-0.915735523463025,49.5832297888503,9.8781177318621));
#7866=CARTESIAN_POINT('',(-0.269288914056299,49.5832297888503,9.87811773186209));
#7867=CARTESIAN_POINT('Origin',(-0.269288914056315,50.2832298459849,9.87811768118381));
#7868=CARTESIAN_POINT('',(-2.2692889140563,49.5832297888503,9.87811773186209));
#7869=CARTESIAN_POINT('Origin',(-2.2692889140563,49.5832297888503,9.87811773186209));
#7870=CARTESIAN_POINT('',(-0.915735523463025,49.5832297317158,8.86346029845495));
#7871=CARTESIAN_POINT('Ctrl Pts',(-0.915735523463025,49.5832297888503,9.87811660966035));
#7872=CARTESIAN_POINT('Ctrl Pts',(-0.915735523463025,49.5832297888503,9.53971506080687));
#7873=CARTESIAN_POINT('Ctrl Pts',(-0.915735523463025,49.5832297888503,9.20171301193173));
#7874=CARTESIAN_POINT('Ctrl Pts',(-0.915735523463025,49.5832297888503,8.86346031278308));
#7875=CARTESIAN_POINT('',(-0.269288914056299,49.5832297888503,8.86346029845494));
#7876=CARTESIAN_POINT('',(-0.269288914056299,49.5832297888503,4.93905886593104));
#7877=CARTESIAN_POINT('',(-2.2692889140563,49.5832297888503,8.86346029845494));
#7878=CARTESIAN_POINT('Origin',(-2.2692889140563,50.3832297317158,8.86346023651481));
#7879=CARTESIAN_POINT('Ctrl Pts',(-0.915735523463025,49.5832297317158,8.86345995514658));
#7880=CARTESIAN_POINT('Ctrl Pts',(-0.915735523463025,49.583229786822,8.71563434772973));
#7881=CARTESIAN_POINT('Ctrl Pts',(-0.915735523463025,49.6252088714873,8.56806759100971));
#7882=CARTESIAN_POINT('Ctrl Pts',(-0.915735523463025,49.7030176143655,8.44237654482179));
#7883=CARTESIAN_POINT('Origin',(-0.269288914056315,50.3832297317158,8.86346023651481));
#7884=CARTESIAN_POINT('Ctrl Pts',(-0.915735523463028,57.0832295982244,10.5781176811838));
#7885=CARTESIAN_POINT('Ctrl Pts',(-0.915735523463028,57.2926775303897,10.5781176811838));
#7886=CARTESIAN_POINT('Ctrl Pts',(-0.915735523463028,57.6551002880364,10.4021731268355));
#7887=CARTESIAN_POINT('Ctrl Pts',(-0.915735523463028,57.783229588812,10.0351535518744));
#7888=CARTESIAN_POINT('Ctrl Pts',(-0.915735523463028,57.7832295982244,9.87811772314021));
#7889=CARTESIAN_POINT('Ctrl Pts',(-0.963354571082076,57.0832295982244,10.5781176811838));
#7890=CARTESIAN_POINT('Ctrl Pts',(-0.963354571082076,57.292718635311,10.5781176811838));
#7891=CARTESIAN_POINT('Ctrl Pts',(-0.963354571082076,57.6551229197572,10.4022274240251));
#7892=CARTESIAN_POINT('Ctrl Pts',(-0.963354571082076,57.7832295888102,10.0351843707291));
#7893=CARTESIAN_POINT('Ctrl Pts',(-0.963354571082076,57.7832295982244,9.87811772314021));
#7894=CARTESIAN_POINT('Ctrl Pts',(-1.06722309073008,57.0832295982244,10.5976758687198));
#7895=CARTESIAN_POINT('Ctrl Pts',(-1.06722309073008,57.2985573491138,10.5976758687198));
#7896=CARTESIAN_POINT('Ctrl Pts',(-1.06722309073008,57.6710938076152,10.4168520818933));
#7897=CARTESIAN_POINT('Ctrl Pts',(-1.06722309073008,57.8027877760838,10.0395620100632));
#7898=CARTESIAN_POINT('Ctrl Pts',(-1.06722309073008,57.8027877857604,9.87811772431249));
#7899=CARTESIAN_POINT('Ctrl Pts',(-1.22816621444491,57.0832295982244,10.722986303856));
#7900=CARTESIAN_POINT('Ctrl Pts',(-1.22816621444491,57.3360310605934,10.722986303856));
#7901=CARTESIAN_POINT('Ctrl Pts',(-1.22816621444491,57.7734558492526,10.5106386198443));
#7902=CARTESIAN_POINT('Ctrl Pts',(-1.22816621444491,57.928098209536,10.0676583338141));
#7903=CARTESIAN_POINT('Ctrl Pts',(-1.22816621444491,57.9280982208966,9.87811773182331));
#7904=CARTESIAN_POINT('Ctrl Pts',(-1.2692889140563,57.0832295982244,10.8602425003485));
#7905=CARTESIAN_POINT('Ctrl Pts',(-1.2692889140563,57.3773102212653,10.8602425003485));
#7906=CARTESIAN_POINT('Ctrl Pts',(-1.2692889140563,57.885704340881,10.6136736846996));
#7907=CARTESIAN_POINT('Ctrl Pts',(-1.2692889140563,58.0653544041734,10.0986078345403));
#7908=CARTESIAN_POINT('Ctrl Pts',(-1.2692889140563,58.0653544173891,9.87811774005013));
#7909=CARTESIAN_POINT('Ctrl Pts',(-1.2692889140563,57.0832295982244,10.9316710717771));
#7910=CARTESIAN_POINT('Ctrl Pts',(-1.2692889140563,57.3984647112037,10.9316710717771));
#7911=CARTESIAN_POINT('Ctrl Pts',(-1.2692889140563,57.9439386042706,10.6668610977913));
#7912=CARTESIAN_POINT('Ctrl Pts',(-1.2692889140563,58.1367829746513,10.1144686440564));
#7913=CARTESIAN_POINT('Ctrl Pts',(-1.2692889140563,58.1367829888177,9.87811774433139));
#7914=CARTESIAN_POINT('Ctrl Pts',(-0.915735523463028,57.7832296553589,9.87811773274232));
#7915=CARTESIAN_POINT('Ctrl Pts',(-0.963354571082076,57.7832296553589,9.87811773274232));
#7916=CARTESIAN_POINT('Ctrl Pts',(-1.06722323005739,57.8027879479876,9.87811773274232));
#7917=CARTESIAN_POINT('Ctrl Pts',(-1.22816660825575,57.9280985366391,9.87811773274232));
#7918=CARTESIAN_POINT('Ctrl Pts',(-1.2692889140563,58.0653544745236,9.87811773274232));
#7919=CARTESIAN_POINT('Ctrl Pts',(-1.2692889140563,58.1367830459522,9.87811773274232));
#7920=CARTESIAN_POINT('Ctrl Pts',(-1.2692889140563,57.0832295982244,10.9316710717771));
#7921=CARTESIAN_POINT('Ctrl Pts',(-1.2692889140563,57.0832295982244,10.8602425003485));
#7922=CARTESIAN_POINT('Ctrl Pts',(-1.22816660825585,57.0832295982244,10.722986562464));
#7923=CARTESIAN_POINT('Ctrl Pts',(-1.06722323005742,57.0832295982244,10.5976759738125));
#7924=CARTESIAN_POINT('Ctrl Pts',(-0.963354571082075,57.0832295982244,10.5781176811838));
#7925=CARTESIAN_POINT('Ctrl Pts',(-0.915735523463028,57.0832295982244,10.5781176811838));
#7926=CARTESIAN_POINT('Ctrl Pts',(-0.915735523463025,50.283229847083,10.5781176811838));
#7927=CARTESIAN_POINT('Ctrl Pts',(-0.915735523463026,52.5515693456289,10.5781176811838));
#7928=CARTESIAN_POINT('Ctrl Pts',(-0.915735523463027,54.8148903349931,10.5781176811838));
#7929=CARTESIAN_POINT('Ctrl Pts',(-0.915735523463028,57.0832295982244,10.5781176811838));
#7930=CARTESIAN_POINT('Ctrl Pts',(-0.963354571082073,50.283229847083,10.5781176811838));
#7931=CARTESIAN_POINT('Ctrl Pts',(-0.963354571082074,52.5515693456289,10.5781176811838));
#7932=CARTESIAN_POINT('Ctrl Pts',(-0.963354571082075,54.8148903349931,10.5781176811838));
#7933=CARTESIAN_POINT('Ctrl Pts',(-0.963354571082075,57.0832295982244,10.5781176811838));
#7934=CARTESIAN_POINT('Ctrl Pts',(-1.06722323005742,50.2832298470829,10.5976759738125));
#7935=CARTESIAN_POINT('Ctrl Pts',(-1.06722323005742,52.5515693456289,10.5976759738125));
#7936=CARTESIAN_POINT('Ctrl Pts',(-1.06722323005742,54.8148903349931,10.5976759738125));
#7937=CARTESIAN_POINT('Ctrl Pts',(-1.06722323005742,57.0832295982244,10.5976759738125));
#7938=CARTESIAN_POINT('Ctrl Pts',(-1.22816660825585,50.283229847083,10.722986562464));
#7939=CARTESIAN_POINT('Ctrl Pts',(-1.22816660825585,52.5515693456289,10.722986562464));
#7940=CARTESIAN_POINT('Ctrl Pts',(-1.22816660825585,54.8148903349931,10.722986562464));
#7941=CARTESIAN_POINT('Ctrl Pts',(-1.22816660825585,57.0832295982244,10.722986562464));
#7942=CARTESIAN_POINT('Ctrl Pts',(-1.2692889140563,50.283229847083,10.8602425003485));
#7943=CARTESIAN_POINT('Ctrl Pts',(-1.2692889140563,52.5515693456289,10.8602425003485));
#7944=CARTESIAN_POINT('Ctrl Pts',(-1.2692889140563,54.8148903349931,10.8602425003485));
#7945=CARTESIAN_POINT('Ctrl Pts',(-1.2692889140563,57.0832295982244,10.8602425003485));
#7946=CARTESIAN_POINT('Ctrl Pts',(-1.2692889140563,50.283229847083,10.9316710717771));
#7947=CARTESIAN_POINT('Ctrl Pts',(-1.2692889140563,52.5515693456289,10.9316710717771));
#7948=CARTESIAN_POINT('Ctrl Pts',(-1.2692889140563,54.8148903349931,10.9316710717771));
#7949=CARTESIAN_POINT('Ctrl Pts',(-1.2692889140563,57.0832295982244,10.9316710717771));
#7950=CARTESIAN_POINT('Ctrl Pts',(-1.2692889140563,50.2832298459849,10.9316711289116));
#7951=CARTESIAN_POINT('Ctrl Pts',(-1.2692889140563,50.2832298459849,10.8602425574831));
#7952=CARTESIAN_POINT('Ctrl Pts',(-1.22817335789881,50.2832298459849,10.72299105019));
#7953=CARTESIAN_POINT('Ctrl Pts',(-1.06722559580967,50.2832298459849,10.5976778187854));
#7954=CARTESIAN_POINT('Ctrl Pts',(-0.963354571082073,50.2832298459849,10.5781177383184));
#7955=CARTESIAN_POINT('Ctrl Pts',(-0.915735523463025,50.2832298459849,10.5781177383184));
#7956=CARTESIAN_POINT('Ctrl Pts',(-0.915735523463025,49.5832297888503,9.87811772335874));
#7957=CARTESIAN_POINT('Ctrl Pts',(-0.915735523463025,49.5832298014675,10.0875316659562));
#7958=CARTESIAN_POINT('Ctrl Pts',(-0.915735523463025,49.7591385644275,10.4499869988953));
#7959=CARTESIAN_POINT('Ctrl Pts',(-0.915735523463025,50.1261420123722,10.5781177383184));
#7960=CARTESIAN_POINT('Ctrl Pts',(-0.915735523463025,50.2832298459849,10.5781177383184));
#7961=CARTESIAN_POINT('Ctrl Pts',(-0.963354571082072,49.5832297888503,9.87811772335874));
#7962=CARTESIAN_POINT('Ctrl Pts',(-0.963354571082072,49.58322980147,10.0875727642036));
#7963=CARTESIAN_POINT('Ctrl Pts',(-0.963354571082073,49.7590843148718,10.4500095960619));
#7964=CARTESIAN_POINT('Ctrl Pts',(-0.963354571082073,50.1261111833139,10.5781177383184));
#7965=CARTESIAN_POINT('Ctrl Pts',(-0.963354571082073,50.2832298459849,10.5781177383184));
#7966=CARTESIAN_POINT('Ctrl Pts',(-1.06722559580967,49.5636697083833,9.87811772453724));
#7967=CARTESIAN_POINT('Ctrl Pts',(-1.06722559580967,49.5636697213547,10.0934105311919));
#7968=CARTESIAN_POINT('Ctrl Pts',(-1.06722559580967,49.7444579717672,10.4659816905483));
#7969=CARTESIAN_POINT('Ctrl Pts',(-1.06722559580967,50.1217320957859,10.5976778187854));
#7970=CARTESIAN_POINT('Ctrl Pts',(-1.06722559580967,50.2832298459849,10.5976778187854));
#7971=CARTESIAN_POINT('Ctrl Pts',(-1.22817335789881,49.4383564769787,9.87811773208735));
#7972=CARTESIAN_POINT('Ctrl Pts',(-1.22817335789881,49.4383564922075,10.1308781658658));
#7973=CARTESIAN_POINT('Ctrl Pts',(-1.22817335789881,49.6506640131095,10.5683453199844));
#7974=CARTESIAN_POINT('Ctrl Pts',(-1.22817335789881,50.0936264773039,10.72299105019));
#7975=CARTESIAN_POINT('Ctrl Pts',(-1.22817335789881,50.2832298459849,10.72299105019));
#7976=CARTESIAN_POINT('Ctrl Pts',(-1.2692889140563,49.3011049696856,9.87811774035674));
#7977=CARTESIAN_POINT('Ctrl Pts',(-1.2692889140563,49.3011049874011,10.1721506325857));
#7978=CARTESIAN_POINT('Ctrl Pts',(-1.2692889140563,49.5476238329974,10.6805902968763));
#7979=CARTESIAN_POINT('Ctrl Pts',(-1.2692889140563,50.0626667379214,10.8602425574831));
#7980=CARTESIAN_POINT('Ctrl Pts',(-1.2692889140563,50.2832298459849,10.8602425574831));
#7981=CARTESIAN_POINT('Ctrl Pts',(-1.2692889140563,49.229676398257,9.8781177446603));
#7982=CARTESIAN_POINT('Ctrl Pts',(-1.2692889140563,49.2296764172468,10.1933016921145));
#7983=CARTESIAN_POINT('Ctrl Pts',(-1.2692889140563,49.4944325152116,10.7388245985389));
#7984=CARTESIAN_POINT('Ctrl Pts',(-1.2692889140563,50.0468006814271,10.9316711289116));
#7985=CARTESIAN_POINT('Ctrl Pts',(-1.2692889140563,50.2832298459849,10.9316711289116));
#7986=CARTESIAN_POINT('Ctrl Pts',(-1.2692889140563,49.229676398257,9.87811885406509));
#7987=CARTESIAN_POINT('Ctrl Pts',(-1.2692889140563,49.3011049696856,9.87811885406509));
#7988=CARTESIAN_POINT('Ctrl Pts',(-1.22817554612194,49.4383550413127,9.87811885406509));
#7989=CARTESIAN_POINT('Ctrl Pts',(-1.06722635367665,49.5636691342508,9.87811885406509));
#7990=CARTESIAN_POINT('Ctrl Pts',(-0.963354571082072,49.5832297888503,9.87811885406509));
#7991=CARTESIAN_POINT('Ctrl Pts',(-0.915735523463025,49.5832297888503,9.87811885406509));
#7992=CARTESIAN_POINT('Ctrl Pts',(-0.915735523463025,49.5832297888503,8.86346031278308));
#7993=CARTESIAN_POINT('Ctrl Pts',(-0.915735523463025,49.5832297888503,9.20171375973757));
#7994=CARTESIAN_POINT('Ctrl Pts',(-0.915735523463025,49.5832297888503,9.53971655531028));
#7995=CARTESIAN_POINT('Ctrl Pts',(-0.915735523463025,49.5832297888503,9.87811885406509));
#7996=CARTESIAN_POINT('Ctrl Pts',(-0.963354571082072,49.5832297888503,8.86346031278308));
#7997=CARTESIAN_POINT('Ctrl Pts',(-0.963354571082072,49.5832297888503,9.20171375973757));
#7998=CARTESIAN_POINT('Ctrl Pts',(-0.963354571082072,49.5832297888503,9.53971655531028));
#7999=CARTESIAN_POINT('Ctrl Pts',(-0.963354571082072,49.5832297888503,9.87811885406509));
#8000=CARTESIAN_POINT('Ctrl Pts',(-1.06722635367665,49.5636691342508,8.86346031278308));
#8001=CARTESIAN_POINT('Ctrl Pts',(-1.06722635367665,49.5636691342508,9.20171375973756));
#8002=CARTESIAN_POINT('Ctrl Pts',(-1.06722635367665,49.5636691342508,9.53971655531028));
#8003=CARTESIAN_POINT('Ctrl Pts',(-1.06722635367665,49.5636691342508,9.87811885406509));
#8004=CARTESIAN_POINT('Ctrl Pts',(-1.22817554612194,49.4383550413127,8.86346031278309));
#8005=CARTESIAN_POINT('Ctrl Pts',(-1.22817554612194,49.4383550413127,9.20171375973757));
#8006=CARTESIAN_POINT('Ctrl Pts',(-1.22817554612194,49.4383550413127,9.53971655531028));
#8007=CARTESIAN_POINT('Ctrl Pts',(-1.22817554612194,49.4383550413127,9.87811885406509));
#8008=CARTESIAN_POINT('Ctrl Pts',(-1.2692889140563,49.3011049696856,8.86346031278308));
#8009=CARTESIAN_POINT('Ctrl Pts',(-1.2692889140563,49.3011049696856,9.20171375973757));
#8010=CARTESIAN_POINT('Ctrl Pts',(-1.2692889140563,49.3011049696856,9.53971655531028));
#8011=CARTESIAN_POINT('Ctrl Pts',(-1.2692889140563,49.3011049696856,9.87811885406509));
#8012=CARTESIAN_POINT('Ctrl Pts',(-1.2692889140563,49.229676398257,8.86346031278308));
#8013=CARTESIAN_POINT('Ctrl Pts',(-1.2692889140563,49.229676398257,9.20171375973757));
#8014=CARTESIAN_POINT('Ctrl Pts',(-1.2692889140563,49.229676398257,9.53971655531028));
#8015=CARTESIAN_POINT('Ctrl Pts',(-1.2692889140563,49.229676398257,9.87811885406509));
#8016=CARTESIAN_POINT('Ctrl Pts',(-1.2692889140563,49.2296763411227,8.86346082085993));
#8017=CARTESIAN_POINT('Ctrl Pts',(-1.2692889140563,49.3011049125512,8.863460784677));
#8018=CARTESIAN_POINT('Ctrl Pts',(-1.22817672710645,49.438354209498,8.86346071515187));
#8019=CARTESIAN_POINT('Ctrl Pts',(-1.06722676082451,49.5636687683845,8.8634606516724));
#8020=CARTESIAN_POINT('Ctrl Pts',(-0.963354571082072,49.5832297317159,8.86346064176358));
#8021=CARTESIAN_POINT('Ctrl Pts',(-0.915735523463025,49.5832297317159,8.86346064176358));
#8022=CARTESIAN_POINT('Ctrl Pts',(-0.915735523463025,49.7030176143655,8.44237654482179));
#8023=CARTESIAN_POINT('Ctrl Pts',(-0.915735523463025,49.6252087510192,8.568067785612));
#8024=CARTESIAN_POINT('Ctrl Pts',(-0.915735523463025,49.5832296568331,8.71563480467291));
#8025=CARTESIAN_POINT('Ctrl Pts',(-0.915735523463025,49.5832297317159,8.86346064176358));
#8026=CARTESIAN_POINT('Ctrl Pts',(-0.963354571082072,49.7030176143655,8.44237654482179));
#8027=CARTESIAN_POINT('Ctrl Pts',(-0.963354571082072,49.6251953895299,8.56808936955627));
#8028=CARTESIAN_POINT('Ctrl Pts',(-0.963354571082072,49.5832296568202,8.71560941973273));
#8029=CARTESIAN_POINT('Ctrl Pts',(-0.963354571082072,49.5832297317159,8.86346064176358));
#8030=CARTESIAN_POINT('Ctrl Pts',(-1.06722676082451,49.6863856090092,8.43208054150599));
#8031=CARTESIAN_POINT('Ctrl Pts',(-1.06722676082451,49.6066654627201,8.56085923935766));
#8032=CARTESIAN_POINT('Ctrl Pts',(-1.06722676082451,49.5636686916623,8.71200364727268));
#8033=CARTESIAN_POINT('Ctrl Pts',(-1.06722676082451,49.5636687683845,8.8634606516724));
#8034=CARTESIAN_POINT('Ctrl Pts',(-1.22817672710645,49.5798350072154,8.36612064515747));
#8035=CARTESIAN_POINT('Ctrl Pts',(-1.22817672710645,49.4879337259431,8.51457656105888));
#8036=CARTESIAN_POINT('Ctrl Pts',(-1.22817672710645,49.4383541210528,8.68886127686788));
#8037=CARTESIAN_POINT('Ctrl Pts',(-1.22817672710645,49.438354209498,8.86346071515187));
#8038=CARTESIAN_POINT('Ctrl Pts',(-1.2692889140563,49.4631367136141,8.29387884435666));
#8039=CARTESIAN_POINT('Ctrl Pts',(-1.2692889140563,49.3578173051193,8.46401019654069));
#8040=CARTESIAN_POINT('Ctrl Pts',(-1.2692889140563,49.3011048111924,8.66336880218199));
#8041=CARTESIAN_POINT('Ctrl Pts',(-1.2692889140563,49.3011049125512,8.863460784677));
#8042=CARTESIAN_POINT('Ctrl Pts',(-1.2692889140563,49.4024034888507,8.25628208616979));
#8043=CARTESIAN_POINT('Ctrl Pts',(-1.2692889140563,49.2902076411865,8.43752153239657));
#8044=CARTESIAN_POINT('Ctrl Pts',(-1.2692889140563,49.229676233146,8.65030457636838));
#8045=CARTESIAN_POINT('Ctrl Pts',(-1.2692889140563,49.2296763411227,8.86346082085993));
#8046=CARTESIAN_POINT('Ctrl Pts',(-1.2692889140563,49.4024034888507,8.25628208616979));
#8047=CARTESIAN_POINT('Ctrl Pts',(-1.2692889140563,49.4631367136141,8.29387884435667));
#8048=CARTESIAN_POINT('Ctrl Pts',(-1.22817712266251,49.5798347866175,8.36612050859684));
#8049=CARTESIAN_POINT('Ctrl Pts',(-1.06722689689885,49.6863855212376,8.43208048717124));
#8050=CARTESIAN_POINT('Ctrl Pts',(-0.963354571082072,49.7030176143655,8.44237654482179));
#8051=CARTESIAN_POINT('Ctrl Pts',(-0.915735523463025,49.7030176143655,8.44237654482179));
#8052=CARTESIAN_POINT('Ctrl Pts',(-0.915735523463025,50.2201344343323,7.60703398949077));
#8053=CARTESIAN_POINT('Ctrl Pts',(-0.915735523463025,50.0477116420268,7.8855631155227));
#8054=CARTESIAN_POINT('Ctrl Pts',(-0.915735523463025,49.875408224548,8.16389940529626));
#8055=CARTESIAN_POINT('Ctrl Pts',(-0.915735523463025,49.7030176143655,8.44237654482179));
#8056=CARTESIAN_POINT('Ctrl Pts',(-0.963354571082073,50.2201344343323,7.60703398949077));
#8057=CARTESIAN_POINT('Ctrl Pts',(-0.963354571082073,50.0477116420268,7.8855631155227));
#8058=CARTESIAN_POINT('Ctrl Pts',(-0.963354571082072,49.875408224548,8.16389940529626));
#8059=CARTESIAN_POINT('Ctrl Pts',(-0.963354571082072,49.7030176143655,8.44237654482179));
#8060=CARTESIAN_POINT('Ctrl Pts',(-1.06722689689885,50.2035023412045,7.59673793184021));
#8061=CARTESIAN_POINT('Ctrl Pts',(-1.06722689689885,50.031079548899,7.87526705787214));
#8062=CARTESIAN_POINT('Ctrl Pts',(-1.06722689689885,49.8587761314201,8.1536033476457));
#8063=CARTESIAN_POINT('Ctrl Pts',(-1.06722689689885,49.6863855212376,8.43208048717124));
#8064=CARTESIAN_POINT('Ctrl Pts',(-1.22817712266251,50.0969516065843,7.53077795326582));
#8065=CARTESIAN_POINT('Ctrl Pts',(-1.22817712266251,49.9245288142788,7.80930707929775));
#8066=CARTESIAN_POINT('Ctrl Pts',(-1.22817712266251,49.7522253968,8.08764336907131));
#8067=CARTESIAN_POINT('Ctrl Pts',(-1.22817712266251,49.5798347866175,8.36612050859684));
#8068=CARTESIAN_POINT('Ctrl Pts',(-1.2692889140563,49.9802535335809,7.45853628902564));
#8069=CARTESIAN_POINT('Ctrl Pts',(-1.2692889140563,49.8078307412755,7.73706541505757));
#8070=CARTESIAN_POINT('Ctrl Pts',(-1.2692889140563,49.6355273237966,8.01540170483113));
#8071=CARTESIAN_POINT('Ctrl Pts',(-1.2692889140563,49.4631367136141,8.29387884435667));
#8072=CARTESIAN_POINT('Ctrl Pts',(-1.2692889140563,49.9195203088175,7.42093953083876));
#8073=CARTESIAN_POINT('Ctrl Pts',(-1.2692889140563,49.747097516512,7.69946865687069));
#8074=CARTESIAN_POINT('Ctrl Pts',(-1.2692889140563,49.5747940990332,7.97780494664425));
#8075=CARTESIAN_POINT('Ctrl Pts',(-1.2692889140563,49.4024034888507,8.25628208616979));
#8076=CARTESIAN_POINT('Ctrl Pts',(-1.2692889140563,49.9195203088175,7.42093953083875));
#8077=CARTESIAN_POINT('Ctrl Pts',(-1.2692889140563,49.9802535335809,7.45853628902563));
#8078=CARTESIAN_POINT('Ctrl Pts',(-1.2281771046465,50.0969516166314,7.53077795948547));
#8079=CARTESIAN_POINT('Ctrl Pts',(-1.06722689070442,50.2035023452004,7.59673793431392));
#8080=CARTESIAN_POINT('Ctrl Pts',(-0.963354571082073,50.2201344343323,7.60703398949076));
#8081=CARTESIAN_POINT('Ctrl Pts',(-0.915735523463025,50.2201344343323,7.60703398949076));
#8082=CARTESIAN_POINT('Ctrl Pts',(-0.915735523463025,50.9003465516826,7.22811768118381));
#8083=CARTESIAN_POINT('Ctrl Pts',(-0.915735523463025,50.6292601081802,7.2281176811838));
#8084=CARTESIAN_POINT('Ctrl Pts',(-0.915735523463025,50.3628157983926,7.3765487090856));
#8085=CARTESIAN_POINT('Ctrl Pts',(-0.915735523463025,50.2201344343323,7.60703398949076));
#8086=CARTESIAN_POINT('Ctrl Pts',(-0.963354571082073,50.9003465516826,7.22811768118381));
#8087=CARTESIAN_POINT('Ctrl Pts',(-0.963354571082073,50.629213556689,7.2281176811838));
#8088=CARTESIAN_POINT('Ctrl Pts',(-0.963354571082073,50.3628402999139,7.37650912970509));
#8089=CARTESIAN_POINT('Ctrl Pts',(-0.963354571082073,50.2201344343323,7.60703398949076));
#8090=CARTESIAN_POINT('Ctrl Pts',(-1.06722689070442,50.9003465516826,7.20855661932373));
#8091=CARTESIAN_POINT('Ctrl Pts',(-1.06722689070442,50.622601189476,7.20855661932373));
#8092=CARTESIAN_POINT('Ctrl Pts',(-1.06722689070442,50.3496885086584,7.36059105488185));
#8093=CARTESIAN_POINT('Ctrl Pts',(-1.06722689070442,50.2035023452004,7.59673793431392));
#8094=CARTESIAN_POINT('Ctrl Pts',(-1.2281771046465,50.9003465516826,7.08324191133636));
#8095=CARTESIAN_POINT('Ctrl Pts',(-1.2281771046465,50.5801620582717,7.08324191133635));
#8096=CARTESIAN_POINT('Ctrl Pts',(-1.2281771046465,50.2654748363122,7.25854814307804));
#8097=CARTESIAN_POINT('Ctrl Pts',(-1.2281771046465,50.0969516166314,7.53077795948547));
#8098=CARTESIAN_POINT('Ctrl Pts',(-1.2692889140563,50.9003465516826,6.9459928620191));
#8099=CARTESIAN_POINT('Ctrl Pts',(-1.2692889140563,50.5334132403248,6.9459928620191));
#8100=CARTESIAN_POINT('Ctrl Pts',(-1.2692889140563,50.1733821338432,7.14655931937114));
#8101=CARTESIAN_POINT('Ctrl Pts',(-1.2692889140563,49.9802535335809,7.45853628902563));
#8102=CARTESIAN_POINT('Ctrl Pts',(-1.2692889140563,50.9003465516826,6.87456429059053));
#8103=CARTESIAN_POINT('Ctrl Pts',(-1.2692889140563,50.509455694125,6.87456429059052));
#8104=CARTESIAN_POINT('Ctrl Pts',(-1.2692889140563,50.1252585229253,7.08859318497223));
#8105=CARTESIAN_POINT('Ctrl Pts',(-1.2692889140563,49.9195203088175,7.42093953083875));
#8106=CARTESIAN_POINT('Ctrl Pts',(-1.2692889140563,50.9003465516826,6.87456429059053));
#8107=CARTESIAN_POINT('Ctrl Pts',(-1.2692889140563,50.9003465516826,6.9459928620191));
#8108=CARTESIAN_POINT('Ctrl Pts',(-1.22817096574881,50.9003465516826,7.08324593917988));
#8109=CARTESIAN_POINT('Ctrl Pts',(-1.06722476218916,50.9003465516826,7.20855823144001));
#8110=CARTESIAN_POINT('Ctrl Pts',(-0.963354571082073,50.9003465516826,7.22811768118381));
#8111=CARTESIAN_POINT('Ctrl Pts',(-0.915735523463025,50.9003465516826,7.22811768118381));
#8112=CARTESIAN_POINT('Ctrl Pts',(-0.915735523463028,56.4661128925267,7.22811768118382));
#8113=CARTESIAN_POINT('Ctrl Pts',(-0.915735523463027,54.6101982572727,7.22811768118381));
#8114=CARTESIAN_POINT('Ctrl Pts',(-0.915735523463026,52.7562611869407,7.22811768118381));
#8115=CARTESIAN_POINT('Ctrl Pts',(-0.915735523463025,50.9003465516826,7.22811768118381));
#8116=CARTESIAN_POINT('Ctrl Pts',(-0.963354571082075,56.4661128925267,7.22811768118382));
#8117=CARTESIAN_POINT('Ctrl Pts',(-0.963354571082075,54.6101982572727,7.22811768118381));
#8118=CARTESIAN_POINT('Ctrl Pts',(-0.963354571082074,52.7562611869407,7.22811768118381));
#8119=CARTESIAN_POINT('Ctrl Pts',(-0.963354571082073,50.9003465516826,7.22811768118381));
#8120=CARTESIAN_POINT('Ctrl Pts',(-1.06722476218916,56.4661128925267,7.20855823144002));
#8121=CARTESIAN_POINT('Ctrl Pts',(-1.06722476218916,54.6101982572727,7.20855823144001));
#8122=CARTESIAN_POINT('Ctrl Pts',(-1.06722476218916,52.7562611869407,7.20855823144001));
#8123=CARTESIAN_POINT('Ctrl Pts',(-1.06722476218916,50.9003465516826,7.20855823144001));
#8124=CARTESIAN_POINT('Ctrl Pts',(-1.22817096574881,56.4661128925266,7.08324593917989));
#8125=CARTESIAN_POINT('Ctrl Pts',(-1.22817096574881,54.6101982572726,7.08324593917989));
#8126=CARTESIAN_POINT('Ctrl Pts',(-1.22817096574881,52.7562611869407,7.08324593917988));
#8127=CARTESIAN_POINT('Ctrl Pts',(-1.22817096574881,50.9003465516826,7.08324593917988));
#8128=CARTESIAN_POINT('Ctrl Pts',(-1.2692889140563,56.4661128925267,6.94599286201912));
#8129=CARTESIAN_POINT('Ctrl Pts',(-1.2692889140563,54.6101982572727,6.94599286201911));
#8130=CARTESIAN_POINT('Ctrl Pts',(-1.2692889140563,52.7562611869407,6.94599286201911));
#8131=CARTESIAN_POINT('Ctrl Pts',(-1.2692889140563,50.9003465516826,6.9459928620191));
#8132=CARTESIAN_POINT('Ctrl Pts',(-1.2692889140563,56.4661128925267,6.87456429059054));
#8133=CARTESIAN_POINT('Ctrl Pts',(-1.2692889140563,54.6101982572727,6.87456429059054));
#8134=CARTESIAN_POINT('Ctrl Pts',(-1.2692889140563,52.7562611869407,6.87456429059054));
#8135=CARTESIAN_POINT('Ctrl Pts',(-1.2692889140563,50.9003465516826,6.87456429059053));
#8136=CARTESIAN_POINT('Ctrl Pts',(-1.2692889140563,56.4661128925267,6.87456429059055));
#8137=CARTESIAN_POINT('Ctrl Pts',(-1.2692889140563,56.4661128925267,6.94599286201912));
#8138=CARTESIAN_POINT('Ctrl Pts',(-1.22816958194514,56.4661128925267,7.08324684750538));
#8139=CARTESIAN_POINT('Ctrl Pts',(-1.06722427753041,56.4661128925267,7.2085585977608));
#8140=CARTESIAN_POINT('Ctrl Pts',(-0.963354571082075,56.4661128925267,7.22811768118382));
#8141=CARTESIAN_POINT('Ctrl Pts',(-0.915735523463027,56.4661128925267,7.22811768118382));
#8142=CARTESIAN_POINT('Ctrl Pts',(-0.915735523463028,57.146325009877,7.60703398949078));
#8143=CARTESIAN_POINT('Ctrl Pts',(-0.915735523463028,57.0036436458168,7.37654870908595));
#8144=CARTESIAN_POINT('Ctrl Pts',(-0.915735523463028,56.7371993360286,7.22811768118382));
#8145=CARTESIAN_POINT('Ctrl Pts',(-0.915735523463027,56.4661128925267,7.22811768118382));
#8146=CARTESIAN_POINT('Ctrl Pts',(-0.963354571082076,57.146325009877,7.60703398949078));
#8147=CARTESIAN_POINT('Ctrl Pts',(-0.963354571082075,57.0036191442956,7.37650912970544));
#8148=CARTESIAN_POINT('Ctrl Pts',(-0.963354571082075,56.7372458875198,7.22811768118382));
#8149=CARTESIAN_POINT('Ctrl Pts',(-0.963354571082075,56.4661128925267,7.22811768118382));
#8150=CARTESIAN_POINT('Ctrl Pts',(-1.06722427753041,57.1629554168127,7.59673897567341));
#8151=CARTESIAN_POINT('Ctrl Pts',(-1.06722427753041,57.016769253355,7.36059209624168));
#8152=CARTESIAN_POINT('Ctrl Pts',(-1.06722427753041,56.7438582547328,7.20855859776079));
#8153=CARTESIAN_POINT('Ctrl Pts',(-1.06722427753041,56.4661128925267,7.2085585977608));
#8154=CARTESIAN_POINT('Ctrl Pts',(-1.22816958194514,57.2695036305254,7.53078055766083));
#8155=CARTESIAN_POINT('Ctrl Pts',(-1.22816958194514,57.1009804108448,7.2585507412538));
#8156=CARTESIAN_POINT('Ctrl Pts',(-1.22816958194514,56.7862973859371,7.08324684750537));
#8157=CARTESIAN_POINT('Ctrl Pts',(-1.22816958194514,56.4661128925267,7.08324684750538));
#8158=CARTESIAN_POINT('Ctrl Pts',(-1.2692889140563,57.3862059106283,7.45853628902565));
#8159=CARTESIAN_POINT('Ctrl Pts',(-1.2692889140563,57.1930773103663,7.14655931937162));
#8160=CARTESIAN_POINT('Ctrl Pts',(-1.2692889140563,56.8330462038838,6.94599286201911));
#8161=CARTESIAN_POINT('Ctrl Pts',(-1.2692889140563,56.4661128925267,6.94599286201912));
#8162=CARTESIAN_POINT('Ctrl Pts',(-1.2692889140563,57.4469391353917,7.42093953083878));
#8163=CARTESIAN_POINT('Ctrl Pts',(-1.2692889140563,57.2412009212842,7.08859318497274));
#8164=CARTESIAN_POINT('Ctrl Pts',(-1.2692889140563,56.8570037500836,6.87456429059054));
#8165=CARTESIAN_POINT('Ctrl Pts',(-1.2692889140563,56.4661128925267,6.87456429059055));
#8166=CARTESIAN_POINT('Ctrl Pts',(-1.2692889140563,57.4469391353917,7.42093953083878));
#8167=CARTESIAN_POINT('Ctrl Pts',(-1.2692889140563,57.3862059106283,7.45853628902566));
#8168=CARTESIAN_POINT('Ctrl Pts',(-1.22816827435611,57.2695029006342,7.53078100949824));
#8169=CARTESIAN_POINT('Ctrl Pts',(-1.06722381793828,57.162955121665,7.59673915838394));
#8170=CARTESIAN_POINT('Ctrl Pts',(-0.963354571082076,57.146325009877,7.60703398949078));
#8171=CARTESIAN_POINT('Ctrl Pts',(-0.915735523463028,57.146325009877,7.60703398949078));
#8172=CARTESIAN_POINT('Ctrl Pts',(-0.915735523463028,57.663441830178,8.44237654536177));
#8173=CARTESIAN_POINT('Ctrl Pts',(-0.915735523463028,57.4910512191159,8.16389940441529));
#8174=CARTESIAN_POINT('Ctrl Pts',(-0.915735523463028,57.3187478023223,7.88556311574866));
#8175=CARTESIAN_POINT('Ctrl Pts',(-0.915735523463028,57.146325009877,7.60703398949078));
#8176=CARTESIAN_POINT('Ctrl Pts',(-0.963354571082076,57.663441830178,8.44237654536177));
#8177=CARTESIAN_POINT('Ctrl Pts',(-0.963354571082076,57.4910512191159,8.16389940441529));
#8178=CARTESIAN_POINT('Ctrl Pts',(-0.963354571082076,57.3187478023223,7.88556311574866));
#8179=CARTESIAN_POINT('Ctrl Pts',(-0.963354571082076,57.146325009877,7.60703398949078));
#8180=CARTESIAN_POINT('Ctrl Pts',(-1.06722381793828,57.680071941966,8.43208171425493));
#8181=CARTESIAN_POINT('Ctrl Pts',(-1.06722381793828,57.5076813309039,8.15360457330845));
#8182=CARTESIAN_POINT('Ctrl Pts',(-1.06722381793828,57.3353779141103,7.87526828464182));
#8183=CARTESIAN_POINT('Ctrl Pts',(-1.06722381793828,57.162955121665,7.59673915838394));
#8184=CARTESIAN_POINT('Ctrl Pts',(-1.22816827435612,57.7866197209352,8.36612356536924));
#8185=CARTESIAN_POINT('Ctrl Pts',(-1.22816827435612,57.6142291098731,8.08764642442275));
#8186=CARTESIAN_POINT('Ctrl Pts',(-1.22816827435611,57.4419256930795,7.80931013575612));
#8187=CARTESIAN_POINT('Ctrl Pts',(-1.22816827435611,57.2695029006342,7.53078100949824));
#8188=CARTESIAN_POINT('Ctrl Pts',(-1.2692889140563,57.9033227309294,8.29387884489665));
#8189=CARTESIAN_POINT('Ctrl Pts',(-1.2692889140563,57.7309321198673,8.01540170395017));
#8190=CARTESIAN_POINT('Ctrl Pts',(-1.2692889140563,57.5586287030737,7.73706541528354));
#8191=CARTESIAN_POINT('Ctrl Pts',(-1.2692889140563,57.3862059106283,7.45853628902566));
#8192=CARTESIAN_POINT('Ctrl Pts',(-1.2692889140563,57.9640559556928,8.25628208670977));
#8193=CARTESIAN_POINT('Ctrl Pts',(-1.2692889140563,57.7916653446307,7.97780494576329));
#8194=CARTESIAN_POINT('Ctrl Pts',(-1.2692889140563,57.6193619278371,7.69946865709666));
#8195=CARTESIAN_POINT('Ctrl Pts',(-1.2692889140563,57.4469391353917,7.42093953083878));
#8196=CARTESIAN_POINT('Ctrl Pts',(-1.2692889140563,57.964055906779,8.2562821162428));
#8197=CARTESIAN_POINT('Ctrl Pts',(-1.2692889140563,57.9033226820156,8.29387887442968));
#8198=CARTESIAN_POINT('Ctrl Pts',(-1.22816754088597,57.7866192625546,8.36612384838175));
#8199=CARTESIAN_POINT('Ctrl Pts',(-1.06722355944844,57.6800717271412,8.43208184649479));
#8200=CARTESIAN_POINT('Ctrl Pts',(-0.963354571082075,57.6634417812642,8.44237657489481));
#8201=CARTESIAN_POINT('Ctrl Pts',(-0.915735523463028,57.6634417812642,8.44237657489481));
#8202=CARTESIAN_POINT('Ctrl Pts',(-0.915735523463028,57.7832296553589,8.8634602889629));
#8203=CARTESIAN_POINT('Ctrl Pts',(-0.915735523463028,57.7832296650504,8.71563458276854));
#8204=CARTESIAN_POINT('Ctrl Pts',(-0.915735523463028,57.7412505756997,8.56806770436748));
#8205=CARTESIAN_POINT('Ctrl Pts',(-0.915735523463028,57.6634417812642,8.44237657489481));
#8206=CARTESIAN_POINT('Ctrl Pts',(-0.963354571082076,57.7832296553589,8.8634602889629));
#8207=CARTESIAN_POINT('Ctrl Pts',(-0.963354571082076,57.7832296650521,8.71560919784902));
#8208=CARTESIAN_POINT('Ctrl Pts',(-0.963354571082075,57.7412639371781,8.56808928829417));
#8209=CARTESIAN_POINT('Ctrl Pts',(-0.963354571082075,57.6634417812642,8.44237657489481));
#8210=CARTESIAN_POINT('Ctrl Pts',(-1.06722355944845,57.802788196529,8.86346029024516));
#8211=CARTESIAN_POINT('Ctrl Pts',(-1.06722355944845,57.8027882064585,8.71200341969773));
#8212=CARTESIAN_POINT('Ctrl Pts',(-1.06722355944844,57.7597918029633,8.56086043051503));
#8213=CARTESIAN_POINT('Ctrl Pts',(-1.06722355944844,57.6800717271412,8.43208184649479));
#8214=CARTESIAN_POINT('Ctrl Pts',(-1.22816754088597,57.9280991490341,8.86346029846055));
#8215=CARTESIAN_POINT('Ctrl Pts',(-1.22816754088597,57.9280991604808,8.68886101286816));
#8216=CARTESIAN_POINT('Ctrl Pts',(-1.22816754088597,57.8785204634416,8.51457963443006));
#8217=CARTESIAN_POINT('Ctrl Pts',(-1.22816754088597,57.7866192625546,8.36612384838175));
#8218=CARTESIAN_POINT('Ctrl Pts',(-1.2692889140563,58.0653544745236,8.86346030745903));
#8219=CARTESIAN_POINT('Ctrl Pts',(-1.2692889140563,58.0653544876417,8.66336849840803));
#8220=CARTESIAN_POINT('Ctrl Pts',(-1.2692889140563,58.0086419991999,8.46401007911193));
#8221=CARTESIAN_POINT('Ctrl Pts',(-1.2692889140563,57.9033226820156,8.29387887442968));
#8222=CARTESIAN_POINT('Ctrl Pts',(-1.2692889140563,58.1367830459522,8.86346031214189));
#8223=CARTESIAN_POINT('Ctrl Pts',(-1.2692889140563,58.1367830599267,8.65030425172943));
#8224=CARTESIAN_POINT('Ctrl Pts',(-1.2692889140563,58.0762516575336,8.43752140592333));
#8225=CARTESIAN_POINT('Ctrl Pts',(-1.2692889140563,57.964055906779,8.2562821162428));
#8226=CARTESIAN_POINT('Ctrl Pts',(-1.2692889140563,58.1367830459522,8.86346029845493));
#8227=CARTESIAN_POINT('Ctrl Pts',(-1.2692889140563,58.0653544745236,8.86346029845493));
#8228=CARTESIAN_POINT('Ctrl Pts',(-1.22816660825575,57.9280985366391,8.86346029845492));
#8229=CARTESIAN_POINT('Ctrl Pts',(-1.06722323005739,57.8027879479876,8.86346029845492));
#8230=CARTESIAN_POINT('Ctrl Pts',(-0.963354571082076,57.7832296553589,8.86346029845493));
#8231=CARTESIAN_POINT('Ctrl Pts',(-0.915735523463028,57.7832296553589,8.86346029845493));
#8232=CARTESIAN_POINT('Ctrl Pts',(-0.915735523463028,57.7832296553589,9.87811773274232));
#8233=CARTESIAN_POINT('Ctrl Pts',(-0.915735523463028,57.7832296553589,9.53975834943551));
#8234=CARTESIAN_POINT('Ctrl Pts',(-0.915735523463028,57.7832296553589,9.20171987664547));
#8235=CARTESIAN_POINT('Ctrl Pts',(-0.915735523463028,57.7832296553589,8.86346029845493));
#8236=CARTESIAN_POINT('Ctrl Pts',(-0.963354571082076,57.7832296553589,9.87811773274232));
#8237=CARTESIAN_POINT('Ctrl Pts',(-0.963354571082076,57.7832296553589,9.53975834943551));
#8238=CARTESIAN_POINT('Ctrl Pts',(-0.963354571082076,57.7832296553589,9.20171987664547));
#8239=CARTESIAN_POINT('Ctrl Pts',(-0.963354571082076,57.7832296553589,8.86346029845493));
#8240=CARTESIAN_POINT('Ctrl Pts',(-1.06722323005739,57.8027879479876,9.87811773274232));
#8241=CARTESIAN_POINT('Ctrl Pts',(-1.06722323005739,57.8027879479876,9.53975834943552));
#8242=CARTESIAN_POINT('Ctrl Pts',(-1.06722323005739,57.8027879479876,9.20171987664547));
#8243=CARTESIAN_POINT('Ctrl Pts',(-1.06722323005739,57.8027879479876,8.86346029845492));
#8244=CARTESIAN_POINT('Ctrl Pts',(-1.22816660825575,57.9280985366391,9.87811773274232));
#8245=CARTESIAN_POINT('Ctrl Pts',(-1.22816660825575,57.9280985366391,9.53975834943551));
#8246=CARTESIAN_POINT('Ctrl Pts',(-1.22816660825575,57.9280985366391,9.20171987664547));
#8247=CARTESIAN_POINT('Ctrl Pts',(-1.22816660825575,57.9280985366391,8.86346029845492));
#8248=CARTESIAN_POINT('Ctrl Pts',(-1.2692889140563,58.0653544745236,9.87811773274232));
#8249=CARTESIAN_POINT('Ctrl Pts',(-1.2692889140563,58.0653544745236,9.53975834943551));
#8250=CARTESIAN_POINT('Ctrl Pts',(-1.2692889140563,58.0653544745236,9.20171987664547));
#8251=CARTESIAN_POINT('Ctrl Pts',(-1.2692889140563,58.0653544745236,8.86346029845493));
#8252=CARTESIAN_POINT('Ctrl Pts',(-1.2692889140563,58.1367830459522,9.87811773274232));
#8253=CARTESIAN_POINT('Ctrl Pts',(-1.2692889140563,58.1367830459522,9.53975834943551));
#8254=CARTESIAN_POINT('Ctrl Pts',(-1.2692889140563,58.1367830459522,9.20171987664547));
#8255=CARTESIAN_POINT('Ctrl Pts',(-1.2692889140563,58.1367830459522,8.86346029845493));
#8256=CARTESIAN_POINT('Origin',(38.1307110859437,38.8332297317158,8.72811768118381));
#8257=CARTESIAN_POINT('',(29.9807110859437,38.8332297317158,11.7281176811838));
#8258=CARTESIAN_POINT('',(46.2807110859437,38.8332297317158,11.7281176811838));
#8259=CARTESIAN_POINT('',(29.9807110859437,38.8332297317158,11.7281176811838));
#8260=CARTESIAN_POINT('',(29.9807110859437,38.8332297317158,5.72811768118381));
#8261=CARTESIAN_POINT('',(29.9807110859437,38.8332297317158,5.72811768118381));
#8262=CARTESIAN_POINT('',(46.2807110859437,38.8332297317158,5.72811768118381));
#8263=CARTESIAN_POINT('',(46.2807110859437,38.8332297317158,5.72811768118381));
#8264=CARTESIAN_POINT('',(46.2807110859437,38.8332297317158,11.7281176811838));
#8265=CARTESIAN_POINT('',(44.7807110859437,38.8332297317158,9.97811768118381));
#8266=CARTESIAN_POINT('',(44.5307110859437,38.8332297317158,10.2281176811838));
#8267=CARTESIAN_POINT('Origin',(44.5307110859437,38.8332297317158,9.97811768118381));
#8268=CARTESIAN_POINT('',(44.7807110859437,38.8332297317158,7.47811768118381));
#8269=CARTESIAN_POINT('',(44.7807110859437,38.8332297317158,9.47811768118381));
#8270=CARTESIAN_POINT('',(44.5307110859437,38.8332297317158,7.22811768118381));
#8271=CARTESIAN_POINT('Origin',(44.5307110859437,38.8332297317158,7.47811768118381));
#8272=CARTESIAN_POINT('',(31.7307110859437,38.8332297317158,7.22811768118381));
#8273=CARTESIAN_POINT('',(41.4557110859437,38.8332297317158,7.22811768118381));
#8274=CARTESIAN_POINT('',(31.4807110859437,38.8332297317158,7.47811768118381));
#8275=CARTESIAN_POINT('Origin',(31.7307110859437,38.8332297317158,7.47811768118381));
#8276=CARTESIAN_POINT('',(31.4807110859437,38.8332297317158,9.97811768118381));
#8277=CARTESIAN_POINT('',(31.4807110859437,38.8332297317158,7.97811768118381));
#8278=CARTESIAN_POINT('',(31.7307110859437,38.8332297317158,10.2281176811838));
#8279=CARTESIAN_POINT('Origin',(31.7307110859437,38.8332297317158,9.97811768118381));
#8280=CARTESIAN_POINT('',(34.8057110859437,38.8332297317158,10.2281176811838));
#8281=CARTESIAN_POINT('Origin',(88.2307110859437,92.3332297317158,0.));
#8282=CARTESIAN_POINT('',(0.230711085943689,92.3332297317158,12.5));
#8283=CARTESIAN_POINT('',(0.230711085943689,92.3332297317158,0.));
#8284=CARTESIAN_POINT('',(23.4807114584728,92.3332297317158,12.5));
#8285=CARTESIAN_POINT('',(65.6057110859437,92.3332297317158,12.5));
#8286=CARTESIAN_POINT('',(33.9807114584728,92.3332297317158,12.5));
#8287=CARTESIAN_POINT('',(65.6057110859437,92.3332297317158,12.5));
#8288=CARTESIAN_POINT('',(65.8039343906471,92.3332297317158,12.5));
#8289=CARTESIAN_POINT('',(65.6057110859437,92.3332297317158,12.5));
#8290=CARTESIAN_POINT('',(82.303934390647,92.3332297317157,12.5));
#8291=CARTESIAN_POINT('',(65.6057110859437,92.3332297317158,12.5));
#8292=CARTESIAN_POINT('',(85.7307110859437,92.3332297317158,12.5));
#8293=CARTESIAN_POINT('',(65.6057110859437,92.3332297317158,12.5));
#8294=CARTESIAN_POINT('',(85.7307110859437,92.3332297317158,0.));
#8295=CARTESIAN_POINT('Origin',(-2.26928891405632,92.3332297317158,0.));
#8296=CARTESIAN_POINT('',(-2.2692889140563,40.3332297317158,12.5));
#8297=CARTESIAN_POINT('',(-2.2692889140563,40.3332297317158,0.));
#8298=CARTESIAN_POINT('',(-2.2692889140563,46.8761230076638,12.5));
#8299=CARTESIAN_POINT('',(-2.26928891405631,78.7082297317158,12.5));
#8300=CARTESIAN_POINT('',(-2.2692889140563,46.8761230076638,4.52101089999533));
#8301=CARTESIAN_POINT('Ctrl Pts',(-2.2692889140563,46.8761230076638,4.52101089999533));
#8302=CARTESIAN_POINT('Ctrl Pts',(-2.2692889140563,46.8761230076638,7.18072925079272));
#8303=CARTESIAN_POINT('Ctrl Pts',(-2.2692889140563,46.8761230076638,9.83963576430616));
#8304=CARTESIAN_POINT('Ctrl Pts',(-2.2692889140563,46.8761230076638,12.5));
#8305=CARTESIAN_POINT('',(-2.26928891405631,82.7903365129023,4.52101089999726));
#8306=CARTESIAN_POINT('Ctrl Pts',(-2.26928891405631,82.7903365129024,4.52101089999726));
#8307=CARTESIAN_POINT('Ctrl Pts',(-2.26928891405631,70.816617939852,4.52101089999726));
#8308=CARTESIAN_POINT('Ctrl Pts',(-2.2692889140563,58.8498415781904,4.52101089999726));
#8309=CARTESIAN_POINT('Ctrl Pts',(-2.2692889140563,46.8761230076637,4.52101089999726));
#8310=CARTESIAN_POINT('',(-2.26928891405631,82.7903365129023,12.5));
#8311=CARTESIAN_POINT('Ctrl Pts',(-2.26928891405631,82.7903365129023,12.5));
#8312=CARTESIAN_POINT('Ctrl Pts',(-2.26928891405631,82.7903365129023,9.83963577225753));
#8313=CARTESIAN_POINT('Ctrl Pts',(-2.26928891405631,82.7903365129023,7.1807293326852));
#8314=CARTESIAN_POINT('Ctrl Pts',(-2.26928891405631,82.7903365129023,4.52101089999726));
#8315=CARTESIAN_POINT('',(-2.26928891405631,89.8332297317158,12.5));
#8316=CARTESIAN_POINT('',(-2.26928891405631,78.7082297317158,12.5));
#8317=CARTESIAN_POINT('',(-2.26928891405631,89.8332297317158,0.));
#8318=CARTESIAN_POINT('Origin',(85.7307110859437,51.4582297317158,12.5));
#8319=CARTESIAN_POINT('',(88.2307110859437,89.8332297317158,12.5));
#8320=CARTESIAN_POINT('Origin',(85.7307110859437,89.8332297317158,12.5));
#8321=CARTESIAN_POINT('',(88.2307110859437,40.3332297317158,12.5));
#8322=CARTESIAN_POINT('Origin',(85.7307110859437,40.3332297317158,12.5));
#8323=CARTESIAN_POINT('',(88.2307110859437,51.4582297317158,12.5));
#8324=CARTESIAN_POINT('Origin',(0.230711085943689,89.8332297317158,0.));
#8325=CARTESIAN_POINT('Origin',(0.230711085943689,89.8332297317158,12.5));
#8326=CARTESIAN_POINT('Origin',(0.230711085943689,78.7082297317158,12.5));
#8327=CARTESIAN_POINT('',(-0.323641812800057,46.8761230076631,14.9377639064631));
#8328=CARTESIAN_POINT('',(-1.78551512174526,46.8761230076638,13.9781176811838));
#8329=CARTESIAN_POINT('Ctrl Pts',(-0.323641812800045,46.8761230076638,14.9377639064631));
#8330=CARTESIAN_POINT('Ctrl Pts',(-0.723934537023922,46.8761230076638,14.8467364564992));
#8331=CARTESIAN_POINT('Ctrl Pts',(-1.1795621992217,46.8761230076638,14.6055662046802));
#8332=CARTESIAN_POINT('Ctrl Pts',(-1.58718191639272,46.8761230076638,14.2321629603322));
#8333=CARTESIAN_POINT('Ctrl Pts',(-1.73733752029813,46.8761230076638,14.0470762615539));
#8334=CARTESIAN_POINT('Ctrl Pts',(-1.7869140066045,46.8761230076638,13.9791384937365));
#8335=CARTESIAN_POINT('Ctrl Pts',(-2.2692889140563,46.8761230076638,12.5));
#8336=CARTESIAN_POINT('Ctrl Pts',(-2.2692889140563,46.8761230076638,13.0272504015001));
#8337=CARTESIAN_POINT('Ctrl Pts',(-2.09943016337106,46.8761230076638,13.5504365370797));
#8338=CARTESIAN_POINT('Ctrl Pts',(-1.78762544544756,46.8761230076638,13.978163061568));
#8339=CARTESIAN_POINT('Origin',(0.230711085943704,40.3332297317158,12.5));
#8340=CARTESIAN_POINT('Origin',(0.230711085943685,89.8332297317158,12.5));
#8341=CARTESIAN_POINT('',(-1.78551512174527,82.7903365129023,13.9781176811838));
#8342=CARTESIAN_POINT('Ctrl Pts',(-1.78677613886899,82.7903365129023,13.9792141729165));
#8343=CARTESIAN_POINT('Ctrl Pts',(-1.82725827481073,82.7903365129023,13.9238518433148));
#8344=CARTESIAN_POINT('Ctrl Pts',(-2.11946669290801,82.7903365129023,13.4866007097777));
#8345=CARTESIAN_POINT('Ctrl Pts',(-2.26928891405631,82.7903365129023,12.95856897876));
#8346=CARTESIAN_POINT('Ctrl Pts',(-2.26928891405631,82.7903365129023,12.5));
#8347=CARTESIAN_POINT('',(-0.323641812800071,82.790336512903,14.9377639064631));
#8348=CARTESIAN_POINT('Ctrl Pts',(-1.7868592919131,82.7903365129023,13.9791004480534));
#8349=CARTESIAN_POINT('Ctrl Pts',(-1.64713229166124,82.7903365129023,14.1702106795579));
#8350=CARTESIAN_POINT('Ctrl Pts',(-1.26126184909942,82.7903365129023,14.5642338442801));
#8351=CARTESIAN_POINT('Ctrl Pts',(-0.723934541472189,82.7903365129023,14.8467364554876));
#8352=CARTESIAN_POINT('Ctrl Pts',(-0.323641812800067,82.7903365129023,14.9377639064631));
#8353=CARTESIAN_POINT('',(-0.323641812800068,73.4582297459994,14.9377639064631));
#8354=CARTESIAN_POINT('Origin',(0.230711085943705,40.3332297317158,0.));
#8355=CARTESIAN_POINT('',(0.230711085943702,37.8332297317158,12.5));
#8356=CARTESIAN_POINT('',(0.230711085943704,37.8332297317158,0.));
#8357=CARTESIAN_POINT('Origin',(0.230711085943705,40.3332297317158,12.5));
#8358=CARTESIAN_POINT('Origin',(0.230711085943705,40.3332297317158,12.5));
#8359=CARTESIAN_POINT('Origin',(0.230711085943702,40.3332297317158,12.5));
#8360=CARTESIAN_POINT('Origin',(85.7307110859437,40.3332297317158,12.5));
#8361=CARTESIAN_POINT('',(85.7307110859437,37.8332297317158,12.5));
#8362=CARTESIAN_POINT('Origin',(85.7307110859437,40.3332297317158,12.5));
#8363=CARTESIAN_POINT('Origin',(85.7307110859437,40.3332297317158,12.5));
#8364=CARTESIAN_POINT('Origin',(0.230711085943689,89.8332297317158,12.5));
#8365=CARTESIAN_POINT('Origin',(0.230711085943689,89.8332297317158,12.5));
#8366=CARTESIAN_POINT('Origin',(85.7307110859437,89.8332297317158,12.5));
#8367=CARTESIAN_POINT('Origin',(85.7307110859437,89.8332297317158,12.5));
#8368=CARTESIAN_POINT('Origin',(85.7307110859437,89.8332297317158,12.5));
#8369=CARTESIAN_POINT('Origin',(44.7807110859437,37.8332297317158,10.2281176811838));
#8370=CARTESIAN_POINT('',(44.7807110859437,37.8332297317158,9.97811768118381));
#8371=CARTESIAN_POINT('',(44.7807110859437,37.8332297317158,7.47811768118381));
#8372=CARTESIAN_POINT('Origin',(44.5307110859437,37.8332297317158,7.47811768118381));
#8373=CARTESIAN_POINT('',(44.5307110859437,37.8332297317158,7.22811768118381));
#8374=CARTESIAN_POINT('Origin',(44.7807110859437,37.8332297317158,7.22811768118381));
#8375=CARTESIAN_POINT('',(31.7307110859437,37.8332297317158,7.22811768118381));
#8376=CARTESIAN_POINT('Origin',(31.7307110859437,37.8332297317158,7.47811768118381));
#8377=CARTESIAN_POINT('',(31.4807110859437,37.8332297317158,7.47811768118381));
#8378=CARTESIAN_POINT('Origin',(31.4807110859437,37.8332297317158,7.22811768118381));
#8379=CARTESIAN_POINT('',(31.4807110859437,37.8332297317158,9.97811768118381));
#8380=CARTESIAN_POINT('Origin',(31.7307110859437,37.8332297317158,9.97811768118381));
#8381=CARTESIAN_POINT('',(31.7307110859437,37.8332297317158,10.2281176811838));
#8382=CARTESIAN_POINT('Origin',(31.4807110859437,37.8332297317158,10.2281176811838));
#8383=CARTESIAN_POINT('',(44.5307110859437,37.8332297317158,10.2281176811838));
#8384=CARTESIAN_POINT('Origin',(44.5307110859437,37.8332297317158,9.97811768118381));
#8385=CARTESIAN_POINT('Origin',(46.2807110859437,37.8332297317158,11.7281176811838));
#8386=CARTESIAN_POINT('',(46.2807110859437,38.717113208199,11.7281176811838));
#8387=CARTESIAN_POINT('',(46.2807110859437,38.717113208199,5.72811768118381));
#8388=CARTESIAN_POINT('Ctrl Pts',(46.2807110859437,38.717113208199,11.7281212651448));
#8389=CARTESIAN_POINT('Ctrl Pts',(46.2807110859437,38.717113208199,9.72810457440964));
#8390=CARTESIAN_POINT('Ctrl Pts',(46.2807110859437,38.717113208199,7.72813130892904));
#8391=CARTESIAN_POINT('Ctrl Pts',(46.2807110859437,38.717113208199,5.72811427423615));
#8392=CARTESIAN_POINT('',(46.2807110859437,37.8332297317158,11.7281176811838));
#8393=CARTESIAN_POINT('',(46.2807110859437,37.8332297317158,5.72811768118381));
#8394=CARTESIAN_POINT('Origin',(46.2807110859437,37.8332297317158,5.72811768118381));
#8395=CARTESIAN_POINT('',(29.9807110859437,38.717113208199,5.72811768118381));
#8396=CARTESIAN_POINT('Ctrl Pts',(46.2807110859437,38.717113208199,5.72811768118381));
#8397=CARTESIAN_POINT('Ctrl Pts',(40.8470231554831,38.717113208199,5.72811768118381));
#8398=CARTESIAN_POINT('Ctrl Pts',(35.4143990162831,38.717113208199,5.72811768118381));
#8399=CARTESIAN_POINT('Ctrl Pts',(29.9807110859437,38.717113208199,5.72811768118381));
#8400=CARTESIAN_POINT('',(29.9807110859437,37.8332297317158,5.72811768118381));
#8401=CARTESIAN_POINT('Origin',(29.9807110859437,37.8332297317158,5.72811768118381));
#8402=CARTESIAN_POINT('',(29.9807110859437,38.717113208199,11.7281176811838));
#8403=CARTESIAN_POINT('Ctrl Pts',(29.9807110859437,38.7171132081989,5.7281142742315));
#8404=CARTESIAN_POINT('Ctrl Pts',(29.9807110859437,38.7171132081989,7.72813130893037));
#8405=CARTESIAN_POINT('Ctrl Pts',(29.9807110859437,38.717113208199,9.72810457436146));
#8406=CARTESIAN_POINT('Ctrl Pts',(29.9807110859437,38.717113208199,11.7281212651532));
#8407=CARTESIAN_POINT('',(29.9807110859437,37.8332297317158,11.7281176811838));
#8408=CARTESIAN_POINT('Ctrl Pts',(47.1645945624269,37.8332297317158,12.6356671140799));
#8409=CARTESIAN_POINT('Ctrl Pts',(47.1645945624269,37.8332297317158,10.0384909887163));
#8410=CARTESIAN_POINT('Ctrl Pts',(47.1645945624269,37.8332297317158,7.44141033013103));
#8411=CARTESIAN_POINT('Ctrl Pts',(47.1645945624269,37.8332297317158,4.84423420470032));
#8412=CARTESIAN_POINT('Ctrl Pts',(47.0455469433793,37.8332297317158,12.6356671140799));
#8413=CARTESIAN_POINT('Ctrl Pts',(47.0455469433793,37.8332297317158,10.0384909887163));
#8414=CARTESIAN_POINT('Ctrl Pts',(47.0455469433793,37.8332297317158,7.44141033013104));
#8415=CARTESIAN_POINT('Ctrl Pts',(47.0455469433793,37.8332297317158,4.84423420470032));
#8416=CARTESIAN_POINT('Ctrl Pts',(46.7860764082687,37.8820008082693,12.6356671140799));
#8417=CARTESIAN_POINT('Ctrl Pts',(46.7860764082687,37.8820008082693,10.0384909887163));
#8418=CARTESIAN_POINT('Ctrl Pts',(46.7860764082687,37.8820008082693,7.44141033013103));
#8419=CARTESIAN_POINT('Ctrl Pts',(46.7860764082687,37.8820008082693,4.84423420470032));
#8420=CARTESIAN_POINT('Ctrl Pts',(46.3837000399319,38.195318910508,12.6356671140799));
#8421=CARTESIAN_POINT('Ctrl Pts',(46.3837000399319,38.195318910508,10.0384909887163));
#8422=CARTESIAN_POINT('Ctrl Pts',(46.3837000399319,38.195318910508,7.44141033013103));
#8423=CARTESIAN_POINT('Ctrl Pts',(46.3837000399319,38.195318910508,4.84423420470032));
#8424=CARTESIAN_POINT('Ctrl Pts',(46.2807110859437,38.5385417796275,12.6356671140799));
#8425=CARTESIAN_POINT('Ctrl Pts',(46.2807110859437,38.5385417796275,10.0384909887163));
#8426=CARTESIAN_POINT('Ctrl Pts',(46.2807110859437,38.5385417796275,7.44141033013103));
#8427=CARTESIAN_POINT('Ctrl Pts',(46.2807110859437,38.5385417796275,4.84423420470032));
#8428=CARTESIAN_POINT('Ctrl Pts',(46.2807110859437,38.717113208199,12.6356671140799));
#8429=CARTESIAN_POINT('Ctrl Pts',(46.2807110859437,38.717113208199,10.0384909887163));
#8430=CARTESIAN_POINT('Ctrl Pts',(46.2807110859437,38.717113208199,7.44141033013103));
#8431=CARTESIAN_POINT('Ctrl Pts',(46.2807110859437,38.717113208199,4.84423420470032));
#8432=CARTESIAN_POINT('',(47.1645945624269,37.8332297317158,4.84423420470032));
#8433=CARTESIAN_POINT('',(47.1645945624269,37.8332297317158,11.7281176811838));
#8434=CARTESIAN_POINT('Ctrl Pts',(47.1645945624269,37.8332297317158,4.84423420470032));
#8435=CARTESIAN_POINT('Ctrl Pts',(47.1645945624269,37.8332297317158,7.13889385249119));
#8436=CARTESIAN_POINT('Ctrl Pts',(47.1645945624269,37.8332297317158,9.43347897796917));
#8437=CARTESIAN_POINT('Ctrl Pts',(47.1645945624269,37.8332297317158,11.7281212651448));
#8438=CARTESIAN_POINT('',(47.1645945624364,37.8332297317158,12.5));
#8439=CARTESIAN_POINT('Ctrl Pts',(47.1645945624269,37.8332297317158,12.5));
#8440=CARTESIAN_POINT('Ctrl Pts',(47.1645945624269,37.8332297317158,12.2427050512938));
#8441=CARTESIAN_POINT('Ctrl Pts',(47.1645945624269,37.8332297317158,11.985411006902));
#8442=CARTESIAN_POINT('Ctrl Pts',(47.1645945624269,37.8332297317158,11.7281176811838));
#8443=CARTESIAN_POINT('',(47.0839808070757,37.836913559001,12.6356671140799));
#8444=CARTESIAN_POINT('Ctrl Pts',(47.1645945624269,37.8332297317158,12.5000000858236));
#8445=CARTESIAN_POINT('Ctrl Pts',(47.1632107191959,37.8332297317158,12.5023274205208));
#8446=CARTESIAN_POINT('Ctrl Pts',(47.1618267769955,37.8332330267712,12.5046547569655));
#8447=CARTESIAN_POINT('Ctrl Pts',(47.1604427570777,37.8332396106052,12.5069820883564));
#8448=CARTESIAN_POINT('Ctrl Pts',(47.1349588014211,37.8333608387257,12.5498352360612));
#8449=CARTESIAN_POINT('Ctrl Pts',(47.1094159649564,37.834595671989,12.5927461873146));
#8450=CARTESIAN_POINT('Ctrl Pts',(47.0839308242284,37.8369242909184,12.6356671140798));
#8451=CARTESIAN_POINT('',(46.2809519535821,38.6964797442654,11.7281176811838));
#8452=CARTESIAN_POINT('Ctrl Pts',(47.0839808070756,37.836913559001,12.6356671140799));
#8453=CARTESIAN_POINT('Ctrl Pts',(47.0915927616943,37.836216412339,12.6228394034072));
#8454=CARTESIAN_POINT('Ctrl Pts',(47.0961145396827,37.8358842616995,12.6117562942786));
#8455=CARTESIAN_POINT('Ctrl Pts',(47.0988845921486,37.8356752825048,12.5972476099159));
#8456=CARTESIAN_POINT('Ctrl Pts',(47.0992955497372,37.8356450925296,12.5931310758201));
#8457=CARTESIAN_POINT('Ctrl Pts',(47.0992955497345,37.8356450925298,12.5887823452047));
#8458=CARTESIAN_POINT('Ctrl Pts',(47.0992948700513,37.8356451428798,12.5886123622397));
#8459=CARTESIAN_POINT('Ctrl Pts',(47.0992921511381,37.8356453443027,12.5882723468266));
#8460=CARTESIAN_POINT('Ctrl Pts',(47.0992901115754,37.8356454954003,12.5881023237826));
#8461=CARTESIAN_POINT('Ctrl Pts',(47.0992819509114,37.8356461000169,12.5875920676267));
#8462=CARTESIAN_POINT('Ctrl Pts',(47.0992737887363,37.8356467047835,12.5872519096031));
#8463=CARTESIAN_POINT('Ctrl Pts',(47.0992411195006,37.8356491261314,12.5862304236323));
#8464=CARTESIAN_POINT('Ctrl Pts',(47.0992084439887,37.8356515485587,12.5855496916391));
#8465=CARTESIAN_POINT('Ctrl Pts',(47.0990775636224,37.8356612636495,12.5835014313547));
#8466=CARTESIAN_POINT('Ctrl Pts',(47.098946722344,37.8356709859567,12.5821385077227));
#8467=CARTESIAN_POINT('Ctrl Pts',(47.0984220493004,37.8357101659162,12.578012268115));
#8468=CARTESIAN_POINT('Ctrl Pts',(47.0978988896725,37.8357494107971,12.5752807503717));
#8469=CARTESIAN_POINT('Ctrl Pts',(47.0958123225279,37.8359089117112,12.566898278202));
#8470=CARTESIAN_POINT('Ctrl Pts',(47.0937469410481,37.8360703135956,12.5613834167589));
#8471=CARTESIAN_POINT('Ctrl Pts',(47.0864956576497,37.8366735887404,12.5455954249375));
#8472=CARTESIAN_POINT('Ctrl Pts',(47.0796444800375,37.8372791988472,12.5346226593147));
#8473=CARTESIAN_POINT('Ctrl Pts',(47.0565855355594,37.8397329330072,12.5027947167021));
#8474=CARTESIAN_POINT('Ctrl Pts',(47.0369355269947,37.8421952822884,12.4800173726006));
#8475=CARTESIAN_POINT('Ctrl Pts',(46.9795621728358,37.8520959976566,12.4170824437859));
#8476=CARTESIAN_POINT('Ctrl Pts',(46.9346129457894,37.8619266693019,12.3707238662658));
#8477=CARTESIAN_POINT('Ctrl Pts',(46.7933160259482,37.9094498431207,12.2273185834367));
#8478=CARTESIAN_POINT('Ctrl Pts',(46.7043558452944,37.9554903889948,12.1389680325901));
#8479=CARTESIAN_POINT('Ctrl Pts',(46.5320495598811,38.0891452930435,11.9682802216973));
#8480=CARTESIAN_POINT('Ctrl Pts',(46.4562405229573,38.1762143464596,11.8937781932234));
#8481=CARTESIAN_POINT('Ctrl Pts',(46.3622197014072,38.3391242161471,11.8023840544478));
#8482=CARTESIAN_POINT('Ctrl Pts',(46.3320035128879,38.4099252990555,11.7733620457689));
#8483=CARTESIAN_POINT('Ctrl Pts',(46.2930490361475,38.5541833689022,11.7371124143451));
#8484=CARTESIAN_POINT('Ctrl Pts',(46.2826304911488,38.624595192099,11.7281176811838));
#8485=CARTESIAN_POINT('Ctrl Pts',(46.2809519535821,38.6964797442654,11.7281176811838));
#8486=CARTESIAN_POINT('Ctrl Pts',(46.2807110859437,38.717113208199,11.7281212651448));
#8487=CARTESIAN_POINT('Ctrl Pts',(46.2807110859437,38.7102675509749,11.7281212651448));
#8488=CARTESIAN_POINT('Ctrl Pts',(46.2808018989913,38.7033816814577,11.7281212651448));
#8489=CARTESIAN_POINT('Ctrl Pts',(46.2809837841792,38.6964595633821,11.7281212651448));
#8490=CARTESIAN_POINT('Ctrl Pts',(47.1645945624269,37.8332297317158,4.84423420470032));
#8491=CARTESIAN_POINT('Ctrl Pts',(47.1631922298286,37.8332297317158,4.84563653729861));
#8492=CARTESIAN_POINT('Ctrl Pts',(47.1617898952435,37.8332330690393,4.84703887188559));
#8493=CARTESIAN_POINT('Ctrl Pts',(47.0754349736367,37.8336440944463,4.93339379346866));
#8494=CARTESIAN_POINT('Ctrl Pts',(46.990063896915,37.8462984128662,5.01876487021245));
#8495=CARTESIAN_POINT('Ctrl Pts',(46.8214272304612,37.8976628464476,5.1874015366663));
#8496=CARTESIAN_POINT('Ctrl Pts',(46.7372544055269,37.9375155445488,5.27157436160063));
#8497=CARTESIAN_POINT('Ctrl Pts',(46.575623529483,38.0502856807379,5.4332052376446));
#8498=CARTESIAN_POINT('Ctrl Pts',(46.4976678086587,38.1259805438532,5.51116095846116));
#8499=CARTESIAN_POINT('Ctrl Pts',(46.3850986470288,38.2915726903898,5.62373012009214));
#8500=CARTESIAN_POINT('Ctrl Pts',(46.3447616553656,38.3733940019807,5.66406711176195));
#8501=CARTESIAN_POINT('Ctrl Pts',(46.2936084603411,38.5448356734268,5.71522030678648));
#8502=CARTESIAN_POINT('Ctrl Pts',(46.2807110859437,38.6298853533949,5.72811768118381));
#8503=CARTESIAN_POINT('Ctrl Pts',(46.2807110859437,38.717113208199,5.72811768118381));
#8504=CARTESIAN_POINT('Ctrl Pts',(47.1645945624269,37.8332297317158,4.84423420470063));
#8505=CARTESIAN_POINT('Ctrl Pts',(41.1415226570817,37.8332297317158,4.84423420470063));
#8506=CARTESIAN_POINT('Ctrl Pts',(35.1198995146568,37.8332297317158,4.84423420470063));
#8507=CARTESIAN_POINT('Ctrl Pts',(29.0968276094605,37.8332297317158,4.84423420470063));
#8508=CARTESIAN_POINT('Ctrl Pts',(47.1645945624269,37.8332297317158,4.96328182374825));
#8509=CARTESIAN_POINT('Ctrl Pts',(41.1415226570817,37.8332297317158,4.96328182374825));
#8510=CARTESIAN_POINT('Ctrl Pts',(35.1198995146568,37.8332297317158,4.96328182374825));
#8511=CARTESIAN_POINT('Ctrl Pts',(29.0968276094605,37.8332297317158,4.96328182374825));
#8512=CARTESIAN_POINT('Ctrl Pts',(47.1645945624269,37.8820049642285,5.2227579703779));
#8513=CARTESIAN_POINT('Ctrl Pts',(41.1415226570817,37.8820049642285,5.2227579703779));
#8514=CARTESIAN_POINT('Ctrl Pts',(35.1198995146568,37.8820049642285,5.2227579703779));
#8515=CARTESIAN_POINT('Ctrl Pts',(29.0968276094605,37.8820049642285,5.2227579703779));
#8516=CARTESIAN_POINT('Ctrl Pts',(47.164594562427,38.1953280914192,5.62514315659085));
#8517=CARTESIAN_POINT('Ctrl Pts',(41.1415226570817,38.1953280914192,5.62514315659085));
#8518=CARTESIAN_POINT('Ctrl Pts',(35.1198995146569,38.1953280914192,5.62514315659085));
#8519=CARTESIAN_POINT('Ctrl Pts',(29.0968276094605,38.1953280914192,5.62514315659085));
#8520=CARTESIAN_POINT('Ctrl Pts',(47.1645945624269,38.5385417796275,5.72811768118381));
#8521=CARTESIAN_POINT('Ctrl Pts',(41.1415226570817,38.5385417796275,5.72811768118381));
#8522=CARTESIAN_POINT('Ctrl Pts',(35.1198995146568,38.5385417796275,5.72811768118381));
#8523=CARTESIAN_POINT('Ctrl Pts',(29.0968276094605,38.5385417796275,5.72811768118381));
#8524=CARTESIAN_POINT('Ctrl Pts',(47.1645945624269,38.717113208199,5.72811768118381));
#8525=CARTESIAN_POINT('Ctrl Pts',(41.1415226570817,38.717113208199,5.72811768118381));
#8526=CARTESIAN_POINT('Ctrl Pts',(35.1198995146568,38.717113208199,5.72811768118381));
#8527=CARTESIAN_POINT('Ctrl Pts',(29.0968276094605,38.717113208199,5.72811768118381));
#8528=CARTESIAN_POINT('',(29.0968276094605,37.8332297317158,4.84423420470063));
#8529=CARTESIAN_POINT('Ctrl Pts',(29.0968276094605,37.8332297317158,4.84423420470032));
#8530=CARTESIAN_POINT('Ctrl Pts',(29.0982228800178,37.8332297317158,4.84562947525755));
#8531=CARTESIAN_POINT('Ctrl Pts',(29.0996181525307,37.8332330355109,4.84702474777224));
#8532=CARTESIAN_POINT('Ctrl Pts',(29.1860608197278,37.8336424065255,4.93346741494651));
#8533=CARTESIAN_POINT('Ctrl Pts',(29.2715282921612,37.8463224837658,5.01893488740127));
#8534=CARTESIAN_POINT('Ctrl Pts',(29.4403606539552,37.8978029203098,5.18776724919529));
#8535=CARTESIAN_POINT('Ctrl Pts',(29.5246355087966,37.9377544709691,5.27204210403666));
#8536=CARTESIAN_POINT('Ctrl Pts',(29.6861923010576,38.0506534748345,5.43359889629769));
#8537=CARTESIAN_POINT('Ctrl Pts',(29.7639999580673,38.1262882789738,5.51140655331203));
#8538=CARTESIAN_POINT('Ctrl Pts',(29.8764029073276,38.2917301501481,5.62380950257165));
#8539=CARTESIAN_POINT('Ctrl Pts',(29.9166958516657,38.3734983365661,5.66410244690577));
#8540=CARTESIAN_POINT('Ctrl Pts',(29.9678176247192,38.5448612578562,5.71522421995928));
#8541=CARTESIAN_POINT('Ctrl Pts',(29.9807110859437,38.6298986151215,5.72811768118381));
#8542=CARTESIAN_POINT('Ctrl Pts',(29.9807110859437,38.717113208199,5.72811768118381));
#8543=CARTESIAN_POINT('Ctrl Pts',(29.0968276094605,37.8332297317158,4.84423420470063));
#8544=CARTESIAN_POINT('Ctrl Pts',(35.1198995146568,37.8332297317158,4.84423420470063));
#8545=CARTESIAN_POINT('Ctrl Pts',(41.1415226570817,37.8332297317158,4.84423420470063));
#8546=CARTESIAN_POINT('Ctrl Pts',(47.1645945624269,37.8332297317158,4.84423420470063));
#8547=CARTESIAN_POINT('Ctrl Pts',(29.0968276094605,37.8332297317158,4.84423420470032));
#8548=CARTESIAN_POINT('Ctrl Pts',(29.0968276094605,37.8332297317158,7.44141033014679));
#8549=CARTESIAN_POINT('Ctrl Pts',(29.0968276094605,37.8332297317158,10.0384909886141));
#8550=CARTESIAN_POINT('Ctrl Pts',(29.0968276094605,37.8332297317158,12.6356671140799));
#8551=CARTESIAN_POINT('Ctrl Pts',(29.2158752285082,37.8332297317158,4.84423420470032));
#8552=CARTESIAN_POINT('Ctrl Pts',(29.2158752285082,37.8332297317158,7.4414103301468));
#8553=CARTESIAN_POINT('Ctrl Pts',(29.2158752285082,37.8332297317158,10.0384909886141));
#8554=CARTESIAN_POINT('Ctrl Pts',(29.2158752285082,37.8332297317158,12.6356671140799));
#8555=CARTESIAN_POINT('Ctrl Pts',(29.4753623979014,37.8820131553074,4.84423420470032));
#8556=CARTESIAN_POINT('Ctrl Pts',(29.4753623979014,37.8820131553074,7.44141033014679));
#8557=CARTESIAN_POINT('Ctrl Pts',(29.4753623979014,37.8820131553074,10.0384909886141));
#8558=CARTESIAN_POINT('Ctrl Pts',(29.4753623979014,37.8820131553074,12.6356671140799));
#8559=CARTESIAN_POINT('Ctrl Pts',(29.8777653440419,38.1953463904207,4.84423420470032));
#8560=CARTESIAN_POINT('Ctrl Pts',(29.8777653440419,38.1953463904207,7.44141033014679));
#8561=CARTESIAN_POINT('Ctrl Pts',(29.8777653440419,38.1953463904207,10.0384909886141));
#8562=CARTESIAN_POINT('Ctrl Pts',(29.8777653440419,38.1953463904207,12.6356671140799));
#8563=CARTESIAN_POINT('Ctrl Pts',(29.9807110859437,38.5385417796275,4.84423420470032));
#8564=CARTESIAN_POINT('Ctrl Pts',(29.9807110859437,38.5385417796275,7.44141033014679));
#8565=CARTESIAN_POINT('Ctrl Pts',(29.9807110859437,38.5385417796275,10.0384909886141));
#8566=CARTESIAN_POINT('Ctrl Pts',(29.9807110859437,38.5385417796275,12.6356671140799));
#8567=CARTESIAN_POINT('Ctrl Pts',(29.9807110859437,38.717113208199,4.84423420470032));
#8568=CARTESIAN_POINT('Ctrl Pts',(29.9807110859437,38.717113208199,7.44141033014679));
#8569=CARTESIAN_POINT('Ctrl Pts',(29.9807110859437,38.717113208199,10.0384909886141));
#8570=CARTESIAN_POINT('Ctrl Pts',(29.9807110859437,38.717113208199,12.6356671140799));
#8571=CARTESIAN_POINT('',(29.9804702183054,38.6964797442654,11.7281176811838));
#8572=CARTESIAN_POINT('Ctrl Pts',(29.980438499296,38.6964596343699,11.7281212651532));
#8573=CARTESIAN_POINT('Ctrl Pts',(29.9806203109995,38.7033817056889,11.7281212651532));
#8574=CARTESIAN_POINT('Ctrl Pts',(29.9807110859437,38.710267550975,11.7281212651532));
#8575=CARTESIAN_POINT('Ctrl Pts',(29.9807110859437,38.717113208199,11.7281212651532));
#8576=CARTESIAN_POINT('',(29.1774413648117,37.836913559001,12.6356671140799));
#8577=CARTESIAN_POINT('Ctrl Pts',(29.9804702183054,38.6964797442655,11.7281176811838));
#8578=CARTESIAN_POINT('Ctrl Pts',(29.9784486617642,38.6099051632007,11.7281176811838));
#8579=CARTESIAN_POINT('Ctrl Pts',(29.9637629291129,38.525780168978,11.7411540852374));
#8580=CARTESIAN_POINT('Ctrl Pts',(29.9091913136037,38.3560954222687,11.7926478881841));
#8581=CARTESIAN_POINT('Ctrl Pts',(29.8671301058615,38.2751678126984,11.8334015596476));
#8582=CARTESIAN_POINT('Ctrl Pts',(29.7509665403046,38.1117988119055,11.9470416042178));
#8583=CARTESIAN_POINT('Ctrl Pts',(29.6711380241231,38.0375949162279,12.0257991421068));
#8584=CARTESIAN_POINT('Ctrl Pts',(29.5035249556287,37.9260440600976,12.1923182156587));
#8585=CARTESIAN_POINT('Ctrl Pts',(29.4138219287106,37.8870216836094,12.2814162987084));
#8586=CARTESIAN_POINT('Ctrl Pts',(29.2847782891466,37.8523952970819,12.4143825177864));
#8587=CARTESIAN_POINT('Ctrl Pts',(29.2495060434229,37.8460995287082,12.4516453124608));
#8588=CARTESIAN_POINT('Ctrl Pts',(29.2050309784432,37.8396931424016,12.503026927916));
#8589=CARTESIAN_POINT('Ctrl Pts',(29.1887490726896,37.8379537292374,12.523337018801));
#8590=CARTESIAN_POINT('Ctrl Pts',(29.1700139545457,37.8362302078852,12.5546481769941));
#8591=CARTESIAN_POINT('Ctrl Pts',(29.1653946417577,37.8358909139276,12.5658534617726));
#8592=CARTESIAN_POINT('Ctrl Pts',(29.1625509120726,37.8356762545418,12.5805255164552));
#8593=CARTESIAN_POINT('Ctrl Pts',(29.1621266221455,37.8356450925292,12.5847064159484));
#8594=CARTESIAN_POINT('Ctrl Pts',(29.1621266221531,37.8356450925298,12.5891222806182));
#8595=CARTESIAN_POINT('Ctrl Pts',(29.1621273015163,37.8356451428561,12.5892922234996));
#8596=CARTESIAN_POINT('Ctrl Pts',(29.1621300185054,37.8356453441365,12.5896320784305));
#8597=CARTESIAN_POINT('Ctrl Pts',(29.1621320558235,37.8356454950678,12.589801981166));
#8598=CARTESIAN_POINT('Ctrl Pts',(29.162140203019,37.8356460986865,12.5903116355349));
#8599=CARTESIAN_POINT('Ctrl Pts',(29.1621483472377,37.8356467021225,12.5906513123428));
#8600=CARTESIAN_POINT('Ctrl Pts',(29.162180908676,37.8356491154785,12.5916703881322));
#8601=CARTESIAN_POINT('Ctrl Pts',(29.1622134405557,37.8356515272539,12.5923491957491));
#8602=CARTESIAN_POINT('Ctrl Pts',(29.1623434573947,37.8356611781733,12.5943877712328));
#8603=CARTESIAN_POINT('Ctrl Pts',(29.1624731503608,37.8356708150378,12.5957430043588));
#8604=CARTESIAN_POINT('Ctrl Pts',(29.1629908975312,37.8357094754987,12.5998299350122));
#8605=CARTESIAN_POINT('Ctrl Pts',(29.1635049038727,37.8357480295141,12.6025307298146));
#8606=CARTESIAN_POINT('Ctrl Pts',(29.1655368879336,37.8359032871439,12.6107520575642));
#8607=CARTESIAN_POINT('Ctrl Pts',(29.1675307474514,37.8360589269715,12.6161417489252));
#8608=CARTESIAN_POINT('Ctrl Pts',(29.1721104916066,37.8364387649711,12.6262336651976));
#8609=CARTESIAN_POINT('Ctrl Pts',(29.1746991629381,37.8366624123536,12.6310459393614));
#8610=CARTESIAN_POINT('Ctrl Pts',(29.1774413648118,37.836913559001,12.6356671140798));
#8611=CARTESIAN_POINT('',(29.0968276094511,37.8332297317158,12.5));
#8612=CARTESIAN_POINT('Ctrl Pts',(29.1774924822911,37.836925125935,12.6356671140799));
#8613=CARTESIAN_POINT('Ctrl Pts',(29.1520066645416,37.8345960111852,12.5927461873117));
#8614=CARTESIAN_POINT('Ctrl Pts',(29.1264634148366,37.8333608716387,12.5498352360567));
#8615=CARTESIAN_POINT('Ctrl Pts',(29.100979418162,37.8332396130918,12.5069820883597));
#8616=CARTESIAN_POINT('Ctrl Pts',(29.0995953960164,37.8332330276054,12.5046547569689));
#8617=CARTESIAN_POINT('Ctrl Pts',(29.0982114526916,37.8332297317158,12.5023274205211));
#8618=CARTESIAN_POINT('Ctrl Pts',(29.0968276094606,37.8332297317158,12.5000000858238));
#8619=CARTESIAN_POINT('',(29.0968276094605,37.8332297317158,11.7281176811838));
#8620=CARTESIAN_POINT('Ctrl Pts',(29.0968276094606,37.8332297317158,11.7281176811838));
#8621=CARTESIAN_POINT('Ctrl Pts',(29.0968276094605,37.8332297317158,11.9854110069002));
#8622=CARTESIAN_POINT('Ctrl Pts',(29.0968276094605,37.8332297317158,12.2427050512918));
#8623=CARTESIAN_POINT('Ctrl Pts',(29.0968276094605,37.8332297317158,12.5));
#8624=CARTESIAN_POINT('Ctrl Pts',(29.0968276094605,37.8332297317158,11.7281212651532));
#8625=CARTESIAN_POINT('Ctrl Pts',(29.0968276094605,37.8332297317158,9.43347897791645));
#8626=CARTESIAN_POINT('Ctrl Pts',(29.0968276094605,37.8332297317158,7.13889385251702));
#8627=CARTESIAN_POINT('Ctrl Pts',(29.0968276094605,37.8332297317158,4.84423420470032));
#8628=CARTESIAN_POINT('Origin',(29.9807110859437,37.8332297317158,11.7281176811838));
#8629=CARTESIAN_POINT('Ctrl Pts',(29.9804702183054,38.6964797442654,11.7281176811838));
#8630=CARTESIAN_POINT('Ctrl Pts',(35.4139641300643,38.6964797442654,11.7281176811838));
#8631=CARTESIAN_POINT('Ctrl Pts',(40.8474580418232,38.6964797442654,11.7281176811838));
#8632=CARTESIAN_POINT('Ctrl Pts',(46.2809519535821,38.6964797442654,11.7281176811838));
#8633=CARTESIAN_POINT('Ctrl Pts',(29.1621266221455,37.836913559001,12.6356671140799));
#8634=CARTESIAN_POINT('Ctrl Pts',(35.1411829313427,37.836913559001,12.6356671140799));
#8635=CARTESIAN_POINT('Ctrl Pts',(41.1202392405399,37.836913559001,12.6356671140799));
#8636=CARTESIAN_POINT('Ctrl Pts',(47.0992955497372,37.836913559001,12.6356671140799));
#8637=CARTESIAN_POINT('Ctrl Pts',(29.1621266221455,37.8304532202353,12.5167949153792));
#8638=CARTESIAN_POINT('Ctrl Pts',(35.1411829313427,37.8304532202353,12.5167949153792));
#8639=CARTESIAN_POINT('Ctrl Pts',(41.1202392405399,37.8304532202353,12.5167949153792));
#8640=CARTESIAN_POINT('Ctrl Pts',(47.0992955497372,37.8304532202353,12.5167949153792));
#8641=CARTESIAN_POINT('Ctrl Pts',(29.1621266221455,37.8661080219031,12.2533575746255));
#8642=CARTESIAN_POINT('Ctrl Pts',(35.1411829313427,37.8661080219031,12.2533575746255));
#8643=CARTESIAN_POINT('Ctrl Pts',(41.1202392405399,37.8661080219031,12.2533575746255));
#8644=CARTESIAN_POINT('Ctrl Pts',(47.0992955497371,37.8661080219031,12.2533575746255));
#8645=CARTESIAN_POINT('Ctrl Pts',(29.1621266221455,38.1709084648565,11.8348809911597));
#8646=CARTESIAN_POINT('Ctrl Pts',(35.1411829313427,38.1709084648565,11.8348809911597));
#8647=CARTESIAN_POINT('Ctrl Pts',(41.1202392405399,38.1709084648565,11.8348809911597));
#8648=CARTESIAN_POINT('Ctrl Pts',(47.0992955497372,38.1709084648565,11.8348809911597));
#8649=CARTESIAN_POINT('Ctrl Pts',(29.1621266221455,38.517908315694,11.7281176811838));
#8650=CARTESIAN_POINT('Ctrl Pts',(35.1411829313427,38.517908315694,11.7281176811838));
#8651=CARTESIAN_POINT('Ctrl Pts',(41.12023924054,38.517908315694,11.7281176811838));
#8652=CARTESIAN_POINT('Ctrl Pts',(47.0992955497372,38.517908315694,11.7281176811838));
#8653=CARTESIAN_POINT('Ctrl Pts',(29.1621266221455,38.6964797442654,11.7281176811838));
#8654=CARTESIAN_POINT('Ctrl Pts',(35.1411829313427,38.6964797442654,11.7281176811838));
#8655=CARTESIAN_POINT('Ctrl Pts',(41.1202392405399,38.6964797442654,11.7281176811838));
#8656=CARTESIAN_POINT('Ctrl Pts',(47.0992955497372,38.6964797442654,11.7281176811838));
#8657=CARTESIAN_POINT('Ctrl Pts',(47.0839808070757,37.836913559001,12.6356671140799));
#8658=CARTESIAN_POINT('Ctrl Pts',(41.1151343263211,37.836913559001,12.6356671140799));
#8659=CARTESIAN_POINT('Ctrl Pts',(35.1462878455664,37.836913559001,12.6356671140799));
#8660=CARTESIAN_POINT('Ctrl Pts',(29.1774413648117,37.836913559001,12.6356671140799));
#8661=CARTESIAN_POINT('Origin',(-2.2692889140563,47.5832297888503,13.9781176811838));
#8662=CARTESIAN_POINT('',(-1.56218213286975,47.5832297888503,12.5));
#8663=CARTESIAN_POINT('',(-1.56218213286975,47.5832297888503,5.22811768118381));
#8664=CARTESIAN_POINT('Ctrl Pts',(-1.56218213286975,47.5832297888503,12.5));
#8665=CARTESIAN_POINT('Ctrl Pts',(-1.56218213286975,47.5832297888503,10.0754011133918));
#8666=CARTESIAN_POINT('Ctrl Pts',(-1.56218213286975,47.5832297888503,7.65201302664657));
#8667=CARTESIAN_POINT('Ctrl Pts',(-1.56218213286975,47.5832297888503,5.2281176811838));
#8668=CARTESIAN_POINT('Ctrl Pts',(-1.27072331920027,47.5832297888503,13.4816944463717));
#8669=CARTESIAN_POINT('Ctrl Pts',(-1.45989497512553,47.5832297888503,13.1905325653683));
#8670=CARTESIAN_POINT('Ctrl Pts',(-1.56218213286975,47.5832297888503,12.8464900118346));
#8671=CARTESIAN_POINT('Ctrl Pts',(-1.56218213286975,47.5832297888503,12.5));
#8672=CARTESIAN_POINT('',(-2.2692889140563,47.5832297888503,5.22811768118381));
#8673=CARTESIAN_POINT('Origin',(-2.2692889140563,47.5832297888503,5.22811768118381));
#8674=CARTESIAN_POINT('',(-1.56218213286976,82.0832297317158,5.22811768118381));
#8675=CARTESIAN_POINT('Ctrl Pts',(-1.56218213286975,47.5832297888503,5.22811768118381));
#8676=CARTESIAN_POINT('Ctrl Pts',(-1.56218213286976,59.0852811406384,5.22811768118381));
#8677=CARTESIAN_POINT('Ctrl Pts',(-1.56218213286976,70.5811783775985,5.22811768118381));
#8678=CARTESIAN_POINT('Ctrl Pts',(-1.56218213286976,82.0832297317157,5.22811768118381));
#8679=CARTESIAN_POINT('',(-2.26928891405631,82.0832297317158,5.22811768118381));
#8680=CARTESIAN_POINT('Origin',(-2.26928891405631,82.0832297317158,5.22811768118381));
#8681=CARTESIAN_POINT('',(-1.56218213286976,82.0832297317158,12.5));
#8682=CARTESIAN_POINT('Ctrl Pts',(-1.56218213286976,82.0832297317158,12.5));
#8683=CARTESIAN_POINT('Ctrl Pts',(-1.56218213286976,82.0832297317158,12.8288660849508));
#8684=CARTESIAN_POINT('Ctrl Pts',(-1.46372435446793,82.0832297317158,13.1758695585558));
#8685=CARTESIAN_POINT('Ctrl Pts',(-1.27952310193091,82.0832297317158,13.4682059086696));
#8686=CARTESIAN_POINT('Ctrl Pts',(-1.26993196023857,82.0832297317158,13.4829321126559));
#8687=CARTESIAN_POINT('Ctrl Pts',(-1.56218213286976,82.0832297317158,5.2281176811838));
#8688=CARTESIAN_POINT('Ctrl Pts',(-1.56218213286976,82.0832297317158,7.65201308378333));
#8689=CARTESIAN_POINT('Ctrl Pts',(-1.56218213286976,82.0832297317158,10.0754011145512));
#8690=CARTESIAN_POINT('Ctrl Pts',(-1.56218213286976,82.0832297317158,12.5));
#8691=CARTESIAN_POINT('Ctrl Pts',(-2.2692889140563,46.8761230076638,12.5));
#8692=CARTESIAN_POINT('Ctrl Pts',(-2.2692889140563,46.8761230076638,9.83963576430616));
#8693=CARTESIAN_POINT('Ctrl Pts',(-2.2692889140563,46.8761230076638,7.18072925079272));
#8694=CARTESIAN_POINT('Ctrl Pts',(-2.2692889140563,46.8761230076638,4.52101089999533));
#8695=CARTESIAN_POINT('Ctrl Pts',(-2.2692889140563,46.9713611029019,12.5));
#8696=CARTESIAN_POINT('Ctrl Pts',(-2.2692889140563,46.9713611029019,9.83963576430617));
#8697=CARTESIAN_POINT('Ctrl Pts',(-2.2692889140563,46.9713611029019,7.18072925079272));
#8698=CARTESIAN_POINT('Ctrl Pts',(-2.2692889140563,46.9713611029019,4.52101089999533));
#8699=CARTESIAN_POINT('Ctrl Pts',(-2.23013915086462,47.1792541344703,12.5));
#8700=CARTESIAN_POINT('Ctrl Pts',(-2.23013915086462,47.1792541344703,9.83963576430616));
#8701=CARTESIAN_POINT('Ctrl Pts',(-2.23013915086462,47.1792541344703,7.18072925079272));
#8702=CARTESIAN_POINT('Ctrl Pts',(-2.23013915086462,47.1792541344703,4.52101089999533));
#8703=CARTESIAN_POINT('Ctrl Pts',(-1.97955971157722,47.5009516997315,12.5));
#8704=CARTESIAN_POINT('Ctrl Pts',(-1.97955971157722,47.5009516997315,9.83963576430617));
#8705=CARTESIAN_POINT('Ctrl Pts',(-1.97955971157722,47.5009516997315,7.18072925079272));
#8706=CARTESIAN_POINT('Ctrl Pts',(-1.97955971157722,47.5009516997315,4.52101089999533));
#8707=CARTESIAN_POINT('Ctrl Pts',(-1.70503927572689,47.5832297888503,12.5));
#8708=CARTESIAN_POINT('Ctrl Pts',(-1.70503927572689,47.5832297888503,9.83963576430616));
#8709=CARTESIAN_POINT('Ctrl Pts',(-1.70503927572689,47.5832297888503,7.18072925079272));
#8710=CARTESIAN_POINT('Ctrl Pts',(-1.70503927572689,47.5832297888503,4.52101089999533));
#8711=CARTESIAN_POINT('Ctrl Pts',(-1.56218213286975,47.5832297888503,12.5));
#8712=CARTESIAN_POINT('Ctrl Pts',(-1.56218213286975,47.5832297888503,9.83963576430616));
#8713=CARTESIAN_POINT('Ctrl Pts',(-1.56218213286975,47.5832297888503,7.18072925079272));
#8714=CARTESIAN_POINT('Ctrl Pts',(-1.56218213286975,47.5832297888503,4.52101089999533));
#8715=CARTESIAN_POINT('Ctrl Pts',(-1.56218213286975,47.5832297888503,12.5));
#8716=CARTESIAN_POINT('Ctrl Pts',(-1.70503927572689,47.5832297888503,12.5));
#8717=CARTESIAN_POINT('Ctrl Pts',(-1.97955971157722,47.5009516997315,12.5));
#8718=CARTESIAN_POINT('Ctrl Pts',(-2.23013915086462,47.1792541344703,12.5));
#8719=CARTESIAN_POINT('Ctrl Pts',(-2.2692889140563,46.9713611029019,12.5));
#8720=CARTESIAN_POINT('Ctrl Pts',(-2.2692889140563,46.8761230076638,12.5));
#8721=CARTESIAN_POINT('Ctrl Pts',(-2.2692889140563,46.8761230076637,4.52101089999533));
#8722=CARTESIAN_POINT('Ctrl Pts',(-2.2692889140563,46.8773776823792,4.52226557471081));
#8723=CARTESIAN_POINT('Ctrl Pts',(-2.26928557465548,46.8786323593162,4.52352025164976));
#8724=CARTESIAN_POINT('Ctrl Pts',(-2.26891746053892,46.9477851466276,4.59267303896108));
#8725=CARTESIAN_POINT('Ctrl Pts',(-2.25877423147047,47.0160144087837,4.66090230111719));
#8726=CARTESIAN_POINT('Ctrl Pts',(-2.21768204668111,47.1507819087889,4.7956698011224));
#8727=CARTESIAN_POINT('Ctrl Pts',(-2.18582342262311,47.2180440417176,4.86293193405116));
#8728=CARTESIAN_POINT('Ctrl Pts',(-2.09565556985021,47.3472876102369,4.99217550257043));
#8729=CARTESIAN_POINT('Ctrl Pts',(-2.03509781089106,47.4096567909034,5.0545446832307));
#8730=CARTESIAN_POINT('Ctrl Pts',(-1.90261942280754,47.4997172814779,5.144605173806));
#8731=CARTESIAN_POINT('Ctrl Pts',(-1.83716072757507,47.5319882396033,5.17687613193682));
#8732=CARTESIAN_POINT('Ctrl Pts',(-1.70000495122075,47.5729117684093,5.21779966074278));
#8733=CARTESIAN_POINT('Ctrl Pts',(-1.63196482648921,47.5832297888503,5.22811768118381));
#8734=CARTESIAN_POINT('Ctrl Pts',(-1.56218213286975,47.5832297888503,5.22811768118381));
#8735=CARTESIAN_POINT('Ctrl Pts',(-0.323641812800045,46.8761230076638,14.9377639064631));
#8736=CARTESIAN_POINT('Ctrl Pts',(-0.723934537023922,46.8761230076638,14.8467364564992));
#8737=CARTESIAN_POINT('Ctrl Pts',(-1.1795621992217,46.8761230076638,14.6055662046802));
#8738=CARTESIAN_POINT('Ctrl Pts',(-1.98375945242912,46.8761230076638,13.8688749927646));
#8739=CARTESIAN_POINT('Ctrl Pts',(-2.2692889140563,46.8761230076638,13.1114253109527));
#8740=CARTESIAN_POINT('Ctrl Pts',(-2.2692889140563,46.8761230076638,12.5));
#8741=CARTESIAN_POINT('Ctrl Pts',(-0.323641812800045,46.9713611029019,14.9377639064631));
#8742=CARTESIAN_POINT('Ctrl Pts',(-0.723882969006663,46.9713611029019,14.8467481831802));
#8743=CARTESIAN_POINT('Ctrl Pts',(-1.17952579151622,46.9713611029019,14.6055190564726));
#8744=CARTESIAN_POINT('Ctrl Pts',(-1.98361365732055,46.9713611029018,13.8689305680347));
#8745=CARTESIAN_POINT('Ctrl Pts',(-2.2692889140563,46.9713611029019,13.111346543618));
#8746=CARTESIAN_POINT('Ctrl Pts',(-2.2692889140563,46.9713611029019,12.5));
#8747=CARTESIAN_POINT('Ctrl Pts',(-0.314960883094057,47.1792533226618,14.8995895645236));
#8748=CARTESIAN_POINT('Ctrl Pts',(-0.708947542360685,47.1792533226618,14.8099961276646));
#8749=CARTESIAN_POINT('Ctrl Pts',(-1.1574513390354,47.1792533226618,14.5725595121824));
#8750=CARTESIAN_POINT('Ctrl Pts',(-1.94897533864163,47.1792533226618,13.847479572494));
#8751=CARTESIAN_POINT('Ctrl Pts',(-2.23013998146453,47.1792533226618,13.1017931405583));
#8752=CARTESIAN_POINT('Ctrl Pts',(-2.23013998146453,47.1792533226618,12.5));
#8753=CARTESIAN_POINT('Ctrl Pts',(-0.259397316378996,47.5009489056791,14.6552490771567));
#8754=CARTESIAN_POINT('Ctrl Pts',(-0.613309904085855,47.5009489056791,14.5747685727169));
#8755=CARTESIAN_POINT('Ctrl Pts',(-1.0161314417617,47.5009489056791,14.3615593943015));
#8756=CARTESIAN_POINT('Ctrl Pts',(-1.72715108002177,47.5009489056791,13.7102237716396));
#8757=CARTESIAN_POINT('Ctrl Pts',(-1.97956148335901,47.5009489056791,13.0405821812233));
#8758=CARTESIAN_POINT('Ctrl Pts',(-1.97956148335901,47.5009489056791,12.5));
#8759=CARTESIAN_POINT('Ctrl Pts',(-0.198524443750839,47.5832297888503,14.3875609454414));
#8760=CARTESIAN_POINT('Ctrl Pts',(-0.508213716653571,47.5832297888503,14.3171369205027));
#8761=CARTESIAN_POINT('Ctrl Pts',(-0.861081965750772,47.5832297888503,14.1301048403945));
#8762=CARTESIAN_POINT('Ctrl Pts',(-1.48322592399554,47.5832297888503,13.560197551585));
#8763=CARTESIAN_POINT('Ctrl Pts',(-1.70503927572689,47.5832297888503,12.9730334790631));
#8764=CARTESIAN_POINT('Ctrl Pts',(-1.70503927572689,47.5832297888503,12.5));
#8765=CARTESIAN_POINT('Ctrl Pts',(-0.166847135251196,47.5832297888503,14.2482601507864));
#8766=CARTESIAN_POINT('Ctrl Pts',(-0.453919979571737,47.5832297888503,14.1829791516799));
#8767=CARTESIAN_POINT('Ctrl Pts',(-0.780676677915028,47.5832297888503,14.0100221480536));
#8768=CARTESIAN_POINT('Ctrl Pts',(-1.35741259866062,47.5832297888503,13.4816986767724));
#8769=CARTESIAN_POINT('Ctrl Pts',(-1.56218213286975,47.5832297888503,12.9384881175272));
#8770=CARTESIAN_POINT('Ctrl Pts',(-1.56218213286975,47.5832297888503,12.5));
#8771=CARTESIAN_POINT('Ctrl Pts',(-0.32364181280006,46.8761230076638,14.9377639064631));
#8772=CARTESIAN_POINT('Ctrl Pts',(-0.325880441088714,46.8773439716393,14.9372548374439));
#8773=CARTESIAN_POINT('Ctrl Pts',(-0.32811766539454,46.8785649347802,14.9367396014937));
#8774=CARTESIAN_POINT('Ctrl Pts',(-0.479012236560708,46.9609675106221,14.9015503326414));
#8775=CARTESIAN_POINT('Ctrl Pts',(-0.620862368101273,47.0418614528975,14.8397584086128));
#8776=CARTESIAN_POINT('Ctrl Pts',(-0.87869131232751,47.1991932658597,14.6647472478352));
#8777=CARTESIAN_POINT('Ctrl Pts',(-0.993137214632115,47.2750094535429,14.5511353094146));
#8778=CARTESIAN_POINT('Ctrl Pts',(-1.17110319860738,47.4087088759098,14.2865243872367));
#8779=CARTESIAN_POINT('Ctrl Pts',(-1.23537584612079,47.4666727500027,14.1380855816531));
#8780=CARTESIAN_POINT('Ctrl Pts',(-1.26928867511048,47.5101768984714,13.9781176537173));
#8781=CARTESIAN_POINT('Ctrl Pts',(-2.26928891405631,82.7903365129023,12.5));
#8782=CARTESIAN_POINT('Ctrl Pts',(-2.26928891405631,82.7903365129023,12.95856897876));
#8783=CARTESIAN_POINT('Ctrl Pts',(-2.05211246193256,82.7903365129023,13.7239831948373));
#8784=CARTESIAN_POINT('Ctrl Pts',(-1.32920538726899,82.7903365129023,14.5285121776626));
#8785=CARTESIAN_POINT('Ctrl Pts',(-0.723934541472189,82.7903365129023,14.8467364554876));
#8786=CARTESIAN_POINT('Ctrl Pts',(-0.323641812800067,82.7903365129023,14.9377639064631));
#8787=CARTESIAN_POINT('Ctrl Pts',(-2.26928891405631,82.6950984176642,12.5));
#8788=CARTESIAN_POINT('Ctrl Pts',(-2.26928891405631,82.6950984176642,12.9585099032596));
#8789=CARTESIAN_POINT('Ctrl Pts',(-2.05199442225393,82.6950984176642,13.7240106502643));
#8790=CARTESIAN_POINT('Ctrl Pts',(-1.32916884014153,82.6950984176642,14.5284499409432));
#8791=CARTESIAN_POINT('Ctrl Pts',(-0.723882973454357,82.6950984176642,14.8467481821688));
#8792=CARTESIAN_POINT('Ctrl Pts',(-0.323641812800067,82.6950984176642,14.9377639064631));
#8793=CARTESIAN_POINT('Ctrl Pts',(-2.230161581494,82.4872280125746,12.5));
#8794=CARTESIAN_POINT('Ctrl Pts',(-2.230161581494,82.4872280125746,12.9513448510344));
#8795=CARTESIAN_POINT('Ctrl Pts',(-2.0162900415203,82.4872280125746,13.7048486034663));
#8796=CARTESIAN_POINT('Ctrl Pts',(-1.3047621034278,82.4872280125746,14.4967144539348));
#8797=CARTESIAN_POINT('Ctrl Pts',(-0.708952336354453,82.4872280125746,14.8100171889779));
#8798=CARTESIAN_POINT('Ctrl Pts',(-0.314965672709656,82.4872280125746,14.8996106268325));
#8799=CARTESIAN_POINT('Ctrl Pts',(-1.97960544838496,82.1655795794937,12.5));
#8800=CARTESIAN_POINT('Ctrl Pts',(-1.97960544838496,82.1655795794937,12.9054366319791));
#8801=CARTESIAN_POINT('Ctrl Pts',(-1.78760114766606,82.1655795794937,13.5821544471728));
#8802=CARTESIAN_POINT('Ctrl Pts',(-1.14845480642248,82.1655795794937,14.2934653884758));
#8803=CARTESIAN_POINT('Ctrl Pts',(-0.613319656874552,82.1655795794937,14.5748114423639));
#8804=CARTESIAN_POINT('Ctrl Pts',(-0.259407065234846,82.1655795794937,14.655291947698));
#8805=CARTESIAN_POINT('Ctrl Pts',(-1.70503927572691,82.0832297317158,12.5));
#8806=CARTESIAN_POINT('Ctrl Pts',(-1.70503927572691,82.0832297317158,12.8547751058511));
#8807=CARTESIAN_POINT('Ctrl Pts',(-1.53629023169324,82.0832297317158,13.4478674296895));
#8808=CARTESIAN_POINT('Ctrl Pts',(-0.976950011872497,82.0832297317157,14.0703665702296));
#8809=CARTESIAN_POINT('Ctrl Pts',(-0.508213720095006,82.0832297317158,14.3171369197201));
#8810=CARTESIAN_POINT('Ctrl Pts',(-0.198524443750859,82.0832297317158,14.3875609454414));
#8811=CARTESIAN_POINT('Ctrl Pts',(-1.56218213286976,82.0832297317158,12.5));
#8812=CARTESIAN_POINT('Ctrl Pts',(-1.56218213286976,82.0832297317158,12.8288660849508));
#8813=CARTESIAN_POINT('Ctrl Pts',(-1.40643245755031,82.0832297317158,13.3777884679862));
#8814=CARTESIAN_POINT('Ctrl Pts',(-0.887994380751674,82.0832297317157,13.9547622910447));
#8815=CARTESIAN_POINT('Ctrl Pts',(-0.453919982761848,82.0832297317158,14.1829791509544));
#8816=CARTESIAN_POINT('Ctrl Pts',(-0.166847135251215,82.0832297317158,14.2482601507864));
#8817=CARTESIAN_POINT('Ctrl Pts',(-1.56218213286976,82.0832297317158,12.5));
#8818=CARTESIAN_POINT('Ctrl Pts',(-1.70503927572691,82.0832297317158,12.5));
#8819=CARTESIAN_POINT('Ctrl Pts',(-1.97960457725609,82.1655782197104,12.5));
#8820=CARTESIAN_POINT('Ctrl Pts',(-2.23016113547196,82.4872275498881,12.5));
#8821=CARTESIAN_POINT('Ctrl Pts',(-2.26928891405631,82.6950984176642,12.5));
#8822=CARTESIAN_POINT('Ctrl Pts',(-2.26928891405631,82.7903365129023,12.5));
#8823=CARTESIAN_POINT('Ctrl Pts',(-1.2692886746845,82.1562826226412,13.9781176557267));
#8824=CARTESIAN_POINT('Ctrl Pts',(-1.23537584543848,82.1997867712369,14.138085583576));
#8825=CARTESIAN_POINT('Ctrl Pts',(-1.17110319860572,82.2577506446578,14.2865243872406));
#8826=CARTESIAN_POINT('Ctrl Pts',(-0.993137214633971,82.3914500670215,14.5511353094104));
#8827=CARTESIAN_POINT('Ctrl Pts',(-0.878691312337774,82.4672662546996,14.6647472478245));
#8828=CARTESIAN_POINT('Ctrl Pts',(-0.620862368116554,82.6245980676598,14.8397584086061));
#8829=CARTESIAN_POINT('Ctrl Pts',(-0.479012236569161,82.7054920099398,14.9015503326394));
#8830=CARTESIAN_POINT('Ctrl Pts',(-0.328117665394729,82.7878945857857,14.9367396014936));
#8831=CARTESIAN_POINT('Ctrl Pts',(-0.32588044108902,82.7891155489266,14.9372548374438));
#8832=CARTESIAN_POINT('Ctrl Pts',(-0.323641812800067,82.7903365129023,14.9377639064631));
#8833=CARTESIAN_POINT('Ctrl Pts',(-2.26928891405631,82.7903365129023,4.52101089999726));
#8834=CARTESIAN_POINT('Ctrl Pts',(-2.26928891405631,82.7903365129023,7.1807293326852));
#8835=CARTESIAN_POINT('Ctrl Pts',(-2.26928891405631,82.7903365129023,9.83963577225753));
#8836=CARTESIAN_POINT('Ctrl Pts',(-2.26928891405631,82.7903365129023,12.5));
#8837=CARTESIAN_POINT('Ctrl Pts',(-2.26928891405631,82.6950984176642,4.52101089999726));
#8838=CARTESIAN_POINT('Ctrl Pts',(-2.26928891405631,82.6950984176642,7.18072933268519));
#8839=CARTESIAN_POINT('Ctrl Pts',(-2.26928891405631,82.6950984176642,9.83963577225753));
#8840=CARTESIAN_POINT('Ctrl Pts',(-2.26928891405631,82.6950984176642,12.5));
#8841=CARTESIAN_POINT('Ctrl Pts',(-2.23016113547196,82.4872275498881,4.52101089999726));
#8842=CARTESIAN_POINT('Ctrl Pts',(-2.23016113547196,82.4872275498881,7.1807293326852));
#8843=CARTESIAN_POINT('Ctrl Pts',(-2.23016113547196,82.4872275498881,9.83963577225752));
#8844=CARTESIAN_POINT('Ctrl Pts',(-2.23016113547196,82.4872275498881,12.5));
#8845=CARTESIAN_POINT('Ctrl Pts',(-1.97960457725609,82.1655782197104,4.52101089999726));
#8846=CARTESIAN_POINT('Ctrl Pts',(-1.97960457725609,82.1655782197104,7.18072933268519));
#8847=CARTESIAN_POINT('Ctrl Pts',(-1.97960457725609,82.1655782197104,9.83963577225754));
#8848=CARTESIAN_POINT('Ctrl Pts',(-1.97960457725609,82.1655782197104,12.5));
#8849=CARTESIAN_POINT('Ctrl Pts',(-1.70503927572691,82.0832297317158,4.52101089999726));
#8850=CARTESIAN_POINT('Ctrl Pts',(-1.70503927572691,82.0832297317158,7.1807293326852));
#8851=CARTESIAN_POINT('Ctrl Pts',(-1.70503927572691,82.0832297317158,9.83963577225752));
#8852=CARTESIAN_POINT('Ctrl Pts',(-1.70503927572691,82.0832297317158,12.5));
#8853=CARTESIAN_POINT('Ctrl Pts',(-1.56218213286976,82.0832297317158,4.52101089999726));
#8854=CARTESIAN_POINT('Ctrl Pts',(-1.56218213286976,82.0832297317158,7.1807293326852));
#8855=CARTESIAN_POINT('Ctrl Pts',(-1.56218213286976,82.0832297317158,9.83963577225753));
#8856=CARTESIAN_POINT('Ctrl Pts',(-1.56218213286976,82.0832297317158,12.5));
#8857=CARTESIAN_POINT('Ctrl Pts',(-1.56218213286977,82.0832297317158,5.22811768118381));
#8858=CARTESIAN_POINT('Ctrl Pts',(-1.63196482648918,82.0832297317158,5.22811768118381));
#8859=CARTESIAN_POINT('Ctrl Pts',(-1.70000495122067,82.0935477521568,5.2177996607428));
#8860=CARTESIAN_POINT('Ctrl Pts',(-1.83716072757498,82.1344712809627,5.17687613193685));
#8861=CARTESIAN_POINT('Ctrl Pts',(-1.90261942280738,82.166742239088,5.14460517380611));
#8862=CARTESIAN_POINT('Ctrl Pts',(-2.03509781089113,82.2568027296626,5.05454468323066));
#8863=CARTESIAN_POINT('Ctrl Pts',(-2.0956555698503,82.3191719103292,4.99217550257033));
#8864=CARTESIAN_POINT('Ctrl Pts',(-2.18582342262315,82.4484154788484,4.86293193405111));
#8865=CARTESIAN_POINT('Ctrl Pts',(-2.21768204668116,82.5156776117772,4.79566980112232));
#8866=CARTESIAN_POINT('Ctrl Pts',(-2.25877423147052,82.6504451117825,4.66090230111705));
#8867=CARTESIAN_POINT('Ctrl Pts',(-2.26891746053895,82.7186743739379,4.59267303895977));
#8868=CARTESIAN_POINT('Ctrl Pts',(-2.2692855746555,82.7878271612498,4.5235202516499));
#8869=CARTESIAN_POINT('Ctrl Pts',(-2.26928891405631,82.7890818381871,4.52226557471251));
#8870=CARTESIAN_POINT('Ctrl Pts',(-2.26928891405631,82.7903365129023,4.52101089999726));
#8871=CARTESIAN_POINT('Ctrl Pts',(-2.2692889140563,46.8761230076637,4.52101089999726));
#8872=CARTESIAN_POINT('Ctrl Pts',(-2.2692889140563,58.8498415781904,4.52101089999726));
#8873=CARTESIAN_POINT('Ctrl Pts',(-2.26928891405631,70.816617939852,4.52101089999726));
#8874=CARTESIAN_POINT('Ctrl Pts',(-2.26928891405631,82.7903365129024,4.52101089999726));
#8875=CARTESIAN_POINT('Ctrl Pts',(-2.2692889140563,46.8761230076637,4.61624899523536));
#8876=CARTESIAN_POINT('Ctrl Pts',(-2.2692889140563,58.8498415781904,4.61624899523536));
#8877=CARTESIAN_POINT('Ctrl Pts',(-2.26928891405631,70.816617939852,4.61624899523536));
#8878=CARTESIAN_POINT('Ctrl Pts',(-2.26928891405631,82.7903365129024,4.61624899523536));
#8879=CARTESIAN_POINT('Ctrl Pts',(-2.23015755879756,46.8761230076637,4.82412355626009));
#8880=CARTESIAN_POINT('Ctrl Pts',(-2.23015755879756,58.8498415781903,4.82412355626009));
#8881=CARTESIAN_POINT('Ctrl Pts',(-2.23015755879757,70.8166179398519,4.82412355626009));
#8882=CARTESIAN_POINT('Ctrl Pts',(-2.23015755879757,82.7903365129024,4.82412355626009));
#8883=CARTESIAN_POINT('Ctrl Pts',(-1.97959754042954,46.8761230076637,5.14578018700478));
#8884=CARTESIAN_POINT('Ctrl Pts',(-1.97959754042954,58.8498415781904,5.14578018700478));
#8885=CARTESIAN_POINT('Ctrl Pts',(-1.97959754042954,70.816617939852,5.14578018700478));
#8886=CARTESIAN_POINT('Ctrl Pts',(-1.97959754042955,82.7903365129024,5.14578018700478));
#8887=CARTESIAN_POINT('Ctrl Pts',(-1.70503927572689,46.8761230076637,5.22811768118381));
#8888=CARTESIAN_POINT('Ctrl Pts',(-1.7050392757269,58.8498415781904,5.22811768118381));
#8889=CARTESIAN_POINT('Ctrl Pts',(-1.7050392757269,70.8166179398519,5.22811768118381));
#8890=CARTESIAN_POINT('Ctrl Pts',(-1.70503927572691,82.7903365129024,5.22811768118381));
#8891=CARTESIAN_POINT('Ctrl Pts',(-1.56218213286975,46.8761230076637,5.22811768118381));
#8892=CARTESIAN_POINT('Ctrl Pts',(-1.56218213286976,58.8498415781904,5.22811768118381));
#8893=CARTESIAN_POINT('Ctrl Pts',(-1.56218213286976,70.816617939852,5.22811768118381));
#8894=CARTESIAN_POINT('Ctrl Pts',(-1.56218213286976,82.7903365129024,5.22811768118381));
#8895=CARTESIAN_POINT('Origin',(-0.0464653634281887,73.4582297459994,13.7188819532316));
#8896=CARTESIAN_POINT('Origin',(70.9807110859437,38.8332297317158,9.60311768118381));
#8897=CARTESIAN_POINT('',(76.4981304212434,38.8332297317158,13.4781176811838));
#8898=CARTESIAN_POINT('',(65.4632917439899,38.8332297317158,13.4781177114087));
#8899=CARTESIAN_POINT('',(68.2307110859437,38.8332297317158,13.4781176811838));
#8900=CARTESIAN_POINT('',(65.4807110859437,38.8332297317164,13.1015252426856));
#8901=CARTESIAN_POINT('Ctrl Pts',(65.4632917472772,38.8332297317158,13.4781177117703));
#8902=CARTESIAN_POINT('Ctrl Pts',(65.4770377736762,38.8332297317158,13.3532388909156));
#8903=CARTESIAN_POINT('Ctrl Pts',(65.4807110859437,38.8332297317158,13.2266143907619));
#8904=CARTESIAN_POINT('Ctrl Pts',(65.4807110859437,38.8332297317158,13.1015252426824));
#8905=CARTESIAN_POINT('',(65.4807110859437,38.8332297317158,5.72811768118381));
#8906=CARTESIAN_POINT('',(65.4807110859437,38.8332297317158,5.72811768118381));
#8907=CARTESIAN_POINT('',(76.4807110859437,38.8332297317158,5.72811768118381));
#8908=CARTESIAN_POINT('',(76.4807110859437,38.8332297317158,5.72811768118381));
#8909=CARTESIAN_POINT('',(76.4807110859437,38.8332297317158,13.1015252426825));
#8910=CARTESIAN_POINT('',(76.4807110859437,38.8332297317158,13.4781176811838));
#8911=CARTESIAN_POINT('Ctrl Pts',(76.4807110859437,38.8332297317158,13.1015252426824));
#8912=CARTESIAN_POINT('Ctrl Pts',(76.4807110859437,38.8332297317158,13.226754701944));
#8913=CARTESIAN_POINT('Ctrl Pts',(76.4843783636244,38.8332297317158,13.353184053197));
#8914=CARTESIAN_POINT('Ctrl Pts',(76.4981304212437,38.8332297317158,13.4781176811869));
#8915=CARTESIAN_POINT('',(67.2307110859437,38.8332297317158,11.9781176811838));
#8916=CARTESIAN_POINT('',(66.9807110859437,38.8332297317158,11.7281176811838));
#8917=CARTESIAN_POINT('Origin',(67.2307110859437,38.8332297317158,11.7281176811838));
#8918=CARTESIAN_POINT('',(74.7307110859437,38.8332297317158,11.9781176811838));
#8919=CARTESIAN_POINT('',(68.9807110859437,38.8332297317158,11.9781176811838));
#8920=CARTESIAN_POINT('',(74.9807110859437,38.8332297317158,11.7281176811838));
#8921=CARTESIAN_POINT('Origin',(74.7307110859437,38.8332297317158,11.7281176811838));
#8922=CARTESIAN_POINT('',(74.9807110859437,38.8332297317158,7.47811768118381));
#8923=CARTESIAN_POINT('',(74.9807110859437,38.8332297317158,10.7906176811838));
#8924=CARTESIAN_POINT('',(74.7307110859437,38.8332297317158,7.22811768118381));
#8925=CARTESIAN_POINT('Origin',(74.7307110859437,38.8332297317158,7.47811768118381));
#8926=CARTESIAN_POINT('',(67.2307110859437,38.8332297317158,7.22811768118381));
#8927=CARTESIAN_POINT('',(72.9807110859437,38.8332297317158,7.22811768118381));
#8928=CARTESIAN_POINT('',(66.9807110859437,38.8332297317158,7.47811768118381));
#8929=CARTESIAN_POINT('Origin',(67.2307110859437,38.8332297317158,7.47811768118381));
#8930=CARTESIAN_POINT('',(66.9807110859437,38.8332297317158,8.41561768118381));
#8931=CARTESIAN_POINT('Origin',(65.4807110859437,37.8332297317158,13.4781176811838));
#8932=CARTESIAN_POINT('',(65.4626211897671,38.8292975492162,13.4781176811838));
#8933=CARTESIAN_POINT('',(76.4988009821203,38.8292975492162,13.4781176811838));
#8934=CARTESIAN_POINT('Ctrl Pts',(65.4626211897671,38.8292975492162,13.4781176811838));
#8935=CARTESIAN_POINT('Ctrl Pts',(69.1415159563352,38.8292975492162,13.4781176811838));
#8936=CARTESIAN_POINT('Ctrl Pts',(72.8199062055861,38.8292975492162,13.4781176811838));
#8937=CARTESIAN_POINT('Ctrl Pts',(76.4988009821203,38.8292975492162,13.4781176811838));
#8938=CARTESIAN_POINT('Ctrl Pts',(65.4613344325512,38.8270106934686,13.4774379616783));
#8939=CARTESIAN_POINT('Ctrl Pts',(65.4615697654378,38.828331521658,13.4774405060902));
#8940=CARTESIAN_POINT('Ctrl Pts',(65.4618029451779,38.8296527060384,13.4774430335645));
#8941=CARTESIAN_POINT('Ctrl Pts',(65.4620339734124,38.8309741938953,13.4774454740558));
#8942=CARTESIAN_POINT('Ctrl Pts',(76.4993907463834,38.8309729474358,13.4774464133869));
#8943=CARTESIAN_POINT('Ctrl Pts',(76.4996223699666,38.8296462003862,13.477440928467));
#8944=CARTESIAN_POINT('Ctrl Pts',(76.4998555958835,38.8283269386948,13.4774414297191));
#8945=CARTESIAN_POINT('Ctrl Pts',(76.5000903741375,38.8270094049731,13.4774389614872));
#8946=CARTESIAN_POINT('Origin',(56.4807119800134,38.8332297317158,9.60311768118381));
#8947=CARTESIAN_POINT('',(61.9981313153131,38.8332297317158,13.4781176811838));
#8948=CARTESIAN_POINT('',(50.9632926380596,38.8332297317158,13.4781177114087));
#8949=CARTESIAN_POINT('',(53.7307119800134,38.8332297317158,13.4781176811838));
#8950=CARTESIAN_POINT('',(50.9807119800134,38.8332297317164,13.1015252426856));
#8951=CARTESIAN_POINT('Ctrl Pts',(50.9632926413468,38.8332297317158,13.4781177117703));
#8952=CARTESIAN_POINT('Ctrl Pts',(50.9770386677459,38.8332297317158,13.3532388909155));
#8953=CARTESIAN_POINT('Ctrl Pts',(50.9807119800134,38.8332297317158,13.2266143907618));
#8954=CARTESIAN_POINT('Ctrl Pts',(50.9807119800134,38.8332297317158,13.1015252426824));
#8955=CARTESIAN_POINT('',(50.9807119800134,38.8332297317158,5.72811768118381));
#8956=CARTESIAN_POINT('',(50.9807119800134,38.8332297317158,5.72811768118381));
#8957=CARTESIAN_POINT('',(61.9807119800134,38.8332297317158,5.72811768118381));
#8958=CARTESIAN_POINT('',(61.9807119800134,38.8332297317158,5.72811768118381));
#8959=CARTESIAN_POINT('',(61.9807119800134,38.8332297317158,13.1015252426824));
#8960=CARTESIAN_POINT('',(61.9807119800134,38.8332297317158,13.4781176811838));
#8961=CARTESIAN_POINT('Ctrl Pts',(61.9807119800134,38.8332297317158,13.1015252426824));
#8962=CARTESIAN_POINT('Ctrl Pts',(61.9807119800134,38.8332297317158,13.2267547006985));
#8963=CARTESIAN_POINT('Ctrl Pts',(61.984379257608,38.8332297317158,13.3531840524145));
#8964=CARTESIAN_POINT('Ctrl Pts',(61.9981313153134,38.8332297317158,13.4781176811868));
#8965=CARTESIAN_POINT('',(60.2307119800134,38.8332297317158,7.22811768118381));
#8966=CARTESIAN_POINT('',(60.4807119800134,38.8332297317158,7.47811768118381));
#8967=CARTESIAN_POINT('Origin',(60.2307119800134,38.8332297317158,7.47811768118381));
#8968=CARTESIAN_POINT('',(52.7307119800134,38.8332297317158,7.22811768118381));
#8969=CARTESIAN_POINT('',(58.4807119800134,38.8332297317158,7.22811768118381));
#8970=CARTESIAN_POINT('',(52.4807119800134,38.8332297317158,7.47811768118381));
#8971=CARTESIAN_POINT('Origin',(52.7307119800134,38.8332297317158,7.47811768118381));
#8972=CARTESIAN_POINT('',(52.4807119800134,38.8332297317158,11.7281176811838));
#8973=CARTESIAN_POINT('',(52.4807119800134,38.8332297317158,8.41561768118381));
#8974=CARTESIAN_POINT('',(52.7307119800134,38.8332297317158,11.9781176811838));
#8975=CARTESIAN_POINT('Origin',(52.7307119800134,38.8332297317158,11.7281176811838));
#8976=CARTESIAN_POINT('',(60.2307119800134,38.8332297317158,11.9781176811838));
#8977=CARTESIAN_POINT('',(54.4807119800134,38.8332297317158,11.9781176811838));
#8978=CARTESIAN_POINT('',(60.4807119800134,38.8332297317158,11.7281176811838));
#8979=CARTESIAN_POINT('Origin',(60.2307119800134,38.8332297317158,11.7281176811838));
#8980=CARTESIAN_POINT('',(60.4807119800134,38.8332297317158,10.7906176811838));
#8981=CARTESIAN_POINT('Origin',(50.9807119800134,37.8332297317158,13.4781176811838));
#8982=CARTESIAN_POINT('',(50.9626220838368,38.8292975492162,13.4781176811838));
#8983=CARTESIAN_POINT('',(61.99880187619,38.8292975492162,13.4781176811838));
#8984=CARTESIAN_POINT('Ctrl Pts',(50.9626220838367,38.8292975492162,13.4781176811838));
#8985=CARTESIAN_POINT('Ctrl Pts',(54.6415168519966,38.8292975492162,13.4781176811838));
#8986=CARTESIAN_POINT('Ctrl Pts',(58.3199071078902,38.8292975492162,13.4781176811838));
#8987=CARTESIAN_POINT('Ctrl Pts',(61.99880187619,38.8292975492162,13.4781176811838));
#8988=CARTESIAN_POINT('Ctrl Pts',(50.9613392652724,38.8270126191468,13.4774364668887));
#8989=CARTESIAN_POINT('Ctrl Pts',(50.9615745564445,38.8283334265097,13.4774390262146));
#8990=CARTESIAN_POINT('Ctrl Pts',(50.9618076946859,38.8296545901832,13.4774415685504));
#8991=CARTESIAN_POINT('Ctrl Pts',(50.962038681643,38.8309760574554,13.4774440238484));
#8992=CARTESIAN_POINT('Ctrl Pts',(61.9993884538113,38.8309745036828,13.477445200771));
#8993=CARTESIAN_POINT('Ctrl Pts',(61.9996200428162,38.8296477738847,13.4774397034444));
#8994=CARTESIAN_POINT('Ctrl Pts',(61.9998532340525,38.8283285294974,13.4774401922589));
#8995=CARTESIAN_POINT('Ctrl Pts',(62.0000879775337,38.8270110131387,13.4774377115841));
#8996=CARTESIAN_POINT('Origin',(61.9807119800134,37.8332297317158,13.4781176811838));
#8997=CARTESIAN_POINT('',(61.9807119800134,38.717113208199,12.5));
#8998=CARTESIAN_POINT('',(61.9807119800134,38.717113208199,5.72811768118381));
#8999=CARTESIAN_POINT('Ctrl Pts',(61.9807119800134,38.717113208199,12.5));
#9000=CARTESIAN_POINT('Ctrl Pts',(61.9807119800134,38.717113208199,10.242527608396));
#9001=CARTESIAN_POINT('Ctrl Pts',(61.9807119800134,38.717113208199,7.98540249888608));
#9002=CARTESIAN_POINT('Ctrl Pts',(61.9807119800134,38.717113208199,5.72811768118381));
#9003=CARTESIAN_POINT('Ctrl Pts',(61.9807119800134,38.8306789416705,13.0989132978713));
#9004=CARTESIAN_POINT('Ctrl Pts',(61.9807119800134,38.7546459061872,12.9080592206483));
#9005=CARTESIAN_POINT('Ctrl Pts',(61.9807119800134,38.717113208199,12.7054614446819));
#9006=CARTESIAN_POINT('Ctrl Pts',(61.9807119800134,38.717113208199,12.5));
#9007=CARTESIAN_POINT('',(61.9807119800134,37.8332297317158,5.72811768118381));
#9008=CARTESIAN_POINT('Origin',(61.9807119800134,37.8332297317158,5.72811768118381));
#9009=CARTESIAN_POINT('',(50.9807119800134,38.717113208199,5.72811768118381));
#9010=CARTESIAN_POINT('Ctrl Pts',(61.9807119800133,38.717113208199,5.72811768118381));
#9011=CARTESIAN_POINT('Ctrl Pts',(58.313933232074,38.717113208199,5.72811768118381));
#9012=CARTESIAN_POINT('Ctrl Pts',(54.6474907274971,38.717113208199,5.72811768118381));
#9013=CARTESIAN_POINT('Ctrl Pts',(50.9807119800134,38.717113208199,5.72811768118381));
#9014=CARTESIAN_POINT('',(50.9807119800134,37.8332297317158,5.72811768118381));
#9015=CARTESIAN_POINT('Origin',(50.9807119800134,37.8332297317158,5.72811768118381));
#9016=CARTESIAN_POINT('',(50.9807119800134,38.717113208199,12.5));
#9017=CARTESIAN_POINT('Ctrl Pts',(50.9807119800134,38.717113208199,12.5));
#9018=CARTESIAN_POINT('Ctrl Pts',(50.9807119800134,38.717113208199,12.7054614448621));
#9019=CARTESIAN_POINT('Ctrl Pts',(50.9807119800134,38.7546459072151,12.908059223076));
#9020=CARTESIAN_POINT('Ctrl Pts',(50.9807119800134,38.8306789442772,13.0989133024726));
#9021=CARTESIAN_POINT('Ctrl Pts',(50.9807119800134,38.717113208199,5.72811768118381));
#9022=CARTESIAN_POINT('Ctrl Pts',(50.9807119800134,38.717113208199,7.98540245017607));
#9023=CARTESIAN_POINT('Ctrl Pts',(50.9807119800134,38.717113208199,10.2425276065549));
#9024=CARTESIAN_POINT('Ctrl Pts',(50.9807119800134,38.717113208199,12.5));
#9025=CARTESIAN_POINT('Ctrl Pts',(62.8645954564966,37.8332297317158,12.5));
#9026=CARTESIAN_POINT('Ctrl Pts',(62.8645954564966,37.8332297317158,9.94787839697815));
#9027=CARTESIAN_POINT('Ctrl Pts',(62.8645954564966,37.8332297317158,7.3962006480437));
#9028=CARTESIAN_POINT('Ctrl Pts',(62.8645954564966,37.8332297317158,4.84423420469113));
#9029=CARTESIAN_POINT('Ctrl Pts',(62.7455478374489,37.8332297317158,12.5));
#9030=CARTESIAN_POINT('Ctrl Pts',(62.7455478374489,37.8332297317158,9.94787839697815));
#9031=CARTESIAN_POINT('Ctrl Pts',(62.7455478374489,37.8332297317158,7.3962006480437));
#9032=CARTESIAN_POINT('Ctrl Pts',(62.7455478374489,37.8332297317158,4.84423420469113));
#9033=CARTESIAN_POINT('Ctrl Pts',(62.4860895502946,37.8819917677357,12.5));
#9034=CARTESIAN_POINT('Ctrl Pts',(62.4860895502946,37.8819917677357,9.94787839697816));
#9035=CARTESIAN_POINT('Ctrl Pts',(62.4860895502946,37.8819917677357,7.39620064804371));
#9036=CARTESIAN_POINT('Ctrl Pts',(62.4860895502946,37.8819917677357,4.84423420469113));
#9037=CARTESIAN_POINT('Ctrl Pts',(62.0837319420153,38.1952991652554,12.5));
#9038=CARTESIAN_POINT('Ctrl Pts',(62.0837319420153,38.1952991652554,9.94787839697815));
#9039=CARTESIAN_POINT('Ctrl Pts',(62.0837319420153,38.1952991652554,7.39620064804369));
#9040=CARTESIAN_POINT('Ctrl Pts',(62.0837319420153,38.1952991652554,4.84423420469113));
#9041=CARTESIAN_POINT('Ctrl Pts',(61.9807119800134,38.5385417796275,12.5));
#9042=CARTESIAN_POINT('Ctrl Pts',(61.9807119800134,38.5385417796275,9.94787839697816));
#9043=CARTESIAN_POINT('Ctrl Pts',(61.9807119800134,38.5385417796275,7.39620064804371));
#9044=CARTESIAN_POINT('Ctrl Pts',(61.9807119800134,38.5385417796275,4.84423420469113));
#9045=CARTESIAN_POINT('Ctrl Pts',(61.9807119800134,38.717113208199,12.5));
#9046=CARTESIAN_POINT('Ctrl Pts',(61.9807119800134,38.717113208199,9.94787839697815));
#9047=CARTESIAN_POINT('Ctrl Pts',(61.9807119800134,38.717113208199,7.3962006480437));
#9048=CARTESIAN_POINT('Ctrl Pts',(61.9807119800134,38.717113208199,4.84423420469113));
#9049=CARTESIAN_POINT('',(62.8645954564966,37.8332297317158,4.84423420469113));
#9050=CARTESIAN_POINT('',(62.8645954564966,37.8332297317158,12.5));
#9051=CARTESIAN_POINT('Ctrl Pts',(62.8645954564966,37.8332297317158,4.84423420469113));
#9052=CARTESIAN_POINT('Ctrl Pts',(62.8645954564966,37.8332297317158,7.3962006480437));
#9053=CARTESIAN_POINT('Ctrl Pts',(62.8645954564966,37.8332297317158,9.94787839697815));
#9054=CARTESIAN_POINT('Ctrl Pts',(62.8645954564966,37.8332297317158,12.5));
#9055=CARTESIAN_POINT('Ctrl Pts',(61.9807119800134,38.717113208199,12.5));
#9056=CARTESIAN_POINT('Ctrl Pts',(61.9807119800134,38.5385417796275,12.5));
#9057=CARTESIAN_POINT('Ctrl Pts',(62.0837319420153,38.1952991652554,12.5));
#9058=CARTESIAN_POINT('Ctrl Pts',(62.4860895502946,37.8819917677357,12.5));
#9059=CARTESIAN_POINT('Ctrl Pts',(62.7455478374489,37.8332297317158,12.5));
#9060=CARTESIAN_POINT('Ctrl Pts',(62.8645954564966,37.8332297317158,12.5));
#9061=CARTESIAN_POINT('Ctrl Pts',(62.8645954564965,37.8332297317158,4.84423420469113));
#9062=CARTESIAN_POINT('Ctrl Pts',(62.8631932724255,37.8332297317157,4.84563638876217));
#9063=CARTESIAN_POINT('Ctrl Pts',(62.8617910863705,37.8332330683323,4.84703857482592));
#9064=CARTESIAN_POINT('Ctrl Pts',(62.7754343217723,37.8336440589759,4.93339533943536));
#9065=CARTESIAN_POINT('Ctrl Pts',(62.6900612201765,37.8462989181681,5.01876844102073));
#9066=CARTESIAN_POINT('Ctrl Pts',(62.5214204445668,37.8976657864194,5.18740921663045));
#9067=CARTESIAN_POINT('Ctrl Pts',(62.4372454779839,37.9375205583836,5.27158418321329));
#9068=CARTESIAN_POINT('Ctrl Pts',(62.2756161603099,38.0502933974731,5.43321350088731));
#9069=CARTESIAN_POINT('Ctrl Pts',(62.1976635515335,38.1259869976473,5.51116610965602));
#9070=CARTESIAN_POINT('Ctrl Pts',(62.0850978789048,38.2915759868765,5.6237317822858));
#9071=CARTESIAN_POINT('Ctrl Pts',(62.0447618099542,38.3733961856602,5.66406785124297));
#9072=CARTESIAN_POINT('Ctrl Pts',(61.9936092726441,38.544836207977,5.71522038855305));
#9073=CARTESIAN_POINT('Ctrl Pts',(61.9807119800134,38.629885630481,5.72811768118381));
#9074=CARTESIAN_POINT('Ctrl Pts',(61.9807119800134,38.717113208199,5.72811768118381));
#9075=CARTESIAN_POINT('Ctrl Pts',(62.8645954564966,38.5117897418662,14.2124124396234));
#9076=CARTESIAN_POINT('Ctrl Pts',(62.8645954564966,38.0556746268704,13.7272569413306));
#9077=CARTESIAN_POINT('Ctrl Pts',(62.8645954564966,37.8332297317158,13.1221145177834));
#9078=CARTESIAN_POINT('Ctrl Pts',(62.8645954564966,37.8332297317158,12.5));
#9079=CARTESIAN_POINT('Ctrl Pts',(62.7455478374489,38.5117897418662,14.2124124396234));
#9080=CARTESIAN_POINT('Ctrl Pts',(62.7455478374489,38.055715036084,13.7272999233576));
#9081=CARTESIAN_POINT('Ctrl Pts',(62.7455478374489,37.8332297317158,13.1220594019637));
#9082=CARTESIAN_POINT('Ctrl Pts',(62.7455478374489,37.8332297317158,12.5));
#9083=CARTESIAN_POINT('Ctrl Pts',(62.4860911924105,38.5473157099291,14.1790129809645));
#9084=CARTESIAN_POINT('Ctrl Pts',(62.4860911924105,38.1001949385045,13.7034244869074));
#9085=CARTESIAN_POINT('Ctrl Pts',(62.4860911924105,37.8819905586726,13.1098467556997));
#9086=CARTESIAN_POINT('Ctrl Pts',(62.4860911924105,37.8819905586726,12.5));
#9087=CARTESIAN_POINT('Ctrl Pts',(62.0837360510373,38.7755829324862,13.9644093521635));
#9088=CARTESIAN_POINT('Ctrl Pts',(62.0837360510373,38.3855286228999,13.5495206832574));
#9089=CARTESIAN_POINT('Ctrl Pts',(62.0837360510373,38.1952965471064,13.0320114171613));
#9090=CARTESIAN_POINT('Ctrl Pts',(62.0837360510373,38.1952965471064,12.5));
#9091=CARTESIAN_POINT('Ctrl Pts',(61.9807119800134,39.0256631696219,13.7292983897592));
#9092=CARTESIAN_POINT('Ctrl Pts',(61.9807119800134,38.6985985113991,13.3814098589539));
#9093=CARTESIAN_POINT('Ctrl Pts',(61.9807119800134,38.5385417796275,12.9460971922321));
#9094=CARTESIAN_POINT('Ctrl Pts',(61.9807119800134,38.5385417796275,12.5));
#9095=CARTESIAN_POINT('Ctrl Pts',(61.9807119800134,39.1557660260397,13.6069832155004));
#9096=CARTESIAN_POINT('Ctrl Pts',(61.9807119800134,38.8609119564515,13.2933560885941));
#9097=CARTESIAN_POINT('Ctrl Pts',(61.9807119800134,38.717113208199,12.9021638206838));
#9098=CARTESIAN_POINT('Ctrl Pts',(61.9807119800134,38.717113208199,12.5));
#9099=CARTESIAN_POINT('',(62.8645954564966,38.0325155378717,13.4781176811838));
#9100=CARTESIAN_POINT('Ctrl Pts',(62.8645954564966,37.8332297317158,12.5));
#9101=CARTESIAN_POINT('Ctrl Pts',(62.8645954564966,37.8332297317158,12.8350010091527));
#9102=CARTESIAN_POINT('Ctrl Pts',(62.8645954564966,37.897731853631,13.1650806372559));
#9103=CARTESIAN_POINT('Ctrl Pts',(62.8645954564966,38.0284888727785,13.4741536611071));
#9104=CARTESIAN_POINT('',(62.8645954564966,38.5117897418662,14.2124124396233));
#9105=CARTESIAN_POINT('Ctrl Pts',(62.8645954564966,38.5117897418662,14.2124124396234));
#9106=CARTESIAN_POINT('Ctrl Pts',(62.8645954564966,38.3025613757512,13.9898627172348));
#9107=CARTESIAN_POINT('Ctrl Pts',(62.8645954564966,38.1425024840076,13.7420650447643));
#9108=CARTESIAN_POINT('Ctrl Pts',(62.8645954564966,38.0305295459437,13.4789628941447));
#9109=CARTESIAN_POINT('Ctrl Pts',(62.8645954564965,38.5117897418662,14.2124124396233));
#9110=CARTESIAN_POINT('Ctrl Pts',(62.8632346831478,38.5110694811393,14.211646320632));
#9111=CARTESIAN_POINT('Ctrl Pts',(62.8618739092615,38.510351992997,14.2108775944478));
#9112=CARTESIAN_POINT('Ctrl Pts',(62.7874093015662,38.4712417381456,14.1686691189882));
#9113=CARTESIAN_POINT('Ctrl Pts',(62.71426053039,38.4408449203176,14.1197031943543));
#9114=CARTESIAN_POINT('Ctrl Pts',(62.5677402756818,38.3999897690477,14.0096650860602));
#9115=CARTESIAN_POINT('Ctrl Pts',(62.4942459769265,38.3901709066969,13.9480439969981));
#9116=CARTESIAN_POINT('Ctrl Pts',(62.3515102892801,38.3989597210661,13.8190004791674));
#9117=CARTESIAN_POINT('Ctrl Pts',(62.2868988368311,38.4180116290332,13.7556498920907));
#9118=CARTESIAN_POINT('Ctrl Pts',(62.1860178536165,38.4760365189879,13.6534713268611));
#9119=CARTESIAN_POINT('Ctrl Pts',(62.1448871276831,38.5111969798439,13.6103493632903));
#9120=CARTESIAN_POINT('Ctrl Pts',(62.0809599638636,38.5938807202839,13.544120386025));
#9121=CARTESIAN_POINT('Ctrl Pts',(62.0567275144327,38.6371466518798,13.5193421717068));
#9122=CARTESIAN_POINT('Ctrl Pts',(62.0200298004878,38.7311333505878,13.4866537158912));
#9123=CARTESIAN_POINT('Ctrl Pts',(62.007406685936,38.7793448546449,13.4781176811838));
#9124=CARTESIAN_POINT('Ctrl Pts',(61.99880187619,38.8292975492162,13.4781176811838));
#9125=CARTESIAN_POINT('Ctrl Pts',(62.8645954564966,37.8332297317158,4.84423420470062));
#9126=CARTESIAN_POINT('Ctrl Pts',(58.6084978748043,37.8332297317158,4.84423420470062));
#9127=CARTESIAN_POINT('Ctrl Pts',(54.3529260845994,37.8332297317158,4.84423420470062));
#9128=CARTESIAN_POINT('Ctrl Pts',(50.0968285035208,37.8332297317158,4.84423420470062));
#9129=CARTESIAN_POINT('Ctrl Pts',(62.8645954564966,37.8332297317158,4.96328182374824));
#9130=CARTESIAN_POINT('Ctrl Pts',(58.6084978748042,37.8332297317158,4.96328182374824));
#9131=CARTESIAN_POINT('Ctrl Pts',(54.3529260845994,37.8332297317158,4.96328182374824));
#9132=CARTESIAN_POINT('Ctrl Pts',(50.0968285035208,37.8332297317158,4.96328182374824));
#9133=CARTESIAN_POINT('Ctrl Pts',(62.8645954564965,37.8819949342187,5.22274440702573));
#9134=CARTESIAN_POINT('Ctrl Pts',(58.6084978748042,37.8819949342187,5.22274440702573));
#9135=CARTESIAN_POINT('Ctrl Pts',(54.3529260845993,37.8819949342187,5.22274440702573));
#9136=CARTESIAN_POINT('Ctrl Pts',(50.0968285035207,37.8819949342187,5.22274440702573));
#9137=CARTESIAN_POINT('Ctrl Pts',(62.8645954564966,38.1953060468567,5.62510852223102));
#9138=CARTESIAN_POINT('Ctrl Pts',(58.6084978748043,38.1953060468567,5.62510852223102));
#9139=CARTESIAN_POINT('Ctrl Pts',(54.3529260845994,38.1953060468567,5.62510852223102));
#9140=CARTESIAN_POINT('Ctrl Pts',(50.0968285035208,38.1953060468567,5.62510852223102));
#9141=CARTESIAN_POINT('Ctrl Pts',(62.8645954564966,38.5385417796275,5.72811768118381));
#9142=CARTESIAN_POINT('Ctrl Pts',(58.6084978748043,38.5385417796275,5.72811768118381));
#9143=CARTESIAN_POINT('Ctrl Pts',(54.3529260845993,38.5385417796275,5.72811768118381));
#9144=CARTESIAN_POINT('Ctrl Pts',(50.0968285035208,38.5385417796275,5.72811768118381));
#9145=CARTESIAN_POINT('Ctrl Pts',(62.8645954564966,38.717113208199,5.72811768118381));
#9146=CARTESIAN_POINT('Ctrl Pts',(58.6084978748043,38.717113208199,5.72811768118381));
#9147=CARTESIAN_POINT('Ctrl Pts',(54.3529260845994,38.717113208199,5.72811768118381));
#9148=CARTESIAN_POINT('Ctrl Pts',(50.0968285035208,38.717113208199,5.72811768118381));
#9149=CARTESIAN_POINT('',(50.0968285035208,37.8332297317158,4.84423420470062));
#9150=CARTESIAN_POINT('Ctrl Pts',(50.0968285035208,37.8332297317158,4.84423420470062));
#9151=CARTESIAN_POINT('Ctrl Pts',(50.0982222514845,37.8332297317158,4.84562795266437));
#9152=CARTESIAN_POINT('Ctrl Pts',(50.0996160014043,37.8332330283042,4.84702170257505));
#9153=CARTESIAN_POINT('Ctrl Pts',(50.1860776182852,37.8336420422254,4.9334833194511));
#9154=CARTESIAN_POINT('Ctrl Pts',(50.2715659064076,37.8463276857804,5.01897160757803));
#9155=CARTESIAN_POINT('Ctrl Pts',(50.4404405464555,37.8978331981903,5.18784624762594));
#9156=CARTESIAN_POINT('Ctrl Pts',(50.5247374534561,37.9378061282774,5.27214315462654));
#9157=CARTESIAN_POINT('Ctrl Pts',(50.6862782760199,38.0507330115903,5.43368397719036));
#9158=CARTESIAN_POINT('Ctrl Pts',(50.7640539840582,38.126354864046,5.51145968523278));
#9159=CARTESIAN_POINT('Ctrl Pts',(50.8764210108357,38.2917642934221,5.62382671200966));
#9160=CARTESIAN_POINT('Ctrl Pts',(50.9167044112825,38.3735209681256,5.66411011245294));
#9161=CARTESIAN_POINT('Ctrl Pts',(50.9678193693399,38.5448668193241,5.71522507051039));
#9162=CARTESIAN_POINT('Ctrl Pts',(50.9807119800134,38.6299014978995,5.72811768118381));
#9163=CARTESIAN_POINT('Ctrl Pts',(50.9807119800134,38.717113208199,5.72811768118381));
#9164=CARTESIAN_POINT('Ctrl Pts',(50.0968285035208,37.8332297317158,4.84423420470062));
#9165=CARTESIAN_POINT('Ctrl Pts',(54.3529260845994,37.8332297317158,4.84423420470062));
#9166=CARTESIAN_POINT('Ctrl Pts',(58.6084978748043,37.8332297317158,4.84423420470062));
#9167=CARTESIAN_POINT('Ctrl Pts',(62.8645954564966,37.8332297317158,4.84423420470062));
#9168=CARTESIAN_POINT('Ctrl Pts',(50.0968285035302,37.8332297317158,12.5));
#9169=CARTESIAN_POINT('Ctrl Pts',(50.0968285035302,37.8332297317158,13.1221145125361));
#9170=CARTESIAN_POINT('Ctrl Pts',(50.0968285035302,38.0556746288201,13.7272569434045));
#9171=CARTESIAN_POINT('Ctrl Pts',(50.0968285035302,38.5117897418662,14.2124124396234));
#9172=CARTESIAN_POINT('Ctrl Pts',(50.2158761225778,37.8332297317158,12.5));
#9173=CARTESIAN_POINT('Ctrl Pts',(50.2158761225778,37.8332297317158,13.1220593967169));
#9174=CARTESIAN_POINT('Ctrl Pts',(50.2158761225778,38.0557150380336,13.7272999254312));
#9175=CARTESIAN_POINT('Ctrl Pts',(50.2158761225778,38.5117897418662,14.2124124396234));
#9176=CARTESIAN_POINT('Ctrl Pts',(50.475341498317,37.8819969950486,12.5));
#9177=CARTESIAN_POINT('Ctrl Pts',(50.475341498317,37.8819969950486,13.1098467505559));
#9178=CARTESIAN_POINT('Ctrl Pts',(50.475341498317,38.1001996298049,13.7034200802482));
#9179=CARTESIAN_POINT('Ctrl Pts',(50.475341498317,38.5473203993182,14.1790085722723));
#9180=CARTESIAN_POINT('Ctrl Pts',(50.8777098849831,38.195310545205,12.5));
#9181=CARTESIAN_POINT('Ctrl Pts',(50.8777098849831,38.195310545205,13.032011412674));
#9182=CARTESIAN_POINT('Ctrl Pts',(50.8777098849831,38.3855388232459,13.5495110968236));
#9183=CARTESIAN_POINT('Ctrl Pts',(50.8777098849831,38.7755931311648,13.9643997639562));
#9184=CARTESIAN_POINT('Ctrl Pts',(50.9807119800134,38.5385417796275,12.5));
#9185=CARTESIAN_POINT('Ctrl Pts',(50.9807119800134,38.5385417796275,12.9460971884695));
#9186=CARTESIAN_POINT('Ctrl Pts',(50.9807119800134,38.6985985127972,13.3814098604409));
#9187=CARTESIAN_POINT('Ctrl Pts',(50.9807119800134,39.0256631696219,13.7292983897592));
#9188=CARTESIAN_POINT('Ctrl Pts',(50.9807119800134,38.717113208199,12.5));
#9189=CARTESIAN_POINT('Ctrl Pts',(50.9807119800134,38.717113208199,12.9021638172917));
#9190=CARTESIAN_POINT('Ctrl Pts',(50.9807119800134,38.8609119577119,13.2933560899347));
#9191=CARTESIAN_POINT('Ctrl Pts',(50.9807119800134,39.1557660260397,13.6069832155004));
#9192=CARTESIAN_POINT('',(50.0968285035302,38.0325155378717,13.4781176811838));
#9193=CARTESIAN_POINT('',(50.0968285035302,37.8332297317158,12.5));
#9194=CARTESIAN_POINT('Ctrl Pts',(50.0968285035302,38.0284888768707,13.4741536679569));
#9195=CARTESIAN_POINT('Ctrl Pts',(50.0968285035302,37.8977318552847,13.1650806408187));
#9196=CARTESIAN_POINT('Ctrl Pts',(50.0968285035302,37.8332297317158,12.8350010091534));
#9197=CARTESIAN_POINT('Ctrl Pts',(50.0968285035302,37.8332297317158,12.5));
#9198=CARTESIAN_POINT('Ctrl Pts',(50.9807119800134,38.717113208199,12.5));
#9199=CARTESIAN_POINT('Ctrl Pts',(50.9807119800134,38.5385417796275,12.5));
#9200=CARTESIAN_POINT('Ctrl Pts',(50.8777130798717,38.1953125793611,12.5));
#9201=CARTESIAN_POINT('Ctrl Pts',(50.4753427569349,37.8819979245969,12.5));
#9202=CARTESIAN_POINT('Ctrl Pts',(50.2158761225778,37.8332297317158,12.5));
#9203=CARTESIAN_POINT('Ctrl Pts',(50.0968285035302,37.8332297317158,12.5));
#9204=CARTESIAN_POINT('',(50.0968285035302,38.5117897418662,14.2124124396234));
#9205=CARTESIAN_POINT('Ctrl Pts',(50.9626220838367,38.8292975492162,13.4781176811838));
#9206=CARTESIAN_POINT('Ctrl Pts',(50.954017277031,38.779344871714,13.4781176811838));
#9207=CARTESIAN_POINT('Ctrl Pts',(50.9413941681466,38.7311333831894,13.4866537100997));
#9208=CARTESIAN_POINT('Ctrl Pts',(50.9046964687954,38.6371466998056,13.5193421489977));
#9209=CARTESIAN_POINT('Ctrl Pts',(50.8804640258279,38.5938807686925,13.5441203556566));
#9210=CARTESIAN_POINT('Ctrl Pts',(50.8165368744718,38.5111970219522,13.6103493191958));
#9211=CARTESIAN_POINT('Ctrl Pts',(50.7754061538669,38.4760365552129,13.6534712777487));
#9212=CARTESIAN_POINT('Ctrl Pts',(50.6745251796571,38.4180116502712,13.7556498362186));
#9213=CARTESIAN_POINT('Ctrl Pts',(50.6099137305075,38.3989597333778,13.8190004222876));
#9214=CARTESIAN_POINT('Ctrl Pts',(50.4671780366968,38.3901709015701,13.9480439513268));
#9215=CARTESIAN_POINT('Ctrl Pts',(50.3936837281113,38.3999897600526,14.0096650512843));
#9216=CARTESIAN_POINT('Ctrl Pts',(50.2471634527639,38.4408449107649,14.1197031788307));
#9217=CARTESIAN_POINT('Ctrl Pts',(50.1740146707532,38.4712417318112,14.1686691119435));
#9218=CARTESIAN_POINT('Ctrl Pts',(50.0995500517058,38.5103519924996,14.2108775939149));
#9219=CARTESIAN_POINT('Ctrl Pts',(50.0981892773505,38.5110694808897,14.2116463203665));
#9220=CARTESIAN_POINT('Ctrl Pts',(50.0968285035302,38.5117897418662,14.2124124396234));
#9221=CARTESIAN_POINT('Ctrl Pts',(50.0968285035302,38.0305295469537,13.478962893714));
#9222=CARTESIAN_POINT('Ctrl Pts',(50.0968285035302,38.1425024851891,13.7420650450203));
#9223=CARTESIAN_POINT('Ctrl Pts',(50.0968285035302,38.302561376785,13.9898627183345));
#9224=CARTESIAN_POINT('Ctrl Pts',(50.0968285035302,38.5117897418662,14.2124124396234));
#9225=CARTESIAN_POINT('Ctrl Pts',(50.0968285035302,37.8332297317158,4.84423420470062));
#9226=CARTESIAN_POINT('Ctrl Pts',(50.0968285035302,37.8332297317158,7.39620057015955));
#9227=CARTESIAN_POINT('Ctrl Pts',(50.0968285035302,37.8332297317158,9.94787838680913));
#9228=CARTESIAN_POINT('Ctrl Pts',(50.0968285035302,37.8332297317158,12.5));
#9229=CARTESIAN_POINT('Ctrl Pts',(50.2158761225778,37.8332297317158,4.84423420470062));
#9230=CARTESIAN_POINT('Ctrl Pts',(50.2158761225778,37.8332297317158,7.39620057015955));
#9231=CARTESIAN_POINT('Ctrl Pts',(50.2158761225778,37.8332297317158,9.94787838680913));
#9232=CARTESIAN_POINT('Ctrl Pts',(50.2158761225778,37.8332297317158,12.5));
#9233=CARTESIAN_POINT('Ctrl Pts',(50.4753427569349,37.8819979245969,4.84423420470062));
#9234=CARTESIAN_POINT('Ctrl Pts',(50.4753427569349,37.8819979245969,7.39620057015955));
#9235=CARTESIAN_POINT('Ctrl Pts',(50.4753427569349,37.8819979245969,9.94787838680912));
#9236=CARTESIAN_POINT('Ctrl Pts',(50.4753427569349,37.8819979245969,12.5));
#9237=CARTESIAN_POINT('Ctrl Pts',(50.8777130798717,38.1953125793611,4.84423420470062));
#9238=CARTESIAN_POINT('Ctrl Pts',(50.8777130798717,38.1953125793611,7.39620057015955));
#9239=CARTESIAN_POINT('Ctrl Pts',(50.8777130798717,38.1953125793611,9.94787838680914));
#9240=CARTESIAN_POINT('Ctrl Pts',(50.8777130798717,38.1953125793611,12.5));
#9241=CARTESIAN_POINT('Ctrl Pts',(50.9807119800134,38.5385417796275,4.84423420470062));
#9242=CARTESIAN_POINT('Ctrl Pts',(50.9807119800134,38.5385417796275,7.39620057015955));
#9243=CARTESIAN_POINT('Ctrl Pts',(50.9807119800134,38.5385417796275,9.94787838680913));
#9244=CARTESIAN_POINT('Ctrl Pts',(50.9807119800134,38.5385417796275,12.5));
#9245=CARTESIAN_POINT('Ctrl Pts',(50.9807119800134,38.717113208199,4.84423420470062));
#9246=CARTESIAN_POINT('Ctrl Pts',(50.9807119800134,38.717113208199,7.39620057015955));
#9247=CARTESIAN_POINT('Ctrl Pts',(50.9807119800134,38.717113208199,9.94787838680913));
#9248=CARTESIAN_POINT('Ctrl Pts',(50.9807119800134,38.717113208199,12.5));
#9249=CARTESIAN_POINT('Ctrl Pts',(50.0968285035302,37.8332297317158,12.5));
#9250=CARTESIAN_POINT('Ctrl Pts',(50.0968285035302,37.8332297317158,9.94787838680913));
#9251=CARTESIAN_POINT('Ctrl Pts',(50.0968285035302,37.8332297317158,7.39620057015955));
#9252=CARTESIAN_POINT('Ctrl Pts',(50.0968285035302,37.8332297317158,4.84423420470062));
#9253=CARTESIAN_POINT('Origin',(76.4807110859437,37.8332297317158,13.4781176811838));
#9254=CARTESIAN_POINT('',(76.4807110859437,38.717113208199,12.5));
#9255=CARTESIAN_POINT('',(76.4807110859437,38.717113208199,5.72811768118381));
#9256=CARTESIAN_POINT('Ctrl Pts',(76.4807110859437,38.717113208199,12.5));
#9257=CARTESIAN_POINT('Ctrl Pts',(76.4807110859437,38.717113208199,10.2425276084107));
#9258=CARTESIAN_POINT('Ctrl Pts',(76.4807110859437,38.717113208199,7.98540249887944));
#9259=CARTESIAN_POINT('Ctrl Pts',(76.4807110859437,38.717113208199,5.72811768118382));
#9260=CARTESIAN_POINT('Ctrl Pts',(76.4807110859437,38.8306789457494,13.098913301794));
#9261=CARTESIAN_POINT('Ctrl Pts',(76.4807110859437,38.7546459092002,12.9080592236468));
#9262=CARTESIAN_POINT('Ctrl Pts',(76.4807110859437,38.717113208199,12.7054614448397));
#9263=CARTESIAN_POINT('Ctrl Pts',(76.4807110859437,38.717113208199,12.5));
#9264=CARTESIAN_POINT('',(76.4807110859437,37.8332297317158,5.72811768118381));
#9265=CARTESIAN_POINT('Origin',(76.4807110859437,37.8332297317158,5.72811768118381));
#9266=CARTESIAN_POINT('',(65.4807110859437,38.717113208199,5.72811768118381));
#9267=CARTESIAN_POINT('Ctrl Pts',(76.4807110859436,38.717113208199,5.72811768118381));
#9268=CARTESIAN_POINT('Ctrl Pts',(72.8139323376155,38.717113208199,5.72811768118381));
#9269=CARTESIAN_POINT('Ctrl Pts',(69.1474898334925,38.717113208199,5.72811768118381));
#9270=CARTESIAN_POINT('Ctrl Pts',(65.4807110859437,38.717113208199,5.72811768118381));
#9271=CARTESIAN_POINT('',(65.4807110859437,37.8332297317158,5.72811768118381));
#9272=CARTESIAN_POINT('Origin',(65.4807110859437,37.8332297317158,5.72811768118381));
#9273=CARTESIAN_POINT('',(65.4807110859437,38.717113208199,12.5));
#9274=CARTESIAN_POINT('Ctrl Pts',(65.4807110859437,38.717113208199,12.5));
#9275=CARTESIAN_POINT('Ctrl Pts',(65.4807110859437,38.717113208199,12.7054614448625));
#9276=CARTESIAN_POINT('Ctrl Pts',(65.4807110859437,38.7546459072151,12.9080592230765));
#9277=CARTESIAN_POINT('Ctrl Pts',(65.4807110859437,38.8306789442773,13.098913302473));
#9278=CARTESIAN_POINT('Ctrl Pts',(65.4807110859437,38.717113208199,5.7281176811838));
#9279=CARTESIAN_POINT('Ctrl Pts',(65.4807110859437,38.717113208199,7.98540246913206));
#9280=CARTESIAN_POINT('Ctrl Pts',(65.4807110859437,38.717113208199,10.2425276072655));
#9281=CARTESIAN_POINT('Ctrl Pts',(65.4807110859437,38.717113208199,12.5));
#9282=CARTESIAN_POINT('Ctrl Pts',(77.3645945624269,37.8332297317158,12.5));
#9283=CARTESIAN_POINT('Ctrl Pts',(77.3645945624269,37.8332297317158,9.9478783969934));
#9284=CARTESIAN_POINT('Ctrl Pts',(77.3645945624269,37.8332297317158,7.39620064802812));
#9285=CARTESIAN_POINT('Ctrl Pts',(77.3645945624269,37.8332297317158,4.84423420469117));
#9286=CARTESIAN_POINT('Ctrl Pts',(77.2455469433792,37.8332297317158,12.5));
#9287=CARTESIAN_POINT('Ctrl Pts',(77.2455469433792,37.8332297317158,9.9478783969934));
#9288=CARTESIAN_POINT('Ctrl Pts',(77.2455469433792,37.8332297317158,7.39620064802811));
#9289=CARTESIAN_POINT('Ctrl Pts',(77.2455469433792,37.8332297317158,4.84423420469117));
#9290=CARTESIAN_POINT('Ctrl Pts',(76.9860978262097,37.8819850247199,12.5));
#9291=CARTESIAN_POINT('Ctrl Pts',(76.9860978262097,37.8819850247199,9.94787839699341));
#9292=CARTESIAN_POINT('Ctrl Pts',(76.9860978262097,37.8819850247199,7.39620064802812));
#9293=CARTESIAN_POINT('Ctrl Pts',(76.9860978262097,37.8819850247199,4.84423420469117));
#9294=CARTESIAN_POINT('Ctrl Pts',(76.5837538549266,38.1952846286312,12.5));
#9295=CARTESIAN_POINT('Ctrl Pts',(76.5837538549266,38.1952846286312,9.9478783969934));
#9296=CARTESIAN_POINT('Ctrl Pts',(76.5837538549266,38.1952846286312,7.39620064802811));
#9297=CARTESIAN_POINT('Ctrl Pts',(76.5837538549266,38.1952846286312,4.84423420469117));
#9298=CARTESIAN_POINT('Ctrl Pts',(76.4807110859437,38.5385417796275,12.5));
#9299=CARTESIAN_POINT('Ctrl Pts',(76.4807110859437,38.5385417796275,9.94787839699341));
#9300=CARTESIAN_POINT('Ctrl Pts',(76.4807110859437,38.5385417796275,7.39620064802812));
#9301=CARTESIAN_POINT('Ctrl Pts',(76.4807110859437,38.5385417796275,4.84423420469117));
#9302=CARTESIAN_POINT('Ctrl Pts',(76.4807110859437,38.717113208199,12.5));
#9303=CARTESIAN_POINT('Ctrl Pts',(76.4807110859437,38.717113208199,9.9478783969934));
#9304=CARTESIAN_POINT('Ctrl Pts',(76.4807110859437,38.717113208199,7.39620064802812));
#9305=CARTESIAN_POINT('Ctrl Pts',(76.4807110859437,38.717113208199,4.84423420469117));
#9306=CARTESIAN_POINT('',(77.3645945624269,37.8332297317158,4.84423420469117));
#9307=CARTESIAN_POINT('',(77.3645945624269,37.8332297317158,12.5));
#9308=CARTESIAN_POINT('Ctrl Pts',(77.3645945624269,37.8332297317158,4.84423420469117));
#9309=CARTESIAN_POINT('Ctrl Pts',(77.3645945624269,37.8332297317158,7.39620064802812));
#9310=CARTESIAN_POINT('Ctrl Pts',(77.3645945624269,37.8332297317158,9.9478783969934));
#9311=CARTESIAN_POINT('Ctrl Pts',(77.3645945624269,37.8332297317158,12.5));
#9312=CARTESIAN_POINT('Ctrl Pts',(76.4807110859437,38.717113208199,12.5));
#9313=CARTESIAN_POINT('Ctrl Pts',(76.4807110859437,38.5385417796275,12.5));
#9314=CARTESIAN_POINT('Ctrl Pts',(76.5837538549266,38.1952846286312,12.5));
#9315=CARTESIAN_POINT('Ctrl Pts',(76.9860978262097,37.8819850247199,12.5));
#9316=CARTESIAN_POINT('Ctrl Pts',(77.2455469433792,37.8332297317158,12.5));
#9317=CARTESIAN_POINT('Ctrl Pts',(77.3645945624269,37.8332297317158,12.5));
#9318=CARTESIAN_POINT('Ctrl Pts',(77.3645945624269,37.8332297317158,4.84423420469117));
#9319=CARTESIAN_POINT('Ctrl Pts',(77.3631925653893,37.8332297317158,4.84563620172871));
#9320=CARTESIAN_POINT('Ctrl Pts',(77.3617905663709,37.8332330674423,4.84703820075796));
#9321=CARTESIAN_POINT('Ctrl Pts',(77.2754314808265,37.8336440143081,4.93339728628137));
#9322=CARTESIAN_POINT('Ctrl Pts',(77.1900558293168,37.8462995545197,5.01877293781063));
#9323=CARTESIAN_POINT('Ctrl Pts',(77.0214098789011,37.8976694889052,5.18741888822638));
#9324=CARTESIAN_POINT('Ctrl Pts',(76.9372322152189,37.9375268726687,5.27159655190859));
#9325=CARTESIAN_POINT('Ctrl Pts',(76.7756048598843,38.0503031158006,5.43322390724323));
#9326=CARTESIAN_POINT('Ctrl Pts',(76.6976561700333,38.1259951256211,5.51117259708663));
#9327=CARTESIAN_POINT('Ctrl Pts',(76.5850948912926,38.2915801388556,5.62373387582842));
#9328=CARTESIAN_POINT('Ctrl Pts',(76.5447599844792,38.3733989360775,5.66406878264822));
#9329=CARTESIAN_POINT('Ctrl Pts',(76.4936082755785,38.5448368813169,5.715220491549));
#9330=CARTESIAN_POINT('Ctrl Pts',(76.4807110859437,38.6298859795094,5.72811768118381));
#9331=CARTESIAN_POINT('Ctrl Pts',(76.4807110859437,38.7171132081989,5.72811768118381));
#9332=CARTESIAN_POINT('Ctrl Pts',(77.3645945624269,38.5117897418662,14.2124124396234));
#9333=CARTESIAN_POINT('Ctrl Pts',(77.3645945624269,38.055674646018,13.7272569616973));
#9334=CARTESIAN_POINT('Ctrl Pts',(77.3645945624269,37.8332297317158,13.1221145200656));
#9335=CARTESIAN_POINT('Ctrl Pts',(77.3645945624269,37.8332297317158,12.5));
#9336=CARTESIAN_POINT('Ctrl Pts',(77.2455469433792,38.5117897418662,14.2124124396234));
#9337=CARTESIAN_POINT('Ctrl Pts',(77.2455469433792,38.0557150552299,13.7272999437224));
#9338=CARTESIAN_POINT('Ctrl Pts',(77.2455469433792,37.8332297317158,13.1220594042458));
#9339=CARTESIAN_POINT('Ctrl Pts',(77.2455469433792,37.8332297317158,12.5));
#9340=CARTESIAN_POINT('Ctrl Pts',(76.986099173712,38.5473109573763,14.1790174490395));
#9341=CARTESIAN_POINT('Ctrl Pts',(76.986099173712,38.1001902047216,13.7034289749474));
#9342=CARTESIAN_POINT('Ctrl Pts',(76.986099173712,37.8819840356018,13.1098467579369));
#9343=CARTESIAN_POINT('Ctrl Pts',(76.986099173712,37.8819840356018,12.5));
#9344=CARTESIAN_POINT('Ctrl Pts',(76.5837571784317,38.7755727049222,13.9644189675271));
#9345=CARTESIAN_POINT('Ctrl Pts',(76.5837571784317,38.3855184117103,13.5495303160378));
#9346=CARTESIAN_POINT('Ctrl Pts',(76.5837571784317,38.1952825093615,13.032011419113));
#9347=CARTESIAN_POINT('Ctrl Pts',(76.5837571784317,38.1952825093615,12.5));
#9348=CARTESIAN_POINT('Ctrl Pts',(76.4807110859437,39.0256631696219,13.7292983897592));
#9349=CARTESIAN_POINT('Ctrl Pts',(76.4807110859437,38.6985985251291,13.3814098735581));
#9350=CARTESIAN_POINT('Ctrl Pts',(76.4807110859437,38.5385417796275,12.9460971938687));
#9351=CARTESIAN_POINT('Ctrl Pts',(76.4807110859437,38.5385417796275,12.5));
#9352=CARTESIAN_POINT('Ctrl Pts',(76.4807110859437,39.1557660260397,13.6069832155004));
#9353=CARTESIAN_POINT('Ctrl Pts',(76.4807110859437,38.8609119688294,13.29335610176));
#9354=CARTESIAN_POINT('Ctrl Pts',(76.4807110859437,38.717113208199,12.9021638221591));
#9355=CARTESIAN_POINT('Ctrl Pts',(76.4807110859437,38.717113208199,12.5));
#9356=CARTESIAN_POINT('',(77.3645945624269,38.0325155378717,13.4781176811838));
#9357=CARTESIAN_POINT('Ctrl Pts',(77.3645945624269,37.8332297317158,12.5));
#9358=CARTESIAN_POINT('Ctrl Pts',(77.3645945624269,37.8332297317158,12.8350010091504));
#9359=CARTESIAN_POINT('Ctrl Pts',(77.3645945624269,37.897731858709,13.1650806418696));
#9360=CARTESIAN_POINT('Ctrl Pts',(77.3645945624269,38.028488879024,13.4741536666612));
#9361=CARTESIAN_POINT('',(77.3645945624268,38.5117897418662,14.2124124396234));
#9362=CARTESIAN_POINT('Ctrl Pts',(77.3645945624269,38.5117897418662,14.2124124396234));
#9363=CARTESIAN_POINT('Ctrl Pts',(77.3645945624269,38.3025613817786,13.989862723646));
#9364=CARTESIAN_POINT('Ctrl Pts',(77.3645945624269,38.1425024892995,13.7420650488306));
#9365=CARTESIAN_POINT('Ctrl Pts',(77.3645945624269,38.0305295492392,13.4789628927397));
#9366=CARTESIAN_POINT('Ctrl Pts',(77.3645945624269,38.5117897418662,14.2124124396234));
#9367=CARTESIAN_POINT('Ctrl Pts',(77.3632337886069,38.5110694808899,14.2116463203667));
#9368=CARTESIAN_POINT('Ctrl Pts',(77.3618730142522,38.5103519924999,14.2108775939151));
#9369=CARTESIAN_POINT('Ctrl Pts',(77.2874083951677,38.4712417317962,14.1686691119275));
#9370=CARTESIAN_POINT('Ctrl Pts',(77.2142596131318,38.4408449107391,14.1197031787897));
#9371=CARTESIAN_POINT('Ctrl Pts',(77.0677393376787,38.3999897600149,14.0096650511535));
#9372=CARTESIAN_POINT('Ctrl Pts',(76.9942450290213,38.3901709015438,13.9480439511243));
#9373=CARTESIAN_POINT('Ctrl Pts',(76.8515093351652,38.3989597334374,13.8190004220166));
#9374=CARTESIAN_POINT('Ctrl Pts',(76.786897886038,38.418011650371,13.7556498359592));
#9375=CARTESIAN_POINT('Ctrl Pts',(76.6860169118743,38.4760365553775,13.6534712775254));
#9376=CARTESIAN_POINT('Ctrl Pts',(76.6448861912926,38.5111970221445,13.6103493189941));
#9377=CARTESIAN_POINT('Ctrl Pts',(76.5809590399939,38.5938807689135,13.5441203555182));
#9378=CARTESIAN_POINT('Ctrl Pts',(76.556726597057,38.6371467000224,13.5193421488953));
#9379=CARTESIAN_POINT('Ctrl Pts',(76.520028897772,38.7311333833349,13.4866537100738));
#9380=CARTESIAN_POINT('Ctrl Pts',(76.5074057889129,38.7793448717902,13.4781176811838));
#9381=CARTESIAN_POINT('Ctrl Pts',(76.4988009821203,38.8292975492162,13.4781176811838));
#9382=CARTESIAN_POINT('Ctrl Pts',(77.3645945624269,37.8332297317158,4.84423420470063));
#9383=CARTESIAN_POINT('Ctrl Pts',(73.1084969801617,37.8332297317158,4.84423420470063));
#9384=CARTESIAN_POINT('Ctrl Pts',(68.8529251906664,37.8332297317158,4.84423420470063));
#9385=CARTESIAN_POINT('Ctrl Pts',(64.5968276094511,37.8332297317158,4.84423420470063));
#9386=CARTESIAN_POINT('Ctrl Pts',(77.3645945624269,37.8332297317158,4.96328182374825));
#9387=CARTESIAN_POINT('Ctrl Pts',(73.1084969801617,37.8332297317158,4.96328182374825));
#9388=CARTESIAN_POINT('Ctrl Pts',(68.8529251906664,37.8332297317158,4.96328182374825));
#9389=CARTESIAN_POINT('Ctrl Pts',(64.5968276094511,37.8332297317158,4.96328182374825));
#9390=CARTESIAN_POINT('Ctrl Pts',(77.3645945624269,37.8819875999292,5.22273444637393));
#9391=CARTESIAN_POINT('Ctrl Pts',(73.1084969801617,37.8819875999292,5.22273444637393));
#9392=CARTESIAN_POINT('Ctrl Pts',(68.8529251906664,37.8819875999292,5.22273444637393));
#9393=CARTESIAN_POINT('Ctrl Pts',(64.5968276094511,37.8819875999292,5.22273444637393));
#9394=CARTESIAN_POINT('Ctrl Pts',(77.3645945624269,38.1952901617502,5.62508359118539));
#9395=CARTESIAN_POINT('Ctrl Pts',(73.1084969801616,38.1952901617502,5.62508359118539));
#9396=CARTESIAN_POINT('Ctrl Pts',(68.8529251906664,38.1952901617502,5.62508359118539));
#9397=CARTESIAN_POINT('Ctrl Pts',(64.5968276094511,38.1952901617502,5.62508359118539));
#9398=CARTESIAN_POINT('Ctrl Pts',(77.3645945624269,38.5385417796275,5.72811768118381));
#9399=CARTESIAN_POINT('Ctrl Pts',(73.1084969801617,38.5385417796275,5.72811768118381));
#9400=CARTESIAN_POINT('Ctrl Pts',(68.8529251906664,38.5385417796275,5.72811768118381));
#9401=CARTESIAN_POINT('Ctrl Pts',(64.5968276094511,38.5385417796275,5.72811768118381));
#9402=CARTESIAN_POINT('Ctrl Pts',(77.3645945624269,38.717113208199,5.72811768118381));
#9403=CARTESIAN_POINT('Ctrl Pts',(73.1084969801617,38.717113208199,5.72811768118381));
#9404=CARTESIAN_POINT('Ctrl Pts',(68.8529251906664,38.717113208199,5.72811768118381));
#9405=CARTESIAN_POINT('Ctrl Pts',(64.5968276094511,38.717113208199,5.72811768118381));
#9406=CARTESIAN_POINT('',(64.5968276094511,37.8332297317158,4.84423420470063));
#9407=CARTESIAN_POINT('Ctrl Pts',(64.5968276094511,37.8332297317158,4.84423420470063));
#9408=CARTESIAN_POINT('Ctrl Pts',(64.598221357416,37.8332297317157,4.84562795266552));
#9409=CARTESIAN_POINT('Ctrl Pts',(64.5996151073364,37.8332330283042,4.84702170257934));
#9410=CARTESIAN_POINT('Ctrl Pts',(64.6860767242344,37.8336420422258,4.93348331943431));
#9411=CARTESIAN_POINT('Ctrl Pts',(64.7715650123361,37.8463276857804,5.01897160757628));
#9412=CARTESIAN_POINT('Ctrl Pts',(64.9404396523783,37.8978331981875,5.18784624761843));
#9413=CARTESIAN_POINT('Ctrl Pts',(65.024736559376,37.9378061282722,5.2721431546161));
#9414=CARTESIAN_POINT('Ctrl Pts',(65.1862773819411,38.0507330115817,5.43368397718118));
#9415=CARTESIAN_POINT('Ctrl Pts',(65.2640530899828,38.1263548640389,5.51145968522705));
#9416=CARTESIAN_POINT('Ctrl Pts',(65.3764201167642,38.2917642934185,5.62382671200783));
#9417=CARTESIAN_POINT('Ctrl Pts',(65.416703517212,38.3735209681232,5.66411011245212));
#9418=CARTESIAN_POINT('Ctrl Pts',(65.4678184752702,38.5448668193235,5.7152250705103));
#9419=CARTESIAN_POINT('Ctrl Pts',(65.4807110859437,38.6299014978992,5.72811768118381));
#9420=CARTESIAN_POINT('Ctrl Pts',(65.4807110859437,38.717113208199,5.72811768118381));
#9421=CARTESIAN_POINT('Ctrl Pts',(64.5968276094511,37.8332297317158,4.84423420470063));
#9422=CARTESIAN_POINT('Ctrl Pts',(68.8529251906664,37.8332297317158,4.84423420470063));
#9423=CARTESIAN_POINT('Ctrl Pts',(73.1084969801617,37.8332297317158,4.84423420470063));
#9424=CARTESIAN_POINT('Ctrl Pts',(77.3645945624269,37.8332297317158,4.84423420470063));
#9425=CARTESIAN_POINT('Ctrl Pts',(64.5968276094605,37.8332297317158,12.5));
#9426=CARTESIAN_POINT('Ctrl Pts',(64.5968276094605,37.8332297317158,13.1221145125368));
#9427=CARTESIAN_POINT('Ctrl Pts',(64.5968276094605,38.05567462882,13.7272569434043));
#9428=CARTESIAN_POINT('Ctrl Pts',(64.5968276094605,38.5117897418662,14.2124124396233));
#9429=CARTESIAN_POINT('Ctrl Pts',(64.7158752285081,37.8332297317158,12.5));
#9430=CARTESIAN_POINT('Ctrl Pts',(64.7158752285081,37.8332297317158,13.1220593967176));
#9431=CARTESIAN_POINT('Ctrl Pts',(64.7158752285081,38.0557150380334,13.7272999254311));
#9432=CARTESIAN_POINT('Ctrl Pts',(64.7158752285081,38.5117897418662,14.2124124396233));
#9433=CARTESIAN_POINT('Ctrl Pts',(64.9753301144163,37.8819892642176,12.5));
#9434=CARTESIAN_POINT('Ctrl Pts',(64.9753301144163,37.8819892642176,13.1098467505566));
#9435=CARTESIAN_POINT('Ctrl Pts',(64.9753301144163,38.1001939973068,13.7034253755965));
#9436=CARTESIAN_POINT('Ctrl Pts',(64.9753301144163,38.5473147668203,14.1790138676208));
#9437=CARTESIAN_POINT('Ctrl Pts',(65.3776826252927,38.1952937497528,12.5));
#9438=CARTESIAN_POINT('Ctrl Pts',(65.3776826252927,38.1952937497528,13.0320114126746));
#9439=CARTESIAN_POINT('Ctrl Pts',(65.3776826252927,38.3855265864825,13.5495226011199));
#9440=CARTESIAN_POINT('Ctrl Pts',(65.3776826252927,38.7755808944015,13.9644112682527));
#9441=CARTESIAN_POINT('Ctrl Pts',(65.4807110859437,38.5385417796275,12.5));
#9442=CARTESIAN_POINT('Ctrl Pts',(65.4807110859437,38.5385417796275,12.94609718847));
#9443=CARTESIAN_POINT('Ctrl Pts',(65.4807110859437,38.6985985127971,13.3814098604408));
#9444=CARTESIAN_POINT('Ctrl Pts',(65.4807110859437,39.0256631696219,13.7292983897592));
#9445=CARTESIAN_POINT('Ctrl Pts',(65.4807110859437,38.717113208199,12.5));
#9446=CARTESIAN_POINT('Ctrl Pts',(65.4807110859437,38.717113208199,12.9021638172921));
#9447=CARTESIAN_POINT('Ctrl Pts',(65.4807110859437,38.8609119577118,13.2933560899346));
#9448=CARTESIAN_POINT('Ctrl Pts',(65.4807110859437,39.1557660260397,13.6069832155004));
#9449=CARTESIAN_POINT('',(64.5968276094605,38.0325155378717,13.4781176811838));
#9450=CARTESIAN_POINT('',(64.5968276094605,37.8332297317158,12.5));
#9451=CARTESIAN_POINT('Ctrl Pts',(64.5968276094605,38.0284888768709,13.4741536679576));
#9452=CARTESIAN_POINT('Ctrl Pts',(64.5968276094605,37.8977318552847,13.1650806408194));
#9453=CARTESIAN_POINT('Ctrl Pts',(64.5968276094605,37.8332297317158,12.835001009154));
#9454=CARTESIAN_POINT('Ctrl Pts',(64.5968276094605,37.8332297317158,12.5));
#9455=CARTESIAN_POINT('Ctrl Pts',(65.4807110859437,38.717113208199,12.5));
#9456=CARTESIAN_POINT('Ctrl Pts',(65.4807110859437,38.5385417796275,12.5));
#9457=CARTESIAN_POINT('Ctrl Pts',(65.3776851595884,38.1952953648213,12.5));
#9458=CARTESIAN_POINT('Ctrl Pts',(64.9753311306412,37.8819900119103,12.5));
#9459=CARTESIAN_POINT('Ctrl Pts',(64.7158752285081,37.8332297317158,12.5));
#9460=CARTESIAN_POINT('Ctrl Pts',(64.5968276094605,37.8332297317158,12.5));
#9461=CARTESIAN_POINT('',(64.5968276094604,38.5117897418662,14.2124124396234));
#9462=CARTESIAN_POINT('Ctrl Pts',(65.462621189767,38.8292975492162,13.4781176811838));
#9463=CARTESIAN_POINT('Ctrl Pts',(65.4540163829613,38.7793448717141,13.4781176811838));
#9464=CARTESIAN_POINT('Ctrl Pts',(65.441393274077,38.7311333831895,13.4866537100996));
#9465=CARTESIAN_POINT('Ctrl Pts',(65.4046955747257,38.6371466998055,13.5193421489977));
#9466=CARTESIAN_POINT('Ctrl Pts',(65.3804631317582,38.5938807686924,13.5441203556567));
#9467=CARTESIAN_POINT('Ctrl Pts',(65.316535980402,38.5111970219521,13.6103493191959));
#9468=CARTESIAN_POINT('Ctrl Pts',(65.2754052597971,38.4760365552128,13.6534712777489));
#9469=CARTESIAN_POINT('Ctrl Pts',(65.1745242855882,38.4180116502717,13.7556498362178));
#9470=CARTESIAN_POINT('Ctrl Pts',(65.1099128364388,38.3989597333779,13.8190004222866));
#9471=CARTESIAN_POINT('Ctrl Pts',(64.967177142627,38.3901709015701,13.9480439513269));
#9472=CARTESIAN_POINT('Ctrl Pts',(64.8936828340414,38.3999897600526,14.0096650512843));
#9473=CARTESIAN_POINT('Ctrl Pts',(64.7471625586975,38.4408449107639,14.1197031788281));
#9474=CARTESIAN_POINT('Ctrl Pts',(64.6740137766622,38.4712417318073,14.1686691119396));
#9475=CARTESIAN_POINT('Ctrl Pts',(64.5995491576373,38.5103519925002,14.2108775939155));
#9476=CARTESIAN_POINT('Ctrl Pts',(64.5981883832796,38.5110694808903,14.2116463203671));
#9477=CARTESIAN_POINT('Ctrl Pts',(64.5968276094605,38.5117897418662,14.2124124396233));
#9478=CARTESIAN_POINT('Ctrl Pts',(64.5968276094605,38.0305295469536,13.478962893714));
#9479=CARTESIAN_POINT('Ctrl Pts',(64.5968276094605,38.142502485189,13.7420650450203));
#9480=CARTESIAN_POINT('Ctrl Pts',(64.5968276094605,38.3025613767849,13.9898627183344));
#9481=CARTESIAN_POINT('Ctrl Pts',(64.5968276094605,38.5117897418662,14.2124124396233));
#9482=CARTESIAN_POINT('Ctrl Pts',(64.5968276094605,37.8332297317158,4.84423420470062));
#9483=CARTESIAN_POINT('Ctrl Pts',(64.5968276094605,37.8332297317158,7.39620060047339));
#9484=CARTESIAN_POINT('Ctrl Pts',(64.5968276094605,37.8332297317158,9.9478783907612));
#9485=CARTESIAN_POINT('Ctrl Pts',(64.5968276094605,37.8332297317158,12.5));
#9486=CARTESIAN_POINT('Ctrl Pts',(64.7158752285081,37.8332297317158,4.84423420470062));
#9487=CARTESIAN_POINT('Ctrl Pts',(64.7158752285081,37.8332297317158,7.39620060047339));
#9488=CARTESIAN_POINT('Ctrl Pts',(64.7158752285081,37.8332297317158,9.94787839076119));
#9489=CARTESIAN_POINT('Ctrl Pts',(64.7158752285081,37.8332297317158,12.5));
#9490=CARTESIAN_POINT('Ctrl Pts',(64.9753311306412,37.8819900119103,4.84423420470062));
#9491=CARTESIAN_POINT('Ctrl Pts',(64.9753311306412,37.8819900119103,7.39620060047339));
#9492=CARTESIAN_POINT('Ctrl Pts',(64.9753311306412,37.8819900119103,9.9478783907612));
#9493=CARTESIAN_POINT('Ctrl Pts',(64.9753311306412,37.8819900119103,12.5));
#9494=CARTESIAN_POINT('Ctrl Pts',(65.3776851595884,38.1952953648213,4.84423420470062));
#9495=CARTESIAN_POINT('Ctrl Pts',(65.3776851595884,38.1952953648213,7.39620060047339));
#9496=CARTESIAN_POINT('Ctrl Pts',(65.3776851595884,38.1952953648213,9.94787839076119));
#9497=CARTESIAN_POINT('Ctrl Pts',(65.3776851595884,38.1952953648213,12.5));
#9498=CARTESIAN_POINT('Ctrl Pts',(65.4807110859437,38.5385417796275,4.84423420470062));
#9499=CARTESIAN_POINT('Ctrl Pts',(65.4807110859437,38.5385417796275,7.39620060047339));
#9500=CARTESIAN_POINT('Ctrl Pts',(65.4807110859437,38.5385417796275,9.9478783907612));
#9501=CARTESIAN_POINT('Ctrl Pts',(65.4807110859437,38.5385417796275,12.5));
#9502=CARTESIAN_POINT('Ctrl Pts',(65.4807110859437,38.717113208199,4.84423420470062));
#9503=CARTESIAN_POINT('Ctrl Pts',(65.4807110859437,38.717113208199,7.39620060047339));
#9504=CARTESIAN_POINT('Ctrl Pts',(65.4807110859437,38.717113208199,9.9478783907612));
#9505=CARTESIAN_POINT('Ctrl Pts',(65.4807110859437,38.717113208199,12.5));
#9506=CARTESIAN_POINT('Ctrl Pts',(64.5968276094605,37.8332297317158,12.5));
#9507=CARTESIAN_POINT('Ctrl Pts',(64.5968276094605,37.8332297317158,9.9478783907612));
#9508=CARTESIAN_POINT('Ctrl Pts',(64.5968276094605,37.8332297317158,7.39620060047339));
#9509=CARTESIAN_POINT('Ctrl Pts',(64.5968276094605,37.8332297317158,4.84423420470062));
#9510=CARTESIAN_POINT('Ctrl Pts',(62.8645954564966,38.8292975492162,13.4781176811838));
#9511=CARTESIAN_POINT('Ctrl Pts',(58.6084127459318,38.8292975492162,13.4781176811838));
#9512=CARTESIAN_POINT('Ctrl Pts',(54.3530112139076,38.8292975492162,13.4781176811838));
#9513=CARTESIAN_POINT('Ctrl Pts',(50.0968285035302,38.8292975492162,13.4781176811838));
#9514=CARTESIAN_POINT('Ctrl Pts',(62.8645954564966,38.791202311121,13.4781176811838));
#9515=CARTESIAN_POINT('Ctrl Pts',(58.6084127459318,38.791202311121,13.4781176811838));
#9516=CARTESIAN_POINT('Ctrl Pts',(54.3530112139076,38.791202311121,13.4781176811838));
#9517=CARTESIAN_POINT('Ctrl Pts',(50.0968285035302,38.791202311121,13.4781176811838));
#9518=CARTESIAN_POINT('Ctrl Pts',(62.8645954564966,38.7081016826963,13.4880042220001));
#9519=CARTESIAN_POINT('Ctrl Pts',(58.6084127459318,38.7081016826963,13.4880042220001));
#9520=CARTESIAN_POINT('Ctrl Pts',(54.3530112139076,38.7081016826963,13.4880042220001));
#9521=CARTESIAN_POINT('Ctrl Pts',(50.0968285035302,38.7081016826963,13.4880042220001));
#9522=CARTESIAN_POINT('Ctrl Pts',(62.8645954564966,38.5753416075297,13.5484023020681));
#9523=CARTESIAN_POINT('Ctrl Pts',(58.6084127459319,38.5753416075297,13.5484023020681));
#9524=CARTESIAN_POINT('Ctrl Pts',(54.3530112139076,38.5753416075297,13.5484023020681));
#9525=CARTESIAN_POINT('Ctrl Pts',(50.0968285035302,38.5753416075297,13.5484023020681));
#9526=CARTESIAN_POINT('Ctrl Pts',(62.8645954564966,38.4604140818088,13.6626559276298));
#9527=CARTESIAN_POINT('Ctrl Pts',(58.6084127459318,38.4604140818088,13.6626559276298));
#9528=CARTESIAN_POINT('Ctrl Pts',(54.3530112139076,38.4604140818088,13.6626559276298));
#9529=CARTESIAN_POINT('Ctrl Pts',(50.0968285035302,38.4604140818088,13.6626559276298));
#9530=CARTESIAN_POINT('Ctrl Pts',(62.8645954564966,38.3934641011015,13.8166083735791));
#9531=CARTESIAN_POINT('Ctrl Pts',(58.6084127459319,38.3934641011015,13.8166083735791));
#9532=CARTESIAN_POINT('Ctrl Pts',(54.3530112139076,38.3934641011015,13.8166083735791));
#9533=CARTESIAN_POINT('Ctrl Pts',(50.0968285035302,38.3934641011015,13.8166083735791));
#9534=CARTESIAN_POINT('Ctrl Pts',(62.8645954564966,38.3879044962884,14.0332271633712));
#9535=CARTESIAN_POINT('Ctrl Pts',(58.6084127459318,38.3879044962884,14.0332271633712));
#9536=CARTESIAN_POINT('Ctrl Pts',(54.3530112139076,38.3879044962884,14.0332271633712));
#9537=CARTESIAN_POINT('Ctrl Pts',(50.0968285035302,38.3879044962884,14.0332271633712));
#9538=CARTESIAN_POINT('Ctrl Pts',(62.8645954564966,38.4596019341824,14.1569018875517));
#9539=CARTESIAN_POINT('Ctrl Pts',(58.6084127459318,38.4596019341824,14.1569018875517));
#9540=CARTESIAN_POINT('Ctrl Pts',(54.3530112139076,38.4596019341824,14.1569018875517));
#9541=CARTESIAN_POINT('Ctrl Pts',(50.0968285035302,38.4596019341824,14.1569018875517));
#9542=CARTESIAN_POINT('Ctrl Pts',(62.8645954564966,38.5117897418662,14.2124124396233));
#9543=CARTESIAN_POINT('Ctrl Pts',(58.6084127459318,38.5117897418662,14.2124124396233));
#9544=CARTESIAN_POINT('Ctrl Pts',(54.3530112139076,38.5117897418662,14.2124124396234));
#9545=CARTESIAN_POINT('Ctrl Pts',(50.0968285035302,38.5117897418662,14.2124124396234));
#9546=CARTESIAN_POINT('Ctrl Pts',(62.8645954564966,38.5117897418662,14.2124124396233));
#9547=CARTESIAN_POINT('Ctrl Pts',(58.6084127459318,38.5117897418662,14.2124124396233));
#9548=CARTESIAN_POINT('Ctrl Pts',(54.3530112139076,38.5117897418662,14.2124124396234));
#9549=CARTESIAN_POINT('Ctrl Pts',(50.0968285035302,38.5117897418662,14.2124124396234));
#9550=CARTESIAN_POINT('Origin',(20.3557110859437,40.3332297317158,12.5));
#9551=CARTESIAN_POINT('Ctrl Pts',(77.3645945624268,38.5117897418662,14.2124124396234));
#9552=CARTESIAN_POINT('Ctrl Pts',(73.108411840144,38.5117897418662,14.2124124396234));
#9553=CARTESIAN_POINT('Ctrl Pts',(68.853010318405,38.5117897418662,14.2124124396234));
#9554=CARTESIAN_POINT('Ctrl Pts',(64.5968276094605,38.5117897418662,14.2124124396234));
#9555=CARTESIAN_POINT('',(20.3557110859437,37.8332297317158,12.5));
#9556=CARTESIAN_POINT('',(20.3557110859437,37.8332297317158,12.5));
#9557=CARTESIAN_POINT('',(20.3557110859437,37.8332297317158,12.5));
#9558=CARTESIAN_POINT('',(20.3557110859437,37.8332297317158,12.5));
#9559=CARTESIAN_POINT('Ctrl Pts',(77.3645945665559,38.8292975492162,13.4781176811838));
#9560=CARTESIAN_POINT('Ctrl Pts',(73.1084118428962,38.8292975492162,13.4781176811838));
#9561=CARTESIAN_POINT('Ctrl Pts',(68.8530103197814,38.8292975492162,13.4781176811838));
#9562=CARTESIAN_POINT('Ctrl Pts',(64.5968276094605,38.8292975492162,13.4781176811838));
#9563=CARTESIAN_POINT('Ctrl Pts',(77.3645945665559,38.791202311121,13.4781176811838));
#9564=CARTESIAN_POINT('Ctrl Pts',(73.1084118428962,38.791202311121,13.4781176811838));
#9565=CARTESIAN_POINT('Ctrl Pts',(68.8530103197814,38.791202311121,13.4781176811838));
#9566=CARTESIAN_POINT('Ctrl Pts',(64.5968276094605,38.791202311121,13.4781176811838));
#9567=CARTESIAN_POINT('Ctrl Pts',(77.3645945665559,38.7081009343977,13.488000920654));
#9568=CARTESIAN_POINT('Ctrl Pts',(73.1084118428962,38.7081009343977,13.488000920654));
#9569=CARTESIAN_POINT('Ctrl Pts',(68.8530103197814,38.7081009343977,13.488000920654));
#9570=CARTESIAN_POINT('Ctrl Pts',(64.5968276094605,38.7081009343977,13.488000920654));
#9571=CARTESIAN_POINT('Ctrl Pts',(77.3645945665559,38.5753406946062,13.548398105015));
#9572=CARTESIAN_POINT('Ctrl Pts',(73.1084118428962,38.5753406946062,13.548398105015));
#9573=CARTESIAN_POINT('Ctrl Pts',(68.8530103197814,38.5753406946062,13.548398105015));
#9574=CARTESIAN_POINT('Ctrl Pts',(64.5968276094605,38.5753406946062,13.548398105015));
#9575=CARTESIAN_POINT('Ctrl Pts',(77.3645945665559,38.4604126087641,13.6626491831197));
#9576=CARTESIAN_POINT('Ctrl Pts',(73.1084118428962,38.4604126087641,13.6626491831197));
#9577=CARTESIAN_POINT('Ctrl Pts',(68.8530103197814,38.4604126087641,13.6626491831197));
#9578=CARTESIAN_POINT('Ctrl Pts',(64.5968276094605,38.4604126087641,13.6626491831197));
#9579=CARTESIAN_POINT('Ctrl Pts',(77.3645945665559,38.3934627110467,13.8166023805675));
#9580=CARTESIAN_POINT('Ctrl Pts',(73.1084118428962,38.3934627110467,13.8166023805675));
#9581=CARTESIAN_POINT('Ctrl Pts',(68.8530103197814,38.3934627110467,13.8166023805675));
#9582=CARTESIAN_POINT('Ctrl Pts',(64.5968276094605,38.3934627110467,13.8166023805675));
#9583=CARTESIAN_POINT('Ctrl Pts',(77.3645945665559,38.3879024848515,14.0332182423654));
#9584=CARTESIAN_POINT('Ctrl Pts',(73.1084118428963,38.3879024848515,14.0332182423654));
#9585=CARTESIAN_POINT('Ctrl Pts',(68.8530103197814,38.3879024848515,14.0332182423654));
#9586=CARTESIAN_POINT('Ctrl Pts',(64.5968276094605,38.3879024848515,14.0332182423654));
#9587=CARTESIAN_POINT('Ctrl Pts',(77.3645945665559,38.4596019341824,14.1569018875517));
#9588=CARTESIAN_POINT('Ctrl Pts',(73.1084118428962,38.4596019341824,14.1569018875517));
#9589=CARTESIAN_POINT('Ctrl Pts',(68.8530103197814,38.4596019341824,14.1569018875517));
#9590=CARTESIAN_POINT('Ctrl Pts',(64.5968276094605,38.4596019341824,14.1569018875517));
#9591=CARTESIAN_POINT('Ctrl Pts',(77.3645945665559,38.5117897418662,14.2124124396234));
#9592=CARTESIAN_POINT('Ctrl Pts',(73.1084118428962,38.5117897418662,14.2124124396234));
#9593=CARTESIAN_POINT('Ctrl Pts',(68.8530103197814,38.5117897418662,14.2124124396234));
#9594=CARTESIAN_POINT('Ctrl Pts',(64.5968276094605,38.5117897418662,14.2124124396234));
#9595=CARTESIAN_POINT('Origin',(52.4807119800134,37.8332297317158,7.22811768118381));
#9596=CARTESIAN_POINT('',(52.4807119800134,37.8332297317158,7.47811768118381));
#9597=CARTESIAN_POINT('',(52.4807119800134,37.8332297317158,11.7281176811838));
#9598=CARTESIAN_POINT('Origin',(52.7307119800134,37.8332297317158,11.7281176811838));
#9599=CARTESIAN_POINT('',(52.7307119800134,37.8332297317158,11.9781176811838));
#9600=CARTESIAN_POINT('Origin',(60.4807119800134,37.8332297317158,11.9781176811838));
#9601=CARTESIAN_POINT('',(60.4807119800134,37.8332297317158,11.7281176811838));
#9602=CARTESIAN_POINT('',(60.4807119800134,37.8332297317158,7.47811768118381));
#9603=CARTESIAN_POINT('Origin',(60.2307119800134,37.8332297317158,7.47811768118381));
#9604=CARTESIAN_POINT('',(60.2307119800134,37.8332297317158,7.22811768118381));
#9605=CARTESIAN_POINT('Origin',(52.4807119800134,37.8332297317158,11.9781176811838));
#9606=CARTESIAN_POINT('',(60.2307119800134,37.8332297317158,11.9781176811838));
#9607=CARTESIAN_POINT('Origin',(60.2307119800134,37.8332297317158,11.7281176811838));
#9608=CARTESIAN_POINT('Origin',(60.4807119800134,37.8332297317158,7.22811768118381));
#9609=CARTESIAN_POINT('',(52.7307119800134,37.8332297317158,7.22811768118381));
#9610=CARTESIAN_POINT('Origin',(52.7307119800134,37.8332297317158,7.47811768118381));
#9611=CARTESIAN_POINT('Origin',(74.9807110859437,37.8332297317158,7.22811768118381));
#9612=CARTESIAN_POINT('',(74.7307110859437,37.8332297317158,7.22811768118381));
#9613=CARTESIAN_POINT('',(67.2307110859437,37.8332297317158,7.22811768118381));
#9614=CARTESIAN_POINT('Origin',(67.2307110859437,37.8332297317158,7.47811768118381));
#9615=CARTESIAN_POINT('',(66.9807110859437,37.8332297317158,7.47811768118381));
#9616=CARTESIAN_POINT('Origin',(66.9807110859437,37.8332297317158,7.22811768118381));
#9617=CARTESIAN_POINT('',(66.9807110859437,37.8332297317158,11.7281176811838));
#9618=CARTESIAN_POINT('Origin',(67.2307110859437,37.8332297317158,11.7281176811838));
#9619=CARTESIAN_POINT('',(67.2307110859437,37.8332297317158,11.9781176811838));
#9620=CARTESIAN_POINT('Origin',(74.9807110859437,37.8332297317158,11.9781176811838));
#9621=CARTESIAN_POINT('',(74.9807110859437,37.8332297317158,11.7281176811838));
#9622=CARTESIAN_POINT('',(74.9807110859437,37.8332297317158,7.47811768118381));
#9623=CARTESIAN_POINT('Origin',(74.7307110859437,37.8332297317158,7.47811768118381));
#9624=CARTESIAN_POINT('Origin',(66.9807110859437,37.8332297317158,11.9781176811838));
#9625=CARTESIAN_POINT('',(74.7307110859437,37.8332297317158,11.9781176811838));
#9626=CARTESIAN_POINT('Origin',(74.7307110859437,37.8332297317158,11.7281176811838));
#9627=CARTESIAN_POINT('Origin',(31.2307114584728,85.3332304767738,15.));
#9628=CARTESIAN_POINT('',(26.2307114584728,85.3332304767738,13.5));
#9629=CARTESIAN_POINT('',(31.2307114584728,85.3332304767738,13.5));
#9630=CARTESIAN_POINT('',(29.9807114584728,85.3332304767738,13.5));
#9631=CARTESIAN_POINT('',(31.2307114584728,85.3332304767738,12.));
#9632=CARTESIAN_POINT('',(31.2307114584728,85.3332304767738,13.));
#9633=CARTESIAN_POINT('',(26.2307114584728,85.3332304767738,12.));
#9634=CARTESIAN_POINT('',(31.2307114584728,85.3332304767738,12.));
#9635=CARTESIAN_POINT('',(26.2307114584728,85.3332304767738,13.));
#9636=CARTESIAN_POINT('Origin',(26.2307114584728,85.3332304767738,15.));
#9637=CARTESIAN_POINT('',(26.2307114584728,89.8332304767738,13.5));
#9638=CARTESIAN_POINT('',(26.2307114584728,86.4582304767738,13.5));
#9639=CARTESIAN_POINT('',(26.2307114584728,89.8332304767738,12.));
#9640=CARTESIAN_POINT('',(26.2307114584728,85.3332304767738,12.));
#9641=CARTESIAN_POINT('',(26.2307114584728,89.8332304767738,13.));
#9642=CARTESIAN_POINT('Origin',(26.2307114584728,89.8332304767738,15.));
#9643=CARTESIAN_POINT('',(31.2307114584728,89.8332304767738,13.5));
#9644=CARTESIAN_POINT('',(27.4807114584728,89.8332304767738,13.5));
#9645=CARTESIAN_POINT('',(31.2307114584728,89.8332304767738,12.));
#9646=CARTESIAN_POINT('',(26.2307114584728,89.8332304767738,12.));
#9647=CARTESIAN_POINT('',(31.2307114584728,89.8332304767738,15.));
#9648=CARTESIAN_POINT('Origin',(31.2307114584728,89.8332304767738,15.));
#9649=CARTESIAN_POINT('',(31.2307114584728,88.7082304767738,13.5));
#9650=CARTESIAN_POINT('',(31.2307114584728,89.8332304767738,12.));
#9651=CARTESIAN_POINT('Origin',(28.7307114584728,87.5832304767738,13.5));
#9652=CARTESIAN_POINT('',(32.8595788134301,91.3332304774203,13.5));
#9653=CARTESIAN_POINT('',(24.6018441035155,91.3332304774203,13.5));
#9654=CARTESIAN_POINT('',(26.7307114584728,91.3332304767738,13.5));
#9655=CARTESIAN_POINT('',(24.7307114584728,90.5832297317158,13.5));
#9656=CARTESIAN_POINT('Ctrl Pts',(24.6018441037401,91.3332304775192,13.5));
#9657=CARTESIAN_POINT('Ctrl Pts',(24.6093132510398,91.3150238714325,13.5));
#9658=CARTESIAN_POINT('Ctrl Pts',(24.6163014095949,91.2969544003304,13.5));
#9659=CARTESIAN_POINT('Ctrl Pts',(24.6991887363293,91.0703945296449,13.5));
#9660=CARTESIAN_POINT('Ctrl Pts',(24.7307114584728,90.8055178898202,13.5));
#9661=CARTESIAN_POINT('Ctrl Pts',(24.7307114584728,90.5832297317158,13.5));
#9662=CARTESIAN_POINT('',(24.7307114584728,83.8332304767738,13.5));
#9663=CARTESIAN_POINT('',(24.7307114584728,91.3332304767738,13.5));
#9664=CARTESIAN_POINT('',(32.7307114584728,83.8332304767738,13.5));
#9665=CARTESIAN_POINT('',(24.7307114584728,83.8332304767738,13.5));
#9666=CARTESIAN_POINT('',(32.7307114584728,90.5832297317158,13.5));
#9667=CARTESIAN_POINT('',(32.7307114584728,83.8332304767738,13.5));
#9668=CARTESIAN_POINT('Ctrl Pts',(32.7307114584728,90.5832297317157,13.5));
#9669=CARTESIAN_POINT('Ctrl Pts',(32.7307114584728,90.8055178898201,13.5));
#9670=CARTESIAN_POINT('Ctrl Pts',(32.7622341806162,91.0703945296449,13.5));
#9671=CARTESIAN_POINT('Ctrl Pts',(32.8451215073501,91.2969544003291,13.5));
#9672=CARTESIAN_POINT('Ctrl Pts',(32.8521096659047,91.3150238714298,13.5));
#9673=CARTESIAN_POINT('Ctrl Pts',(32.8595788132037,91.3332304775151,13.5));
#9674=CARTESIAN_POINT('Origin',(28.7307114584728,87.5832304767738,12.));
#9675=CARTESIAN_POINT('',(32.7307114584728,83.8332304767738,12.));
#9676=CARTESIAN_POINT('',(32.7307114584728,83.8332304767738,12.));
#9677=CARTESIAN_POINT('',(24.7307114584728,83.8332304767738,12.));
#9678=CARTESIAN_POINT('',(24.7307114584728,83.8332304767738,12.));
#9679=CARTESIAN_POINT('',(24.7307114584728,91.3332304767738,12.));
#9680=CARTESIAN_POINT('Origin',(32.7307114584728,83.8332304767738,13.));
#9681=CARTESIAN_POINT('',(24.7307114584728,83.8332304767738,13.));
#9682=CARTESIAN_POINT('',(32.7307114584728,83.8332304767738,13.));
#9683=CARTESIAN_POINT('Origin',(32.7307114584728,91.3332304767738,13.));
#9684=CARTESIAN_POINT('Origin',(24.7307114584728,83.8332304767738,13.));
#9685=CARTESIAN_POINT('Origin',(32.7307114584728,91.3332304767738,15.));
#9686=CARTESIAN_POINT('',(32.7307114584728,89.8332297317158,13.75));
#9687=CARTESIAN_POINT('',(32.7307114584728,83.8332304767738,13.75));
#9688=CARTESIAN_POINT('',(32.7307114584728,78.2082301042448,13.75));
#9689=CARTESIAN_POINT('Origin',(32.7307114584728,89.8332297317158,12.5));
#9690=CARTESIAN_POINT('',(32.7307114584728,83.8332304767738,15.));
#9691=CARTESIAN_POINT('Origin',(32.7307114584728,83.8332304767738,15.));
#9692=CARTESIAN_POINT('',(24.7307114584728,83.8332304767738,13.75));
#9693=CARTESIAN_POINT('',(37.8557112722082,83.8332304767738,13.75));
#9694=CARTESIAN_POINT('',(24.7307114584728,83.8332304767738,15.));
#9695=CARTESIAN_POINT('Origin',(24.7307114584728,83.8332304767738,15.));
#9696=CARTESIAN_POINT('',(24.7307114584728,89.8332297317158,13.75));
#9697=CARTESIAN_POINT('Origin',(24.7307114584728,89.8332297317158,12.5));
#9698=CARTESIAN_POINT('',(24.7307114584728,74.4582301042448,13.75));
#9699=CARTESIAN_POINT('Ctrl Pts',(24.7307114584728,89.8332297317158,13.75));
#9700=CARTESIAN_POINT('Ctrl Pts',(24.7307114584728,91.0832297317158,13.75));
#9701=CARTESIAN_POINT('Ctrl Pts',(24.7307114584728,91.0832297317158,12.5));
#9702=CARTESIAN_POINT('Ctrl Pts',(24.7307114584728,89.8332297317158,15.));
#9703=CARTESIAN_POINT('Ctrl Pts',(24.7307114584728,92.3332297317158,15.));
#9704=CARTESIAN_POINT('Ctrl Pts',(24.7307114584728,92.3332297317158,12.5));
#9705=CARTESIAN_POINT('Ctrl Pts',(23.4807114584728,89.8332297317158,15.));
#9706=CARTESIAN_POINT('Ctrl Pts',(23.4807114584728,92.3332297317158,15.));
#9707=CARTESIAN_POINT('Ctrl Pts',(23.4807114584728,92.3332297317158,12.5));
#9708=CARTESIAN_POINT('Origin',(23.4807114584728,89.8332297317158,12.5));
#9709=CARTESIAN_POINT('Origin',(23.4807114584728,89.8332297317158,13.75));
#9710=CARTESIAN_POINT('Ctrl Pts',(24.6018441040459,91.3332304767738,13.5));
#9711=CARTESIAN_POINT('Ctrl Pts',(24.55744144922,91.4568091445467,13.4769841834378));
#9712=CARTESIAN_POINT('Ctrl Pts',(24.5043414034645,91.5732237633155,13.4360149710607));
#9713=CARTESIAN_POINT('Ctrl Pts',(24.3818953551406,91.7916444948217,13.3228602163673));
#9714=CARTESIAN_POINT('Ctrl Pts',(24.3122782006391,91.8915994245557,13.2494539988784));
#9715=CARTESIAN_POINT('Ctrl Pts',(24.1116341211013,92.1207353951259,13.0258566812165));
#9716=CARTESIAN_POINT('Ctrl Pts',(23.9849335502628,92.2083514568468,12.8728903362657));
#9717=CARTESIAN_POINT('Ctrl Pts',(23.7986169083463,92.2887886266281,12.6777234745338));
#9718=CARTESIAN_POINT('Ctrl Pts',(23.7341758871515,92.3064809109562,12.6167065517205));
#9719=CARTESIAN_POINT('Ctrl Pts',(23.6315017897542,92.3245845840711,12.543997303581));
#9720=CARTESIAN_POINT('Ctrl Pts',(23.5964744691365,92.3281435028752,12.5260460706667));
#9721=CARTESIAN_POINT('Ctrl Pts',(23.5377199556976,92.332242989956,12.5054406337606));
#9722=CARTESIAN_POINT('Ctrl Pts',(23.5097280257216,92.3332297317158,12.5));
#9723=CARTESIAN_POINT('Ctrl Pts',(23.4807114584728,92.3332297317158,12.5));
#9724=CARTESIAN_POINT('Origin',(33.9807114584728,78.2082301042448,13.75));
#9725=CARTESIAN_POINT('Origin',(33.9807114584728,89.8332297317158,13.75));
#9726=CARTESIAN_POINT('Origin',(33.9807114584728,82.5832304767738,13.75));
#9727=CARTESIAN_POINT('Ctrl Pts',(32.7307114584728,91.0832297317157,12.5));
#9728=CARTESIAN_POINT('Ctrl Pts',(32.7307114584728,91.0832297317157,13.75));
#9729=CARTESIAN_POINT('Ctrl Pts',(32.7307114584728,89.8332297317158,13.75));
#9730=CARTESIAN_POINT('Ctrl Pts',(32.7307114584728,92.3332297317158,12.5));
#9731=CARTESIAN_POINT('Ctrl Pts',(32.7307114584728,92.3332297317158,15.));
#9732=CARTESIAN_POINT('Ctrl Pts',(32.7307114584728,89.8332297317158,15.));
#9733=CARTESIAN_POINT('Ctrl Pts',(33.9807114584728,92.3332297317158,12.5));
#9734=CARTESIAN_POINT('Ctrl Pts',(33.9807114584728,92.3332297317158,15.));
#9735=CARTESIAN_POINT('Ctrl Pts',(33.9807114584728,89.8332297317158,15.));
#9736=CARTESIAN_POINT('Origin',(33.9807114584728,89.8332297317158,12.5));
#9737=CARTESIAN_POINT('Ctrl Pts',(33.9807114584728,92.3332297317158,12.5));
#9738=CARTESIAN_POINT('Ctrl Pts',(33.9792347888157,92.3332297317158,12.5));
#9739=CARTESIAN_POINT('Ctrl Pts',(33.9777554654942,92.3332271152521,12.5000140499764));
#9740=CARTESIAN_POINT('Ctrl Pts',(33.9418491738531,92.3330996204976,12.5006984786452));
#9741=CARTESIAN_POINT('Ctrl Pts',(33.9090705032989,92.3315949304464,12.5089978317369));
#9742=CARTESIAN_POINT('Ctrl Pts',(33.8386821452035,92.3255007189263,12.5387086234987));
#9743=CARTESIAN_POINT('Ctrl Pts',(33.7973533740515,92.3200642474298,12.5645002317443));
#9744=CARTESIAN_POINT('Ctrl Pts',(33.6397724178852,92.2853526246903,12.6910202099377));
#9745=CARTESIAN_POINT('Ctrl Pts',(33.5149897640167,92.2356342620125,12.8335511002032));
#9746=CARTESIAN_POINT('Ctrl Pts',(33.267232200161,92.0381124302887,13.1179954855143));
#9747=CARTESIAN_POINT('Ctrl Pts',(33.1613535302272,91.914707488995,13.2391710155776));
#9748=CARTESIAN_POINT('Ctrl Pts',(32.9868709787345,91.6366997049595,13.4120917468935));
#9749=CARTESIAN_POINT('Ctrl Pts',(32.9162435617163,91.4909362309882,13.4706282097452));
#9750=CARTESIAN_POINT('Ctrl Pts',(32.8595788128996,91.3332304767738,13.5));
#9751=CARTESIAN_POINT('Origin',(37.8557112722082,82.5832304767738,13.75));
#9752=CARTESIAN_POINT('Origin',(23.4807114584728,82.5832304767738,13.75));
#9753=CARTESIAN_POINT('Origin',(23.4807114584728,74.4582301042448,13.75));
#9754=CARTESIAN_POINT('Origin',(65.6057110859437,89.8332297317158,12.5));
#9755=CARTESIAN_POINT('Origin',(65.6057110859437,91.1043607180878,12.2711311568931));
#9756=CARTESIAN_POINT('Origin',(77.803934390647,86.9064530364191,15.));
#9757=CARTESIAN_POINT('',(77.8039343906471,87.3564530364191,12.25));
#9758=CARTESIAN_POINT('',(78.253934390647,86.9064530364191,12.25));
#9759=CARTESIAN_POINT('Origin',(77.803934390647,86.9064530364191,12.25));
#9760=CARTESIAN_POINT('',(77.8039343906471,87.3564530364191,11.));
#9761=CARTESIAN_POINT('',(77.8039343906471,87.3564530364191,15.));
#9762=CARTESIAN_POINT('',(78.253934390647,86.9064530364191,11.));
#9763=CARTESIAN_POINT('Origin',(77.803934390647,86.9064530364191,11.));
#9764=CARTESIAN_POINT('',(78.253934390647,86.9064530364191,15.));
#9765=CARTESIAN_POINT('Origin',(78.253934390647,86.9064530364191,15.));
#9766=CARTESIAN_POINT('',(78.2539343906471,81.4064530364191,12.25));
#9767=CARTESIAN_POINT('',(78.253934390647,85.5314530364191,12.25));
#9768=CARTESIAN_POINT('',(78.2539343906471,81.4064530364191,11.));
#9769=CARTESIAN_POINT('',(78.2539343906471,81.4064530364191,11.));
#9770=CARTESIAN_POINT('',(78.2539343906471,81.4064530364191,15.));
#9771=CARTESIAN_POINT('Origin',(77.8039343906471,81.4064530364191,15.));
#9772=CARTESIAN_POINT('',(77.8039343906471,80.9564530364191,12.25));
#9773=CARTESIAN_POINT('Origin',(77.8039343906471,81.4064530364191,12.25));
#9774=CARTESIAN_POINT('',(77.8039343906471,80.9564530364191,11.));
#9775=CARTESIAN_POINT('Origin',(77.8039343906471,81.4064530364191,11.));
#9776=CARTESIAN_POINT('',(77.8039343906471,80.9564530364191,15.));
#9777=CARTESIAN_POINT('Origin',(77.8039343906471,80.9564530364191,15.));
#9778=CARTESIAN_POINT('',(74.8039343906471,80.9564530364191,12.25));
#9779=CARTESIAN_POINT('',(75.928934390647,80.9564530364191,12.25));
#9780=CARTESIAN_POINT('',(74.8039343906471,80.9564530364191,11.));
#9781=CARTESIAN_POINT('',(74.8039343906471,80.9564530364191,11.));
#9782=CARTESIAN_POINT('',(74.8039343906471,80.9564530364191,15.));
#9783=CARTESIAN_POINT('Origin',(70.3039343906471,87.3564530364191,15.));
#9784=CARTESIAN_POINT('',(70.3039343906471,87.3564530364191,12.25));
#9785=CARTESIAN_POINT('',(73.3039343906471,87.3564530364191,12.25));
#9786=CARTESIAN_POINT('',(72.1789343906471,87.3564530364191,12.25));
#9787=CARTESIAN_POINT('',(70.3039343906471,87.3564530364191,11.));
#9788=CARTESIAN_POINT('',(70.3039343906471,87.3564530364191,15.));
#9789=CARTESIAN_POINT('',(73.3039343906471,87.3564530364191,11.));
#9790=CARTESIAN_POINT('',(73.3039343906471,87.3564530364191,11.));
#9791=CARTESIAN_POINT('',(73.3039343906471,87.3564530364191,15.));
#9792=CARTESIAN_POINT('Origin',(74.053934390647,84.1564530364192,11.));
#9793=CARTESIAN_POINT('',(82.5539343906471,76.6564530364191,11.));
#9794=CARTESIAN_POINT('',(82.5539343906471,91.6564530364192,11.));
#9795=CARTESIAN_POINT('',(65.5539343906471,76.6564530364191,11.));
#9796=CARTESIAN_POINT('',(82.5539343906471,76.6564530364191,11.));
#9797=CARTESIAN_POINT('',(65.5539343906471,76.6564530364191,11.));
#9798=CARTESIAN_POINT('',(74.3539343906471,81.4064530364191,11.));
#9799=CARTESIAN_POINT('Origin',(74.8039343906471,81.4064530364191,11.));
#9800=CARTESIAN_POINT('',(74.8039343906471,87.3564530364191,11.));
#9801=CARTESIAN_POINT('',(77.8039343906471,87.3564530364191,11.));
#9802=CARTESIAN_POINT('',(74.3539343906471,86.9064530364192,11.));
#9803=CARTESIAN_POINT('Origin',(74.8039343906471,86.9064530364191,11.));
#9804=CARTESIAN_POINT('',(74.3539343906471,86.9064530364192,11.));
#9805=CARTESIAN_POINT('',(73.7539343906471,86.9064530364191,11.));
#9806=CARTESIAN_POINT('Origin',(73.303934390647,86.9064530364191,11.));
#9807=CARTESIAN_POINT('',(69.8539343906471,86.9064530364192,11.));
#9808=CARTESIAN_POINT('Origin',(70.3039343906471,86.9064530364191,11.));
#9809=CARTESIAN_POINT('',(69.8539343906471,81.4064530364191,11.));
#9810=CARTESIAN_POINT('',(69.8539343906471,86.9064530364192,11.));
#9811=CARTESIAN_POINT('',(70.3039343906471,80.9564530364191,11.));
#9812=CARTESIAN_POINT('Origin',(70.3039343906471,81.4064530364191,11.));
#9813=CARTESIAN_POINT('',(73.3039343906471,80.9564530364191,11.));
#9814=CARTESIAN_POINT('',(70.3039343906471,80.9564530364191,11.));
#9815=CARTESIAN_POINT('',(73.7539343906471,81.4064530364191,11.));
#9816=CARTESIAN_POINT('Origin',(73.3039343906471,81.4064530364191,11.));
#9817=CARTESIAN_POINT('',(73.7539343906471,81.4064530364191,11.));
#9818=CARTESIAN_POINT('Origin',(82.5539343906471,91.6564530364192,13.));
#9819=CARTESIAN_POINT('',(82.5539343906471,76.6564530364191,13.));
#9820=CARTESIAN_POINT('Origin',(82.5539343906471,76.6564530364191,13.));
#9821=CARTESIAN_POINT('',(65.5539343906471,76.6564530364191,13.));
#9822=CARTESIAN_POINT('Origin',(65.5539343906471,76.6564530364191,13.));
#9823=CARTESIAN_POINT('Origin',(73.303934390647,86.9064530364191,15.));
#9824=CARTESIAN_POINT('',(73.7539343906471,86.9064530364191,12.25));
#9825=CARTESIAN_POINT('Origin',(73.303934390647,86.9064530364191,12.25));
#9826=CARTESIAN_POINT('',(73.7539343906471,86.9064530364191,15.));
#9827=CARTESIAN_POINT('Origin',(73.7539343906471,86.9064530364191,15.));
#9828=CARTESIAN_POINT('',(73.7539343906471,81.4064530364191,12.25));
#9829=CARTESIAN_POINT('',(73.7539343906471,85.5314530364191,12.25));
#9830=CARTESIAN_POINT('',(73.7539343906471,81.4064530364191,15.));
#9831=CARTESIAN_POINT('Origin',(73.3039343906471,81.4064530364191,15.));
#9832=CARTESIAN_POINT('',(73.3039343906471,80.9564530364191,12.25));
#9833=CARTESIAN_POINT('Origin',(73.3039343906471,81.4064530364191,12.25));
#9834=CARTESIAN_POINT('',(73.3039343906471,80.9564530364191,15.));
#9835=CARTESIAN_POINT('Origin',(74.8039343906471,81.4064530364191,15.));
#9836=CARTESIAN_POINT('',(74.3539343906471,81.4064530364191,12.25));
#9837=CARTESIAN_POINT('Origin',(74.8039343906471,81.4064530364191,12.25));
#9838=CARTESIAN_POINT('',(74.3539343906471,81.4064530364191,15.));
#9839=CARTESIAN_POINT('Origin',(74.3539343906471,81.4064530364191,15.));
#9840=CARTESIAN_POINT('',(74.3539343906471,86.9064530364192,12.25));
#9841=CARTESIAN_POINT('',(74.3539343906471,82.7814530364191,12.25));
#9842=CARTESIAN_POINT('',(74.3539343906471,86.9064530364192,15.));
#9843=CARTESIAN_POINT('Origin',(74.8039343906471,86.9064530364191,15.));
#9844=CARTESIAN_POINT('',(74.8039343906471,87.3564530364191,12.25));
#9845=CARTESIAN_POINT('Origin',(74.8039343906471,86.9064530364191,12.25));
#9846=CARTESIAN_POINT('',(74.8039343906471,87.3564530364191,15.));
#9847=CARTESIAN_POINT('Origin',(74.8039343906471,87.3564530364191,15.));
#9848=CARTESIAN_POINT('',(74.4289343906471,87.3564530364191,12.25));
#9849=CARTESIAN_POINT('Origin',(74.1039343906471,82.7814530364191,12.25));
#9850=CARTESIAN_POINT('',(74.1039343906471,81.4064530364191,12.5));
#9851=CARTESIAN_POINT('Origin',(74.1039343906471,81.4064530364191,12.25));
#9852=CARTESIAN_POINT('',(74.1039343906471,86.9064530364192,12.5));
#9853=CARTESIAN_POINT('Origin',(74.1039343906471,86.9064530364192,12.25));
#9854=CARTESIAN_POINT('',(74.1039343906471,82.7814530364191,12.5));
#9855=CARTESIAN_POINT('Origin',(74.8039343906471,86.9064530364191,12.25));
#9856=CARTESIAN_POINT('',(74.8039343906471,87.6064530364191,12.5));
#9857=CARTESIAN_POINT('Origin',(74.8039343906471,87.6064530364191,12.25));
#9858=CARTESIAN_POINT('Origin',(74.8039343906471,86.9064530364191,12.5));
#9859=CARTESIAN_POINT('Origin',(74.4289343906471,87.6064530364191,12.25));
#9860=CARTESIAN_POINT('',(77.8039343906471,87.6064530364191,12.5));
#9861=CARTESIAN_POINT('Origin',(77.8039343906471,87.6064530364191,12.25));
#9862=CARTESIAN_POINT('',(74.4289343906471,87.6064530364191,12.5));
#9863=CARTESIAN_POINT('Origin',(77.803934390647,86.9064530364191,12.25));
#9864=CARTESIAN_POINT('Origin',(77.803934390647,86.9064530364191,12.5));
#9865=CARTESIAN_POINT('Origin',(78.503934390647,86.9064530364191,12.25));
#9866=CARTESIAN_POINT('Origin',(78.503934390647,85.5314530364191,12.25));
#9867=CARTESIAN_POINT('',(78.5039343906471,81.4064530364191,12.5));
#9868=CARTESIAN_POINT('Origin',(78.5039343906471,81.4064530364191,12.25));
#9869=CARTESIAN_POINT('',(78.503934390647,85.5314530364191,12.5));
#9870=CARTESIAN_POINT('Origin',(77.8039343906471,81.4064530364191,12.25));
#9871=CARTESIAN_POINT('',(77.8039343906471,80.7064530364191,12.5));
#9872=CARTESIAN_POINT('Origin',(77.8039343906471,80.7064530364191,12.25));
#9873=CARTESIAN_POINT('Origin',(77.8039343906471,81.4064530364191,12.5));
#9874=CARTESIAN_POINT('Origin',(75.928934390647,80.7064530364191,12.25));
#9875=CARTESIAN_POINT('',(74.8039343906471,80.7064530364191,12.5));
#9876=CARTESIAN_POINT('Origin',(74.8039343906471,80.7064530364191,12.25));
#9877=CARTESIAN_POINT('',(75.928934390647,80.7064530364191,12.5));
#9878=CARTESIAN_POINT('Origin',(74.8039343906471,81.4064530364191,12.25));
#9879=CARTESIAN_POINT('Origin',(74.8039343906471,81.4064530364191,12.5));
#9880=CARTESIAN_POINT('Origin',(73.3039343906471,80.9564530364191,15.));
#9881=CARTESIAN_POINT('',(70.3039343906471,80.9564530364191,12.25));
#9882=CARTESIAN_POINT('',(73.678934390647,80.9564530364191,12.25));
#9883=CARTESIAN_POINT('',(70.3039343906471,80.9564530364191,15.));
#9884=CARTESIAN_POINT('Origin',(70.3039343906471,81.4064530364191,15.));
#9885=CARTESIAN_POINT('',(69.8539343906471,81.4064530364191,12.25));
#9886=CARTESIAN_POINT('Origin',(70.3039343906471,81.4064530364191,12.25));
#9887=CARTESIAN_POINT('',(69.8539343906471,81.4064530364191,15.));
#9888=CARTESIAN_POINT('Origin',(69.8539343906471,81.4064530364191,15.));
#9889=CARTESIAN_POINT('',(69.8539343906471,86.9064530364192,12.25));
#9890=CARTESIAN_POINT('',(69.8539343906471,82.7814530364191,12.25));
#9891=CARTESIAN_POINT('',(69.8539343906471,86.9064530364192,15.));
#9892=CARTESIAN_POINT('Origin',(70.3039343906471,86.9064530364191,15.));
#9893=CARTESIAN_POINT('Origin',(70.3039343906471,86.9064530364191,12.25));
#9894=CARTESIAN_POINT('Origin',(70.3039343906471,81.4064530364191,12.25));
#9895=CARTESIAN_POINT('',(70.3039343906471,80.7064530364191,12.5));
#9896=CARTESIAN_POINT('Origin',(70.3039343906471,80.7064530364191,12.25));
#9897=CARTESIAN_POINT('',(69.6039343906471,81.4064530364191,12.5));
#9898=CARTESIAN_POINT('Origin',(69.6039343906471,81.4064530364191,12.25));
#9899=CARTESIAN_POINT('Origin',(70.3039343906471,81.4064530364191,12.5));
#9900=CARTESIAN_POINT('Origin',(69.6039343906471,82.7814530364191,12.25));
#9901=CARTESIAN_POINT('',(69.603934390647,86.9064530364192,12.5));
#9902=CARTESIAN_POINT('Origin',(69.603934390647,86.9064530364192,12.25));
#9903=CARTESIAN_POINT('',(69.6039343906471,82.7814530364191,12.5));
#9904=CARTESIAN_POINT('Origin',(70.3039343906471,86.9064530364191,12.25));
#9905=CARTESIAN_POINT('',(70.3039343906471,87.6064530364191,12.5));
#9906=CARTESIAN_POINT('Origin',(70.3039343906471,87.6064530364191,12.25));
#9907=CARTESIAN_POINT('Origin',(70.3039343906471,86.9064530364191,12.5));
#9908=CARTESIAN_POINT('Origin',(72.1789343906471,87.6064530364191,12.25));
#9909=CARTESIAN_POINT('',(73.3039343906471,87.6064530364191,12.5));
#9910=CARTESIAN_POINT('Origin',(73.3039343906471,87.6064530364191,12.25));
#9911=CARTESIAN_POINT('',(72.1789343906471,87.6064530364191,12.5));
#9912=CARTESIAN_POINT('Origin',(73.303934390647,86.9064530364191,12.25));
#9913=CARTESIAN_POINT('',(74.0039343906471,86.9064530364191,12.5));
#9914=CARTESIAN_POINT('Origin',(74.0039343906471,86.9064530364191,12.25));
#9915=CARTESIAN_POINT('Origin',(73.303934390647,86.9064530364191,12.5));
#9916=CARTESIAN_POINT('Origin',(74.0039343906471,85.5314530364191,12.25));
#9917=CARTESIAN_POINT('',(74.0039343906471,81.4064530364191,12.5));
#9918=CARTESIAN_POINT('Origin',(74.0039343906471,81.4064530364191,12.25));
#9919=CARTESIAN_POINT('',(74.0039343906471,85.5314530364191,12.5));
#9920=CARTESIAN_POINT('Origin',(73.3039343906471,81.4064530364191,12.25));
#9921=CARTESIAN_POINT('',(73.3039343906471,80.7064530364191,12.5));
#9922=CARTESIAN_POINT('Origin',(73.3039343906471,80.7064530364191,12.25));
#9923=CARTESIAN_POINT('Origin',(73.3039343906471,81.4064530364191,12.5));
#9924=CARTESIAN_POINT('Origin',(73.678934390647,80.7064530364191,12.25));
#9925=CARTESIAN_POINT('',(73.678934390647,80.7064530364191,12.5));
#9926=CARTESIAN_POINT('Origin',(81.053934390647,90.1564530364191,15.));
#9927=CARTESIAN_POINT('',(81.053934390647,78.1564530364192,12.5));
#9928=CARTESIAN_POINT('',(81.053934390647,90.1564530364191,12.5));
#9929=CARTESIAN_POINT('',(81.053934390647,78.1564530364192,15.));
#9930=CARTESIAN_POINT('Origin',(81.053934390647,78.1564530364192,15.));
#9931=CARTESIAN_POINT('',(67.0539343906471,78.1564530364192,13.75));
#9932=CARTESIAN_POINT('',(62.0173227382954,78.1564530364192,13.75));
#9933=CARTESIAN_POINT('',(67.0539343906471,78.1564530364192,12.5));
#9934=CARTESIAN_POINT('',(81.053934390647,78.1564530364192,12.5));
#9935=CARTESIAN_POINT('',(67.0539343906471,78.1564530364192,15.));
#9936=CARTESIAN_POINT('Origin',(67.0539343906471,78.1564530364192,15.));
#9937=CARTESIAN_POINT('',(67.053934390647,89.8332297317158,13.75));
#9938=CARTESIAN_POINT('',(67.053934390647,91.0832297317158,12.5));
#9939=CARTESIAN_POINT('Origin',(67.053934390647,89.8332297317158,12.5));
#9940=CARTESIAN_POINT('',(67.0539343906471,71.6198413840675,13.75));
#9941=CARTESIAN_POINT('',(67.053934390647,90.1564530364191,12.5));
#9942=CARTESIAN_POINT('Ctrl Pts',(67.0539343906471,89.8332297317158,13.75));
#9943=CARTESIAN_POINT('Ctrl Pts',(67.0539343906471,91.0832297317158,13.75));
#9944=CARTESIAN_POINT('Ctrl Pts',(67.0539343906471,91.0832297317158,12.5));
#9945=CARTESIAN_POINT('Ctrl Pts',(67.0539343906471,89.8332297317158,15.0000000000001));
#9946=CARTESIAN_POINT('Ctrl Pts',(67.0539343906471,92.3332297317158,15.0000000000001));
#9947=CARTESIAN_POINT('Ctrl Pts',(67.0539343906471,92.3332297317158,12.5));
#9948=CARTESIAN_POINT('Ctrl Pts',(65.803934390647,89.8332297317158,15.));
#9949=CARTESIAN_POINT('Ctrl Pts',(65.803934390647,92.3332297317158,15.));
#9950=CARTESIAN_POINT('Ctrl Pts',(65.803934390647,92.3332297317158,12.5));
#9951=CARTESIAN_POINT('Origin',(65.8039343906471,89.8332297317158,12.5));
#9952=CARTESIAN_POINT('Origin',(65.803934390647,89.8332297317158,13.75));
#9953=CARTESIAN_POINT('',(67.0517878867147,91.1564530364191,12.5));
#9954=CARTESIAN_POINT('Origin',(65.8039343906471,91.0832297317158,12.5));
#9955=CARTESIAN_POINT('Ctrl Pts',(67.0517878867147,91.1564530364191,12.5));
#9956=CARTESIAN_POINT('Ctrl Pts',(67.0486351926328,91.210180471258,12.5286642093808));
#9957=CARTESIAN_POINT('Ctrl Pts',(67.0418427350695,91.2653646407777,12.5530781190707));
#9958=CARTESIAN_POINT('Ctrl Pts',(67.0150522241829,91.3998943272826,12.6014699139583));
#9959=CARTESIAN_POINT('Ctrl Pts',(66.9913747311425,91.4782845284828,12.6208827953508));
#9960=CARTESIAN_POINT('Ctrl Pts',(66.9086527054978,91.676736085344,12.6512983837899));
#9961=CARTESIAN_POINT('Ctrl Pts',(66.839133600881,91.7903945102089,12.6504378848948));
#9962=CARTESIAN_POINT('Ctrl Pts',(66.6478625371769,92.0161925752803,12.6237931038755));
#9963=CARTESIAN_POINT('Ctrl Pts',(66.5200184960792,92.1187969938411,12.5925837198686));
#9964=CARTESIAN_POINT('Ctrl Pts',(66.2481861758645,92.2603324122316,12.5381390138487));
#9965=CARTESIAN_POINT('Ctrl Pts',(66.1086431717951,92.3043854192706,12.5151099545326));
#9966=CARTESIAN_POINT('Ctrl Pts',(65.9098090064568,92.3298828532472,12.5018056262309));
#9967=CARTESIAN_POINT('Ctrl Pts',(65.8568019159926,92.3332297317158,12.5));
#9968=CARTESIAN_POINT('Ctrl Pts',(65.8039343906471,92.3332297317158,12.5));
#9969=CARTESIAN_POINT('Ctrl Pts',(81.053934390647,91.0832297317158,12.5));
#9970=CARTESIAN_POINT('Ctrl Pts',(81.053934390647,91.0832297317158,13.75));
#9971=CARTESIAN_POINT('Ctrl Pts',(81.053934390647,89.8332297317158,13.75));
#9972=CARTESIAN_POINT('Ctrl Pts',(81.053934390647,92.3332297317158,12.5));
#9973=CARTESIAN_POINT('Ctrl Pts',(81.053934390647,92.3332297317158,15.));
#9974=CARTESIAN_POINT('Ctrl Pts',(81.053934390647,89.8332297317158,15.));
#9975=CARTESIAN_POINT('Ctrl Pts',(82.303934390647,92.3332297317158,12.5));
#9976=CARTESIAN_POINT('Ctrl Pts',(82.303934390647,92.3332297317158,15.));
#9977=CARTESIAN_POINT('Ctrl Pts',(82.303934390647,89.8332297317158,15.));
#9978=CARTESIAN_POINT('',(81.0560808945794,91.1564530364191,12.5));
#9979=CARTESIAN_POINT('Origin',(82.303934390647,91.0832297317158,12.5));
#9980=CARTESIAN_POINT('Origin',(82.303934390647,89.8332297317158,12.5));
#9981=CARTESIAN_POINT('Ctrl Pts',(82.303934390647,92.3332297317158,12.5));
#9982=CARTESIAN_POINT('Ctrl Pts',(82.2096412269418,92.3332297317158,12.5));
#9983=CARTESIAN_POINT('Ctrl Pts',(82.115791930964,92.3226255216506,12.5058475712864));
#9984=CARTESIAN_POINT('Ctrl Pts',(81.8608771317218,92.2637550453119,12.5351162290513));
#9985=CARTESIAN_POINT('Ctrl Pts',(81.7123291903014,92.1949407547786,12.5672848507546));
#9986=CARTESIAN_POINT('Ctrl Pts',(81.469728292287,92.0213468578697,12.6191058651245));
#9987=CARTESIAN_POINT('Ctrl Pts',(81.3700851603747,91.9213044074207,12.6399570480994));
#9988=CARTESIAN_POINT('Ctrl Pts',(81.2186897774735,91.7088836051486,12.6504329522776));
#9989=CARTESIAN_POINT('Ctrl Pts',(81.1634168993967,91.6026477696784,12.6441740326827));
#9990=CARTESIAN_POINT('Ctrl Pts',(81.0837796609638,91.3779395441278,12.5977243750805));
#9991=CARTESIAN_POINT('Ctrl Pts',(81.0624595473998,91.2651564643026,12.5579945390397));
#9992=CARTESIAN_POINT('Ctrl Pts',(81.0560808945794,91.1564530364191,12.5));
#9993=CARTESIAN_POINT('Origin',(62.0173227382954,76.9064530364192,13.75));
#9994=CARTESIAN_POINT('Origin',(65.8039343906471,76.9064530364192,13.75));
#9995=CARTESIAN_POINT('Origin',(65.8039343906471,71.6198413840675,13.75));
#9996=CARTESIAN_POINT('Origin',(65.6057110859437,89.8332297317158,12.5));
#9997=CARTESIAN_POINT('Origin',(65.6057110859437,89.8332297317158,12.5));
#9998=CARTESIAN_POINT('Origin',(70.553934390647,91.7448413840674,11.3971404657203));
#9999=CARTESIAN_POINT('',(70.553934390647,91.1564530364191,12.5));
#10000=CARTESIAN_POINT('Origin',(5.53882587246704,83.5169850735916,15.));
#10001=CARTESIAN_POINT('',(2.53733541294375,83.4507404155124,15.));
#10002=CARTESIAN_POINT('',(5.53882587246704,83.5169850735916,15.));
#10003=CARTESIAN_POINT('Origin',(2.53733541294375,83.4507404155124,15.));
#10004=CARTESIAN_POINT('',(0.979220626420452,86.0169850736365,15.));
#10005=CARTESIAN_POINT('Origin',(0.979220626420453,86.0169850736365,15.));
#10006=CARTESIAN_POINT('',(2.42259629942045,88.64947438984,15.));
#10007=CARTESIAN_POINT('Origin',(2.42259629942045,88.64947438984,15.));
#10008=CARTESIAN_POINT('',(5.42408675894375,88.7157190479192,15.));
#10009=CARTESIAN_POINT('Origin',(5.42408675894375,88.7157190479192,15.));
#10010=CARTESIAN_POINT('',(6.98220154546704,86.149474389795,15.));
#10011=CARTESIAN_POINT('Origin',(6.98220154546704,86.149474389795,15.));
#10012=CARTESIAN_POINT('Origin',(74.053934390647,84.1564530364192,12.5));
#10013=CARTESIAN_POINT('Origin',(80.4225962994203,83.5169850735917,15.));
#10014=CARTESIAN_POINT('',(80.4225962994203,83.5169850735917,15.));
#10015=CARTESIAN_POINT('',(83.4240867589436,83.4507404155124,15.));
#10016=CARTESIAN_POINT('Origin',(83.5388258724669,88.64947438984,15.));
#10017=CARTESIAN_POINT('',(80.5373354129436,88.7157190479192,15.));
#10018=CARTESIAN_POINT('',(83.5388258724669,88.64947438984,15.));
#10019=CARTESIAN_POINT('Origin',(84.9822015454669,86.0169850736366,15.));
#10020=CARTESIAN_POINT('',(84.9822015454669,86.0169850736366,15.));
#10021=CARTESIAN_POINT('Origin',(83.4240867589436,83.4507404155124,15.));
#10022=CARTESIAN_POINT('Origin',(80.5373354129436,88.7157190479192,15.));
#10023=CARTESIAN_POINT('',(78.9792206264203,86.1494743897951,15.));
#10024=CARTESIAN_POINT('Origin',(78.9792206264203,86.1494743897951,15.));
#10025=CARTESIAN_POINT('Origin',(2.42259629942044,41.5169850735916,15.));
#10026=CARTESIAN_POINT('',(2.42259629942044,41.5169850735916,15.));
#10027=CARTESIAN_POINT('',(5.42408675894374,41.4507404155124,15.));
#10028=CARTESIAN_POINT('Origin',(5.42408675894374,41.4507404155124,15.));
#10029=CARTESIAN_POINT('',(6.98220154546704,44.0169850736365,15.));
#10030=CARTESIAN_POINT('Origin',(0.979220626420445,44.149474389795,15.));
#10031=CARTESIAN_POINT('',(0.979220626420445,44.149474389795,15.));
#10032=CARTESIAN_POINT('Origin',(2.53733541294374,46.7157190479192,15.));
#10033=CARTESIAN_POINT('',(2.53733541294374,46.7157190479192,15.));
#10034=CARTESIAN_POINT('Origin',(5.53882587246704,46.64947438984,15.));
#10035=CARTESIAN_POINT('',(5.53882587246704,46.64947438984,15.));
#10036=CARTESIAN_POINT('Origin',(6.98220154546704,44.0169850736365,15.));
#10037=CARTESIAN_POINT('Origin',(80.4225962994204,46.64947438984,15.));
#10038=CARTESIAN_POINT('',(83.4240867589437,46.7157190479193,15.));
#10039=CARTESIAN_POINT('',(80.4225962994204,46.64947438984,15.));
#10040=CARTESIAN_POINT('Origin',(83.4240867589437,46.7157190479193,15.));
#10041=CARTESIAN_POINT('',(84.982201545467,44.1494743897951,15.));
#10042=CARTESIAN_POINT('Origin',(84.982201545467,44.1494743897951,15.));
#10043=CARTESIAN_POINT('',(83.538825872467,41.5169850735917,15.));
#10044=CARTESIAN_POINT('Origin',(83.538825872467,41.5169850735917,15.));
#10045=CARTESIAN_POINT('',(80.5373354129437,41.4507404155124,15.));
#10046=CARTESIAN_POINT('Origin',(80.5373354129437,41.4507404155124,15.));
#10047=CARTESIAN_POINT('',(78.9792206264204,44.0169850736366,15.));
#10048=CARTESIAN_POINT('Origin',(78.9792206264204,44.0169850736366,15.));
#10049=CARTESIAN_POINT('Origin',(85.7307110859437,89.8332297317158,0.));
#10050=CARTESIAN_POINT('',(88.2307110859437,89.8332297317158,0.));
#10051=CARTESIAN_POINT('Origin',(88.2307110859437,37.8332297317158,0.));
#10052=CARTESIAN_POINT('',(88.2307110859437,40.3332297317158,0.));
#10053=CARTESIAN_POINT('Origin',(85.7307110859437,40.3332297317158,0.));
#10054=CARTESIAN_POINT('',(85.7307110859437,37.8332297317158,0.));
#10055=CARTESIAN_POINT('Origin',(-2.26928891405629,37.8332297317158,0.));
#10056=CARTESIAN_POINT('Origin',(-0.269288914056315,92.3332297317158,0.));
#10057=UNCERTAINTY_MEASURE_WITH_UNIT(LENGTH_MEASURE(0.01),#10061,
'DISTANCE_ACCURACY_VALUE',
'Maximum model space distance between geometric entities at asserted c
onnectivities');
#10058=UNCERTAINTY_MEASURE_WITH_UNIT(LENGTH_MEASURE(0.01),#10061,
'DISTANCE_ACCURACY_VALUE',
'Maximum model space distance between geometric entities at asserted c
onnectivities');
#10059=(
GEOMETRIC_REPRESENTATION_CONTEXT(3)
GLOBAL_UNCERTAINTY_ASSIGNED_CONTEXT((#10057))
GLOBAL_UNIT_ASSIGNED_CONTEXT((#10061,#10063,#10064))
REPRESENTATION_CONTEXT('','3D')
);
#10060=(
GEOMETRIC_REPRESENTATION_CONTEXT(3)
GLOBAL_UNCERTAINTY_ASSIGNED_CONTEXT((#10058))
GLOBAL_UNIT_ASSIGNED_CONTEXT((#10061,#10063,#10064))
REPRESENTATION_CONTEXT('','3D')
);
#10061=(
LENGTH_UNIT()
NAMED_UNIT(*)
SI_UNIT(.MILLI.,.METRE.)
);
#10062=(
LENGTH_UNIT()
NAMED_UNIT(*)
SI_UNIT($,.METRE.)
);
#10063=(
NAMED_UNIT(*)
PLANE_ANGLE_UNIT()
SI_UNIT($,.RADIAN.)
);
#10064=(
NAMED_UNIT(*)
SI_UNIT($,.STERADIAN.)
SOLID_ANGLE_UNIT()
);
#10065=SHAPE_DEFINITION_REPRESENTATION(#10066,#10067);
#10066=PRODUCT_DEFINITION_SHAPE('',$,#10069);
#10067=SHAPE_REPRESENTATION('',(#4900),#10059);
#10068=PRODUCT_DEFINITION_CONTEXT('part definition',#10073,'design');
#10069=PRODUCT_DEFINITION('bottom-part','bottom-part',#10070,#10068);
#10070=PRODUCT_DEFINITION_FORMATION('',$,#10075);
#10071=PRODUCT_RELATED_PRODUCT_CATEGORY('bottom-part','bottom-part',(#10075));
#10072=APPLICATION_PROTOCOL_DEFINITION('international standard',
'automotive_design',2009,#10073);
#10073=APPLICATION_CONTEXT(
'Core Data for Automotive Mechanical Design Process');
#10074=PRODUCT_CONTEXT('part definition',#10073,'mechanical');
#10075=PRODUCT('bottom-part','bottom-part',$,(#10074));
#10076=PRESENTATION_STYLE_ASSIGNMENT((#10077));
#10077=SURFACE_STYLE_USAGE(.BOTH.,#10078);
#10078=SURFACE_SIDE_STYLE('',(#10079));
#10079=SURFACE_STYLE_FILL_AREA(#10080);
#10080=FILL_AREA_STYLE('Steel - Satin',(#10081));
#10081=FILL_AREA_STYLE_COLOUR('Steel - Satin',#10082);
#10082=COLOUR_RGB('Steel - Satin',0.627450980392157,0.627450980392157,0.627450980392157);
ENDSEC;
END-ISO-10303-21;
