ISO-10303-21;
HEADER;
/* Generated by software containing ST-Developer
 * from STEP Tools, Inc. (www.steptools.com) 
 */

FILE_DESCRIPTION(
/* description */ (''),
/* implementation_level */ '2;1');

FILE_NAME(
/* name */ 'Component5.step',
/* time_stamp */ '2025-09-04T15:50:29+02:00',
/* author */ (''),
/* organization */ (''),
/* preprocessor_version */ 'ST-DEVELOPER v20.1',
/* originating_system */ 'Autodesk Translation Framework v14.10.0.0',
/* authorisation */ '');

FILE_SCHEMA (('AUTOMOTIVE_DESIGN { 1 0 10303 214 3 1 1 }'));
ENDSEC;

DATA;
#10=MECHANICAL_DESIGN_GEOMETRIC_PRESENTATION_REPRESENTATION('',(#13),#4890);
#11=SHAPE_REPRESENTATION_RELATIONSHIP('SRR','None',#4897,#12);
#12=ADVANCED_BREP_SHAPE_REPRESENTATION('',(#14),#4889);
#13=STYLED_ITEM('',(#4906),#14);
#14=MANIFOLD_SOLID_BREP('Body1',#1896);
#15=B_SPLINE_CURVE_WITH_KNOTS('',3,(#3082,#3083,#3084,#3085,#3086,#3087),
 .UNSPECIFIED.,.F.,.F.,(4,2,4),(-0.834992469028043,-0.788792940104628,-0.755725908567044),
 .UNSPECIFIED.);
#16=B_SPLINE_CURVE_WITH_KNOTS('',3,(#3088,#3089,#3090,#3091,#3092,#3093,
#3094,#3095),.UNSPECIFIED.,.F.,.F.,(4,2,2,4),(0.,0.00171563160021238,0.101715631600212,
0.2),.UNSPECIFIED.);
#17=B_SPLINE_CURVE_WITH_KNOTS('',3,(#3142,#3143,#3144,#3145,#3146,#3147),
 .UNSPECIFIED.,.F.,.F.,(4,2,4),(0.,0.1,0.2),.UNSPECIFIED.);
#18=B_SPLINE_CURVE_WITH_KNOTS('',3,(#3148,#3149,#3150,#3151,#3152,#3153,
#3154,#3155),.UNSPECIFIED.,.F.,.F.,(4,2,2,4),(0.,0.00957343514789349,0.109573435147894,
0.2),.UNSPECIFIED.);
#19=B_SPLINE_CURVE_WITH_KNOTS('',3,(#3202,#3203,#3204,#3205,#3206,#3207),
 .UNSPECIFIED.,.F.,.F.,(4,2,4),(0.,0.1,0.2),.UNSPECIFIED.);
#20=B_SPLINE_CURVE_WITH_KNOTS('',3,(#3208,#3209,#3210,#3211,#3212,#3213),
 .UNSPECIFIED.,.F.,.F.,(4,2,4),(0.,0.0110899385899962,0.2),
 .UNSPECIFIED.);
#21=B_SPLINE_CURVE_WITH_KNOTS('',3,(#3260,#3261,#3262,#3263,#3264,#3265),
 .UNSPECIFIED.,.F.,.F.,(4,2,4),(0.,0.1,0.2),.UNSPECIFIED.);
#22=B_SPLINE_CURVE_WITH_KNOTS('',3,(#3266,#3267,#3268,#3269,#3270,#3271),
 .UNSPECIFIED.,.F.,.F.,(4,2,4),(0.,0.0204753168568006,0.2),
 .UNSPECIFIED.);
#23=B_SPLINE_CURVE_WITH_KNOTS('',3,(#3319,#3320,#3321,#3322,#3323,#3324,
#3325,#3326),.UNSPECIFIED.,.F.,.F.,(4,2,2,4),(0.,0.00171592510025798,0.101715925100258,
0.2),.UNSPECIFIED.);
#24=B_SPLINE_CURVE_WITH_KNOTS('',3,(#3372,#3373,#3374,#3375,#3376,#3377),
 .UNSPECIFIED.,.F.,.F.,(4,2,4),(0.,0.1,0.2),.UNSPECIFIED.);
#25=B_SPLINE_CURVE_WITH_KNOTS('',3,(#3424,#3425,#3426,#3427,#3428,#3429),
 .UNSPECIFIED.,.F.,.F.,(4,2,4),(0.,0.1,0.2),.UNSPECIFIED.);
#26=B_SPLINE_CURVE_WITH_KNOTS('',3,(#3430,#3431,#3432,#3433,#3434,#3435),
 .UNSPECIFIED.,.F.,.F.,(4,2,4),(0.,0.0115094551693085,0.2),
 .UNSPECIFIED.);
#27=B_SPLINE_CURVE_WITH_KNOTS('',3,(#3482,#3483,#3484,#3485,#3486,#3487),
 .UNSPECIFIED.,.F.,.F.,(4,2,4),(0.,0.1,0.2),.UNSPECIFIED.);
#28=B_SPLINE_CURVE_WITH_KNOTS('',3,(#3488,#3489,#3490,#3491,#3492,#3493),
 .UNSPECIFIED.,.F.,.F.,(4,2,4),(0.,0.0131241382210443,0.2),
 .UNSPECIFIED.);
#29=B_SPLINE_CURVE_WITH_KNOTS('',3,(#3540,#3541,#3542,#3543,#3544,#3545),
 .UNSPECIFIED.,.F.,.F.,(4,2,4),(0.,0.1,0.2),.UNSPECIFIED.);
#30=B_SPLINE_CURVE_WITH_KNOTS('',3,(#3546,#3547,#3548,#3549,#3550,#3551),
 .UNSPECIFIED.,.F.,.F.,(4,2,4),(0.,0.0191821858021497,0.2),
 .UNSPECIFIED.);
#31=B_SPLINE_CURVE_WITH_KNOTS('',3,(#3597,#3598,#3599,#3600,#3601,#3602),
 .UNSPECIFIED.,.F.,.F.,(4,2,4),(0.,0.1,0.2),.UNSPECIFIED.);
#32=B_SPLINE_CURVE_WITH_KNOTS('',3,(#3643,#3644,#3645,#3646),
 .UNSPECIFIED.,.F.,.F.,(4,4),(-1.37577336350936,-1.20954021412696),
 .UNSPECIFIED.);
#33=B_SPLINE_CURVE_WITH_KNOTS('',3,(#3687,#3688,#3689,#3690,#3691,#3692),
 .UNSPECIFIED.,.F.,.F.,(4,2,4),(-1.65354839358062,-1.57813183914317,-1.52677320844717),
 .UNSPECIFIED.);
#34=B_SPLINE_CURVE_WITH_KNOTS('',3,(#3733,#3734,#3735,#3736),
 .UNSPECIFIED.,.F.,.F.,(4,4),(-1.87531059370131,-1.86134213013654),
 .UNSPECIFIED.);
#35=B_SPLINE_CURVE_WITH_KNOTS('',3,(#3777,#3778,#3779,#3780),
 .UNSPECIFIED.,.F.,.F.,(4,4),(-2.11906043304606,-1.97603641900447),
 .UNSPECIFIED.);
#36=B_SPLINE_CURVE_WITH_KNOTS('',3,(#3821,#3822,#3823,#3824,#3825,#3826),
 .UNSPECIFIED.,.F.,.F.,(4,2,4),(-0.205509193006158,-0.104958946351363,-0.0680281938827191),
 .UNSPECIFIED.);
#37=B_SPLINE_CURVE_WITH_KNOTS('',3,(#3867,#3868,#3869,#3870),
 .UNSPECIFIED.,.F.,.F.,(4,4),(-0.475696268623162,-0.349368391177504),
 .UNSPECIFIED.);
#38=B_SPLINE_CURVE_WITH_KNOTS('',3,(#3955,#3956,#3957,#3958),
 .UNSPECIFIED.,.F.,.F.,(4,4),(-1.08324352327091,-0.854313744920772),
 .UNSPECIFIED.);
#39=B_SPLINE_CURVE_WITH_KNOTS('',3,(#4150,#4151,#4152,#4153,#4154,#4155),
 .UNSPECIFIED.,.F.,.F.,(4,2,4),(-1.80567480880111,-1.7324918095592,-1.65244508122771),
 .UNSPECIFIED.);
#40=B_SPLINE_CURVE_WITH_KNOTS('',3,(#4156,#4157,#4158,#4159,#4160,#4161,
#4162,#4163),.UNSPECIFIED.,.F.,.F.,(4,2,2,4),(0.,0.00542902034008006,0.10542902034008,
0.2),.UNSPECIFIED.);
#41=B_SPLINE_CURVE_WITH_KNOTS('',3,(#4210,#4211,#4212,#4213,#4214,#4215),
 .UNSPECIFIED.,.F.,.F.,(4,2,4),(0.,0.1,0.2),.UNSPECIFIED.);
#42=B_SPLINE_CURVE_WITH_KNOTS('',3,(#4216,#4217,#4218,#4219,#4220,#4221,
#4222,#4223),.UNSPECIFIED.,.F.,.F.,(4,2,2,4),(0.,0.00739631196554424,0.107396311965544,
0.2),.UNSPECIFIED.);
#43=B_SPLINE_CURVE_WITH_KNOTS('',3,(#4271,#4272,#4273,#4274,#4275,#4276),
 .UNSPECIFIED.,.F.,.F.,(4,2,4),(0.,0.0409169966560043,0.2),
 .UNSPECIFIED.);
#44=B_SPLINE_CURVE_WITH_KNOTS('',3,(#4322,#4323,#4324,#4325,#4326,#4327),
 .UNSPECIFIED.,.F.,.F.,(4,2,4),(0.,0.1,0.2),.UNSPECIFIED.);
#45=B_SPLINE_CURVE_WITH_KNOTS('',3,(#4374,#4375,#4376,#4377,#4378,#4379),
 .UNSPECIFIED.,.F.,.F.,(4,2,4),(0.,0.1,0.2),.UNSPECIFIED.);
#46=B_SPLINE_CURVE_WITH_KNOTS('',3,(#4380,#4381,#4382,#4383,#4384,#4385,
#4386,#4387),.UNSPECIFIED.,.F.,.F.,(4,2,2,4),(0.,0.00543198501084321,0.105431985010843,
0.2),.UNSPECIFIED.);
#47=B_SPLINE_CURVE_WITH_KNOTS('',3,(#4436,#4437,#4438,#4439,#4440,#4441),
 .UNSPECIFIED.,.F.,.F.,(4,2,4),(0.,0.1,0.2),.UNSPECIFIED.);
#48=B_SPLINE_CURVE_WITH_KNOTS('',3,(#4442,#4443,#4444,#4445,#4446,#4447,
#4448,#4449),.UNSPECIFIED.,.F.,.F.,(4,2,2,4),(0.,0.0074008203255671,0.107400820325567,
0.2),.UNSPECIFIED.);
#49=B_SPLINE_CURVE_WITH_KNOTS('',3,(#4495,#4496,#4497,#4498,#4499,#4500),
 .UNSPECIFIED.,.F.,.F.,(4,2,4),(0.,0.1,0.2),.UNSPECIFIED.);
#50=B_SPLINE_CURVE_WITH_KNOTS('',3,(#4542,#4543,#4544,#4545,#4546,#4547,
#4548,#4549),.UNSPECIFIED.,.F.,.F.,(4,2,2,4),(-2.11116056618012,-2.08996403347251,
-2.05930042744093,-2.01335330289862),.UNSPECIFIED.);
#51=B_SPLINE_CURVE_WITH_KNOTS('',3,(#4550,#4551,#4552,#4553,#4554,#4555,
#4556,#4557,#4558,#4559,#4560),.UNSPECIFIED.,.F.,.F.,(4,2,2,3,4),(-0.188409431989424,
-0.185168809220937,-0.0892262431776435,0.,0.0180761519600208),
 .UNSPECIFIED.);
#52=B_SPLINE_CURVE_WITH_KNOTS('',3,(#4601,#4602,#4603,#4604),
 .UNSPECIFIED.,.F.,.F.,(4,4),(-0.448862358580631,-0.366278883783216),
 .UNSPECIFIED.);
#53=B_SPLINE_CURVE_WITH_KNOTS('',3,(#4645,#4646,#4647,#4648),
 .UNSPECIFIED.,.F.,.F.,(4,4),(-0.795215476117881,-0.703881667151875),
 .UNSPECIFIED.);
#54=B_SPLINE_CURVE_WITH_KNOTS('',3,(#4733,#4734,#4735,#4736,#4737,#4738),
 .UNSPECIFIED.,.F.,.F.,(4,2,4),(-1.98001880095453,-1.94453337332795,-1.85132771095014),
 .UNSPECIFIED.);
#55=(
BOUNDED_SURFACE()
B_SPLINE_SURFACE(3,1,((#3039,#3040),(#3041,#3042),(#3043,#3044),(#3045,
#3046),(#3047,#3048),(#3049,#3050),(#3051,#3052),(#3053,#3054),(#3055,#3056),
(#3057,#3058),(#3059,#3060),(#3061,#3062),(#3063,#3064),(#3065,#3066),(#3067,
#3068),(#3069,#3070),(#3071,#3072),(#3073,#3074),(#3075,#3076),(#3077,#3078)),
 .UNSPECIFIED.,.T.,.F.,.F.)
B_SPLINE_SURFACE_WITH_KNOTS((4,2,2,2,2,2,2,2,2,4),(2,2),(0.,0.0790054033347526,
0.205414048670357,0.359350492003039,0.517380884106553,0.689159108506442,
0.876410707882603,1.07017359682825,1.26638446084369,1.50110266336029),(0.,
0.2),.UNSPECIFIED.)
GEOMETRIC_REPRESENTATION_ITEM()
RATIONAL_B_SPLINE_SURFACE(((1.,1.),(1.,1.),(1.,1.),(1.,1.),(1.,1.),(1.,
1.),(1.,1.),(1.,1.),(1.,1.),(1.,1.),(1.,1.),(1.,1.),(1.,1.),(1.,1.),(1.,
1.),(1.,1.),(1.,1.),(1.,1.),(1.,1.),(1.,1.)))
REPRESENTATION_ITEM('')
SURFACE()
);
#56=(
BOUNDED_SURFACE()
B_SPLINE_SURFACE(3,1,((#3096,#3097),(#3098,#3099),(#3100,#3101),(#3102,
#3103),(#3104,#3105),(#3106,#3107),(#3108,#3109),(#3110,#3111),(#3112,#3113),
(#3114,#3115),(#3116,#3117),(#3118,#3119),(#3120,#3121),(#3122,#3123),(#3124,
#3125),(#3126,#3127),(#3128,#3129),(#3130,#3131),(#3132,#3133),(#3134,#3135)),
 .UNSPECIFIED.,.T.,.F.,.F.)
B_SPLINE_SURFACE_WITH_KNOTS((4,2,2,2,2,2,2,2,2,4),(2,2),(0.,0.0790054033347526,
0.205414048670357,0.359350492003039,0.517380884106553,0.689159108506442,
0.876410707882603,1.07017359682825,1.26638446084369,1.50110266336029),(0.,
0.2),.UNSPECIFIED.)
GEOMETRIC_REPRESENTATION_ITEM()
RATIONAL_B_SPLINE_SURFACE(((1.,1.),(1.,1.),(1.,1.),(1.,1.),(1.,1.),(1.,
1.),(1.,1.),(1.,1.),(1.,1.),(1.,1.),(1.,1.),(1.,1.),(1.,1.),(1.,1.),(1.,
1.),(1.,1.),(1.,1.),(1.,1.),(1.,1.),(1.,1.)))
REPRESENTATION_ITEM('')
SURFACE()
);
#57=(
BOUNDED_SURFACE()
B_SPLINE_SURFACE(3,1,((#3156,#3157),(#3158,#3159),(#3160,#3161),(#3162,
#3163),(#3164,#3165),(#3166,#3167),(#3168,#3169),(#3170,#3171),(#3172,#3173),
(#3174,#3175),(#3176,#3177),(#3178,#3179),(#3180,#3181),(#3182,#3183),(#3184,
#3185),(#3186,#3187),(#3188,#3189),(#3190,#3191),(#3192,#3193),(#3194,#3195)),
 .UNSPECIFIED.,.T.,.F.,.F.)
B_SPLINE_SURFACE_WITH_KNOTS((4,2,2,2,2,2,2,2,2,4),(2,2),(0.,0.0790054033347526,
0.205414048670357,0.359350492003039,0.517380884106553,0.689159108506442,
0.876410707882603,1.07017359682825,1.26638446084369,1.50110266336029),(0.,
0.2),.UNSPECIFIED.)
GEOMETRIC_REPRESENTATION_ITEM()
RATIONAL_B_SPLINE_SURFACE(((1.,1.),(1.,1.),(1.,1.),(1.,1.),(1.,1.),(1.,
1.),(1.,1.),(1.,1.),(1.,1.),(1.,1.),(1.,1.),(1.,1.),(1.,1.),(1.,1.),(1.,
1.),(1.,1.),(1.,1.),(1.,1.),(1.,1.),(1.,1.)))
REPRESENTATION_ITEM('')
SURFACE()
);
#58=(
BOUNDED_SURFACE()
B_SPLINE_SURFACE(3,1,((#3214,#3215),(#3216,#3217),(#3218,#3219),(#3220,
#3221),(#3222,#3223),(#3224,#3225),(#3226,#3227),(#3228,#3229),(#3230,#3231),
(#3232,#3233),(#3234,#3235),(#3236,#3237),(#3238,#3239),(#3240,#3241),(#3242,
#3243),(#3244,#3245),(#3246,#3247),(#3248,#3249),(#3250,#3251),(#3252,#3253)),
 .UNSPECIFIED.,.T.,.F.,.F.)
B_SPLINE_SURFACE_WITH_KNOTS((4,2,2,2,2,2,2,2,2,4),(2,2),(0.,0.0790054033347526,
0.205414048670357,0.359350492003039,0.517380884106553,0.689159108506442,
0.876410707882603,1.07017359682825,1.26638446084369,1.50110266336029),(0.,
0.2),.UNSPECIFIED.)
GEOMETRIC_REPRESENTATION_ITEM()
RATIONAL_B_SPLINE_SURFACE(((1.,1.),(1.,1.),(1.,1.),(1.,1.),(1.,1.),(1.,
1.),(1.,1.),(1.,1.),(1.,1.),(1.,1.),(1.,1.),(1.,1.),(1.,1.),(1.,1.),(1.,
1.),(1.,1.),(1.,1.),(1.,1.),(1.,1.),(1.,1.)))
REPRESENTATION_ITEM('')
SURFACE()
);
#59=(
BOUNDED_SURFACE()
B_SPLINE_SURFACE(3,1,((#3272,#3273),(#3274,#3275),(#3276,#3277),(#3278,
#3279),(#3280,#3281),(#3282,#3283),(#3284,#3285),(#3286,#3287),(#3288,#3289),
(#3290,#3291),(#3292,#3293),(#3294,#3295),(#3296,#3297),(#3298,#3299),(#3300,
#3301),(#3302,#3303),(#3304,#3305),(#3306,#3307),(#3308,#3309),(#3310,#3311)),
 .UNSPECIFIED.,.T.,.F.,.F.)
B_SPLINE_SURFACE_WITH_KNOTS((4,2,2,2,2,2,2,2,2,4),(2,2),(0.,0.0790054033347526,
0.205414048670357,0.359350492003039,0.517380884106553,0.689159108506442,
0.876410707882603,1.07017359682825,1.26638446084369,1.50110266336029),(0.,
0.2),.UNSPECIFIED.)
GEOMETRIC_REPRESENTATION_ITEM()
RATIONAL_B_SPLINE_SURFACE(((1.,1.),(1.,1.),(1.,1.),(1.,1.),(1.,1.),(1.,
1.),(1.,1.),(1.,1.),(1.,1.),(1.,1.),(1.,1.),(1.,1.),(1.,1.),(1.,1.),(1.,
1.),(1.,1.),(1.,1.),(1.,1.),(1.,1.),(1.,1.)))
REPRESENTATION_ITEM('')
SURFACE()
);
#60=(
BOUNDED_SURFACE()
B_SPLINE_SURFACE(3,1,((#3327,#3328),(#3329,#3330),(#3331,#3332),(#3333,
#3334),(#3335,#3336),(#3337,#3338),(#3339,#3340),(#3341,#3342),(#3343,#3344),
(#3345,#3346),(#3347,#3348),(#3349,#3350),(#3351,#3352),(#3353,#3354),(#3355,
#3356),(#3357,#3358),(#3359,#3360),(#3361,#3362),(#3363,#3364),(#3365,#3366)),
 .UNSPECIFIED.,.T.,.F.,.F.)
B_SPLINE_SURFACE_WITH_KNOTS((4,2,2,2,2,2,2,2,2,4),(2,2),(0.,0.0790054033347526,
0.205414048670357,0.359350492003039,0.517380884106553,0.689159108506442,
0.876410707882603,1.07017359682825,1.26638446084369,1.50110266336029),(0.,
0.2),.UNSPECIFIED.)
GEOMETRIC_REPRESENTATION_ITEM()
RATIONAL_B_SPLINE_SURFACE(((1.,1.),(1.,1.),(1.,1.),(1.,1.),(1.,1.),(1.,
1.),(1.,1.),(1.,1.),(1.,1.),(1.,1.),(1.,1.),(1.,1.),(1.,1.),(1.,1.),(1.,
1.),(1.,1.),(1.,1.),(1.,1.),(1.,1.),(1.,1.)))
REPRESENTATION_ITEM('')
SURFACE()
);
#61=(
BOUNDED_SURFACE()
B_SPLINE_SURFACE(3,1,((#3378,#3379),(#3380,#3381),(#3382,#3383),(#3384,
#3385),(#3386,#3387),(#3388,#3389),(#3390,#3391),(#3392,#3393),(#3394,#3395),
(#3396,#3397),(#3398,#3399),(#3400,#3401),(#3402,#3403),(#3404,#3405),(#3406,
#3407),(#3408,#3409),(#3410,#3411),(#3412,#3413),(#3414,#3415),(#3416,#3417)),
 .UNSPECIFIED.,.T.,.F.,.F.)
B_SPLINE_SURFACE_WITH_KNOTS((4,2,2,2,2,2,2,2,2,4),(2,2),(0.,0.0790054033347526,
0.205414048670357,0.359350492003039,0.517380884106553,0.689159108506442,
0.876410707882603,1.07017359682825,1.26638446084369,1.50110266336029),(0.,
0.2),.UNSPECIFIED.)
GEOMETRIC_REPRESENTATION_ITEM()
RATIONAL_B_SPLINE_SURFACE(((1.,1.),(1.,1.),(1.,1.),(1.,1.),(1.,1.),(1.,
1.),(1.,1.),(1.,1.),(1.,1.),(1.,1.),(1.,1.),(1.,1.),(1.,1.),(1.,1.),(1.,
1.),(1.,1.),(1.,1.),(1.,1.),(1.,1.),(1.,1.)))
REPRESENTATION_ITEM('')
SURFACE()
);
#62=(
BOUNDED_SURFACE()
B_SPLINE_SURFACE(3,1,((#3436,#3437),(#3438,#3439),(#3440,#3441),(#3442,
#3443),(#3444,#3445),(#3446,#3447),(#3448,#3449),(#3450,#3451),(#3452,#3453),
(#3454,#3455),(#3456,#3457),(#3458,#3459),(#3460,#3461),(#3462,#3463),(#3464,
#3465),(#3466,#3467),(#3468,#3469),(#3470,#3471),(#3472,#3473),(#3474,#3475)),
 .UNSPECIFIED.,.T.,.F.,.F.)
B_SPLINE_SURFACE_WITH_KNOTS((4,2,2,2,2,2,2,2,2,4),(2,2),(0.,0.0790054033347526,
0.205414048670357,0.359350492003039,0.517380884106553,0.689159108506442,
0.876410707882603,1.07017359682825,1.26638446084369,1.50110266336029),(0.,
0.2),.UNSPECIFIED.)
GEOMETRIC_REPRESENTATION_ITEM()
RATIONAL_B_SPLINE_SURFACE(((1.,1.),(1.,1.),(1.,1.),(1.,1.),(1.,1.),(1.,
1.),(1.,1.),(1.,1.),(1.,1.),(1.,1.),(1.,1.),(1.,1.),(1.,1.),(1.,1.),(1.,
1.),(1.,1.),(1.,1.),(1.,1.),(1.,1.),(1.,1.)))
REPRESENTATION_ITEM('')
SURFACE()
);
#63=(
BOUNDED_SURFACE()
B_SPLINE_SURFACE(3,1,((#3494,#3495),(#3496,#3497),(#3498,#3499),(#3500,
#3501),(#3502,#3503),(#3504,#3505),(#3506,#3507),(#3508,#3509),(#3510,#3511),
(#3512,#3513),(#3514,#3515),(#3516,#3517),(#3518,#3519),(#3520,#3521),(#3522,
#3523),(#3524,#3525),(#3526,#3527),(#3528,#3529),(#3530,#3531),(#3532,#3533)),
 .UNSPECIFIED.,.T.,.F.,.F.)
B_SPLINE_SURFACE_WITH_KNOTS((4,2,2,2,2,2,2,2,2,4),(2,2),(0.,0.0790054033347526,
0.205414048670357,0.359350492003039,0.517380884106553,0.689159108506442,
0.876410707882603,1.07017359682825,1.26638446084369,1.50110266336029),(0.,
0.2),.UNSPECIFIED.)
GEOMETRIC_REPRESENTATION_ITEM()
RATIONAL_B_SPLINE_SURFACE(((1.,1.),(1.,1.),(1.,1.),(1.,1.),(1.,1.),(1.,
1.),(1.,1.),(1.,1.),(1.,1.),(1.,1.),(1.,1.),(1.,1.),(1.,1.),(1.,1.),(1.,
1.),(1.,1.),(1.,1.),(1.,1.),(1.,1.),(1.,1.)))
REPRESENTATION_ITEM('')
SURFACE()
);
#64=(
BOUNDED_SURFACE()
B_SPLINE_SURFACE(3,1,((#3552,#3553),(#3554,#3555),(#3556,#3557),(#3558,
#3559),(#3560,#3561),(#3562,#3563),(#3564,#3565),(#3566,#3567),(#3568,#3569),
(#3570,#3571),(#3572,#3573),(#3574,#3575),(#3576,#3577),(#3578,#3579),(#3580,
#3581),(#3582,#3583),(#3584,#3585),(#3586,#3587),(#3588,#3589),(#3590,#3591)),
 .UNSPECIFIED.,.T.,.F.,.F.)
B_SPLINE_SURFACE_WITH_KNOTS((4,2,2,2,2,2,2,2,2,4),(2,2),(0.,0.0790054033347526,
0.205414048670357,0.359350492003039,0.517380884106553,0.689159108506442,
0.876410707882603,1.07017359682825,1.26638446084369,1.50110266336029),(0.,
0.2),.UNSPECIFIED.)
GEOMETRIC_REPRESENTATION_ITEM()
RATIONAL_B_SPLINE_SURFACE(((1.,1.),(1.,1.),(1.,1.),(1.,1.),(1.,1.),(1.,
1.),(1.,1.),(1.,1.),(1.,1.),(1.,1.),(1.,1.),(1.,1.),(1.,1.),(1.,1.),(1.,
1.),(1.,1.),(1.,1.),(1.,1.),(1.,1.),(1.,1.)))
REPRESENTATION_ITEM('')
SURFACE()
);
#65=(
BOUNDED_SURFACE()
B_SPLINE_SURFACE(3,1,((#3603,#3604),(#3605,#3606),(#3607,#3608),(#3609,
#3610),(#3611,#3612),(#3613,#3614),(#3615,#3616),(#3617,#3618),(#3619,#3620),
(#3621,#3622),(#3623,#3624),(#3625,#3626),(#3627,#3628),(#3629,#3630),(#3631,
#3632),(#3633,#3634),(#3635,#3636),(#3637,#3638),(#3639,#3640),(#3641,#3642)),
 .UNSPECIFIED.,.T.,.F.,.F.)
B_SPLINE_SURFACE_WITH_KNOTS((4,2,2,2,2,2,2,2,2,4),(2,2),(0.,0.0790054033347526,
0.205414048670357,0.359350492003039,0.517380884106553,0.689159108506442,
0.876410707882603,1.07017359682825,1.26638446084369,1.50110266336029),(0.,
0.2),.UNSPECIFIED.)
GEOMETRIC_REPRESENTATION_ITEM()
RATIONAL_B_SPLINE_SURFACE(((1.,1.),(1.,1.),(1.,1.),(1.,1.),(1.,1.),(1.,
1.),(1.,1.),(1.,1.),(1.,1.),(1.,1.),(1.,1.),(1.,1.),(1.,1.),(1.,1.),(1.,
1.),(1.,1.),(1.,1.),(1.,1.),(1.,1.),(1.,1.)))
REPRESENTATION_ITEM('')
SURFACE()
);
#66=(
BOUNDED_SURFACE()
B_SPLINE_SURFACE(3,1,((#3647,#3648),(#3649,#3650),(#3651,#3652),(#3653,
#3654),(#3655,#3656),(#3657,#3658),(#3659,#3660),(#3661,#3662),(#3663,#3664),
(#3665,#3666),(#3667,#3668),(#3669,#3670),(#3671,#3672),(#3673,#3674),(#3675,
#3676),(#3677,#3678),(#3679,#3680),(#3681,#3682),(#3683,#3684),(#3685,#3686)),
 .UNSPECIFIED.,.T.,.F.,.F.)
B_SPLINE_SURFACE_WITH_KNOTS((4,2,2,2,2,2,2,2,2,4),(2,2),(0.,0.0790054033347526,
0.205414048670357,0.359350492003039,0.517380884106553,0.689159108506442,
0.876410707882603,1.07017359682825,1.26638446084369,1.50110266336029),(0.,
0.2),.UNSPECIFIED.)
GEOMETRIC_REPRESENTATION_ITEM()
RATIONAL_B_SPLINE_SURFACE(((1.,1.),(1.,1.),(1.,1.),(1.,1.),(1.,1.),(1.,
1.),(1.,1.),(1.,1.),(1.,1.),(1.,1.),(1.,1.),(1.,1.),(1.,1.),(1.,1.),(1.,
1.),(1.,1.),(1.,1.),(1.,1.),(1.,1.),(1.,1.)))
REPRESENTATION_ITEM('')
SURFACE()
);
#67=(
BOUNDED_SURFACE()
B_SPLINE_SURFACE(3,1,((#3693,#3694),(#3695,#3696),(#3697,#3698),(#3699,
#3700),(#3701,#3702),(#3703,#3704),(#3705,#3706),(#3707,#3708),(#3709,#3710),
(#3711,#3712),(#3713,#3714),(#3715,#3716),(#3717,#3718),(#3719,#3720),(#3721,
#3722),(#3723,#3724),(#3725,#3726),(#3727,#3728),(#3729,#3730),(#3731,#3732)),
 .UNSPECIFIED.,.T.,.F.,.F.)
B_SPLINE_SURFACE_WITH_KNOTS((4,2,2,2,2,2,2,2,2,4),(2,2),(0.,0.0790054033347526,
0.205414048670357,0.359350492003039,0.517380884106553,0.689159108506442,
0.876410707882603,1.07017359682825,1.26638446084369,1.50110266336029),(0.,
0.2),.UNSPECIFIED.)
GEOMETRIC_REPRESENTATION_ITEM()
RATIONAL_B_SPLINE_SURFACE(((1.,1.),(1.,1.),(1.,1.),(1.,1.),(1.,1.),(1.,
1.),(1.,1.),(1.,1.),(1.,1.),(1.,1.),(1.,1.),(1.,1.),(1.,1.),(1.,1.),(1.,
1.),(1.,1.),(1.,1.),(1.,1.),(1.,1.),(1.,1.)))
REPRESENTATION_ITEM('')
SURFACE()
);
#68=(
BOUNDED_SURFACE()
B_SPLINE_SURFACE(3,1,((#3737,#3738),(#3739,#3740),(#3741,#3742),(#3743,
#3744),(#3745,#3746),(#3747,#3748),(#3749,#3750),(#3751,#3752),(#3753,#3754),
(#3755,#3756),(#3757,#3758),(#3759,#3760),(#3761,#3762),(#3763,#3764),(#3765,
#3766),(#3767,#3768),(#3769,#3770),(#3771,#3772),(#3773,#3774),(#3775,#3776)),
 .UNSPECIFIED.,.T.,.F.,.F.)
B_SPLINE_SURFACE_WITH_KNOTS((4,2,2,2,2,2,2,2,2,4),(2,2),(0.,0.0790054033347526,
0.205414048670357,0.359350492003039,0.517380884106553,0.689159108506442,
0.876410707882603,1.07017359682825,1.26638446084369,1.50110266336029),(0.,
0.2),.UNSPECIFIED.)
GEOMETRIC_REPRESENTATION_ITEM()
RATIONAL_B_SPLINE_SURFACE(((1.,1.),(1.,1.),(1.,1.),(1.,1.),(1.,1.),(1.,
1.),(1.,1.),(1.,1.),(1.,1.),(1.,1.),(1.,1.),(1.,1.),(1.,1.),(1.,1.),(1.,
1.),(1.,1.),(1.,1.),(1.,1.),(1.,1.),(1.,1.)))
REPRESENTATION_ITEM('')
SURFACE()
);
#69=(
BOUNDED_SURFACE()
B_SPLINE_SURFACE(3,1,((#3781,#3782),(#3783,#3784),(#3785,#3786),(#3787,
#3788),(#3789,#3790),(#3791,#3792),(#3793,#3794),(#3795,#3796),(#3797,#3798),
(#3799,#3800),(#3801,#3802),(#3803,#3804),(#3805,#3806),(#3807,#3808),(#3809,
#3810),(#3811,#3812),(#3813,#3814),(#3815,#3816),(#3817,#3818),(#3819,#3820)),
 .UNSPECIFIED.,.T.,.F.,.F.)
B_SPLINE_SURFACE_WITH_KNOTS((4,2,2,2,2,2,2,2,2,4),(2,2),(0.,0.0790054033347526,
0.205414048670357,0.359350492003039,0.517380884106553,0.689159108506442,
0.876410707882603,1.07017359682825,1.26638446084369,1.50110266336029),(0.,
0.2),.UNSPECIFIED.)
GEOMETRIC_REPRESENTATION_ITEM()
RATIONAL_B_SPLINE_SURFACE(((1.,1.),(1.,1.),(1.,1.),(1.,1.),(1.,1.),(1.,
1.),(1.,1.),(1.,1.),(1.,1.),(1.,1.),(1.,1.),(1.,1.),(1.,1.),(1.,1.),(1.,
1.),(1.,1.),(1.,1.),(1.,1.),(1.,1.),(1.,1.)))
REPRESENTATION_ITEM('')
SURFACE()
);
#70=(
BOUNDED_SURFACE()
B_SPLINE_SURFACE(3,1,((#3827,#3828),(#3829,#3830),(#3831,#3832),(#3833,
#3834),(#3835,#3836),(#3837,#3838),(#3839,#3840),(#3841,#3842),(#3843,#3844),
(#3845,#3846),(#3847,#3848),(#3849,#3850),(#3851,#3852),(#3853,#3854),(#3855,
#3856),(#3857,#3858),(#3859,#3860),(#3861,#3862),(#3863,#3864),(#3865,#3866)),
 .UNSPECIFIED.,.T.,.F.,.F.)
B_SPLINE_SURFACE_WITH_KNOTS((4,2,2,2,2,2,2,2,2,4),(2,2),(0.,0.0790054033347526,
0.205414048670357,0.359350492003039,0.517380884106553,0.689159108506442,
0.876410707882603,1.07017359682825,1.26638446084369,1.50110266336029),(0.,
0.2),.UNSPECIFIED.)
GEOMETRIC_REPRESENTATION_ITEM()
RATIONAL_B_SPLINE_SURFACE(((1.,1.),(1.,1.),(1.,1.),(1.,1.),(1.,1.),(1.,
1.),(1.,1.),(1.,1.),(1.,1.),(1.,1.),(1.,1.),(1.,1.),(1.,1.),(1.,1.),(1.,
1.),(1.,1.),(1.,1.),(1.,1.),(1.,1.),(1.,1.)))
REPRESENTATION_ITEM('')
SURFACE()
);
#71=(
BOUNDED_SURFACE()
B_SPLINE_SURFACE(3,1,((#3871,#3872),(#3873,#3874),(#3875,#3876),(#3877,
#3878),(#3879,#3880),(#3881,#3882),(#3883,#3884),(#3885,#3886),(#3887,#3888),
(#3889,#3890),(#3891,#3892),(#3893,#3894),(#3895,#3896),(#3897,#3898),(#3899,
#3900),(#3901,#3902),(#3903,#3904),(#3905,#3906),(#3907,#3908),(#3909,#3910)),
 .UNSPECIFIED.,.T.,.F.,.F.)
B_SPLINE_SURFACE_WITH_KNOTS((4,2,2,2,2,2,2,2,2,4),(2,2),(0.,0.0790054033347526,
0.205414048670357,0.359350492003039,0.517380884106553,0.689159108506442,
0.876410707882603,1.07017359682825,1.26638446084369,1.50110266336029),(0.,
0.2),.UNSPECIFIED.)
GEOMETRIC_REPRESENTATION_ITEM()
RATIONAL_B_SPLINE_SURFACE(((1.,1.),(1.,1.),(1.,1.),(1.,1.),(1.,1.),(1.,
1.),(1.,1.),(1.,1.),(1.,1.),(1.,1.),(1.,1.),(1.,1.),(1.,1.),(1.,1.),(1.,
1.),(1.,1.),(1.,1.),(1.,1.),(1.,1.),(1.,1.)))
REPRESENTATION_ITEM('')
SURFACE()
);
#72=(
BOUNDED_SURFACE()
B_SPLINE_SURFACE(3,1,((#3915,#3916),(#3917,#3918),(#3919,#3920),(#3921,
#3922),(#3923,#3924),(#3925,#3926),(#3927,#3928),(#3929,#3930),(#3931,#3932),
(#3933,#3934),(#3935,#3936),(#3937,#3938),(#3939,#3940),(#3941,#3942),(#3943,
#3944),(#3945,#3946),(#3947,#3948),(#3949,#3950),(#3951,#3952),(#3953,#3954)),
 .UNSPECIFIED.,.T.,.F.,.F.)
B_SPLINE_SURFACE_WITH_KNOTS((4,2,2,2,2,2,2,2,2,4),(2,2),(0.,0.0790054033347526,
0.205414048670357,0.359350492003039,0.517380884106553,0.689159108506442,
0.876410707882603,1.07017359682825,1.26638446084369,1.50110266336029),(0.,
0.2),.UNSPECIFIED.)
GEOMETRIC_REPRESENTATION_ITEM()
RATIONAL_B_SPLINE_SURFACE(((1.,1.),(1.,1.),(1.,1.),(1.,1.),(1.,1.),(1.,
1.),(1.,1.),(1.,1.),(1.,1.),(1.,1.),(1.,1.),(1.,1.),(1.,1.),(1.,1.),(1.,
1.),(1.,1.),(1.,1.),(1.,1.),(1.,1.),(1.,1.)))
REPRESENTATION_ITEM('')
SURFACE()
);
#73=(
BOUNDED_SURFACE()
B_SPLINE_SURFACE(3,1,((#3959,#3960),(#3961,#3962),(#3963,#3964),(#3965,
#3966),(#3967,#3968),(#3969,#3970),(#3971,#3972),(#3973,#3974),(#3975,#3976),
(#3977,#3978),(#3979,#3980),(#3981,#3982),(#3983,#3984),(#3985,#3986),(#3987,
#3988),(#3989,#3990),(#3991,#3992),(#3993,#3994),(#3995,#3996),(#3997,#3998)),
 .UNSPECIFIED.,.T.,.F.,.F.)
B_SPLINE_SURFACE_WITH_KNOTS((4,2,2,2,2,2,2,2,2,4),(2,2),(0.,0.0790054033347518,
0.205414048670355,0.359350492002869,0.517380884104673,0.689159108505847,
0.876410707880841,1.07017359682698,1.26638446084228,1.5011026633603),(0.,
0.4),.UNSPECIFIED.)
GEOMETRIC_REPRESENTATION_ITEM()
RATIONAL_B_SPLINE_SURFACE(((1.,1.),(1.,1.),(1.,1.),(1.,1.),(1.,1.),(1.,
1.),(1.,1.),(1.,1.),(1.,1.),(1.,1.),(1.,1.),(1.,1.),(1.,1.),(1.,1.),(1.,
1.),(1.,1.),(1.,1.),(1.,1.),(1.,1.),(1.,1.)))
REPRESENTATION_ITEM('')
SURFACE()
);
#74=(
BOUNDED_SURFACE()
B_SPLINE_SURFACE(3,1,((#4039,#4040),(#4041,#4042),(#4043,#4044),(#4045,
#4046),(#4047,#4048),(#4049,#4050),(#4051,#4052),(#4053,#4054),(#4055,#4056),
(#4057,#4058),(#4059,#4060),(#4061,#4062),(#4063,#4064),(#4065,#4066),(#4067,
#4068),(#4069,#4070),(#4071,#4072),(#4073,#4074),(#4075,#4076),(#4077,#4078)),
 .UNSPECIFIED.,.T.,.F.,.F.)
B_SPLINE_SURFACE_WITH_KNOTS((4,2,2,2,2,2,2,2,2,4),(2,2),(0.,0.0790054033347518,
0.205414048670355,0.359350492002869,0.517380884104673,0.689159108505847,
0.876410707880841,1.07017359682698,1.26638446084228,1.5011026633603),(0.,
0.4),.UNSPECIFIED.)
GEOMETRIC_REPRESENTATION_ITEM()
RATIONAL_B_SPLINE_SURFACE(((1.,1.),(1.,1.),(1.,1.),(1.,1.),(1.,1.),(1.,
1.),(1.,1.),(1.,1.),(1.,1.),(1.,1.),(1.,1.),(1.,1.),(1.,1.),(1.,1.),(1.,
1.),(1.,1.),(1.,1.),(1.,1.),(1.,1.),(1.,1.)))
REPRESENTATION_ITEM('')
SURFACE()
);
#75=(
BOUNDED_SURFACE()
B_SPLINE_SURFACE(3,1,((#4107,#4108),(#4109,#4110),(#4111,#4112),(#4113,
#4114),(#4115,#4116),(#4117,#4118),(#4119,#4120),(#4121,#4122),(#4123,#4124),
(#4125,#4126),(#4127,#4128),(#4129,#4130),(#4131,#4132),(#4133,#4134),(#4135,
#4136),(#4137,#4138),(#4139,#4140),(#4141,#4142),(#4143,#4144),(#4145,#4146)),
 .UNSPECIFIED.,.T.,.F.,.F.)
B_SPLINE_SURFACE_WITH_KNOTS((4,2,2,2,2,2,2,2,2,4),(2,2),(0.,0.0790054033347521,
0.205414048670355,0.359350492003016,0.517380884106128,0.6891591085063,0.876410707882864,
1.07017359682877,1.26638446084437,1.50110266336029),(0.,0.2),
 .UNSPECIFIED.)
GEOMETRIC_REPRESENTATION_ITEM()
RATIONAL_B_SPLINE_SURFACE(((1.,1.),(1.,1.),(1.,1.),(1.,1.),(1.,1.),(1.,
1.),(1.,1.),(1.,1.),(1.,1.),(1.,1.),(1.,1.),(1.,1.),(1.,1.),(1.,1.),(1.,
1.),(1.,1.),(1.,1.),(1.,1.),(1.,1.),(1.,1.)))
REPRESENTATION_ITEM('')
SURFACE()
);
#76=(
BOUNDED_SURFACE()
B_SPLINE_SURFACE(3,1,((#4164,#4165),(#4166,#4167),(#4168,#4169),(#4170,
#4171),(#4172,#4173),(#4174,#4175),(#4176,#4177),(#4178,#4179),(#4180,#4181),
(#4182,#4183),(#4184,#4185),(#4186,#4187),(#4188,#4189),(#4190,#4191),(#4192,
#4193),(#4194,#4195),(#4196,#4197),(#4198,#4199),(#4200,#4201),(#4202,#4203)),
 .UNSPECIFIED.,.T.,.F.,.F.)
B_SPLINE_SURFACE_WITH_KNOTS((4,2,2,2,2,2,2,2,2,4),(2,2),(0.,0.0790054033347521,
0.205414048670355,0.359350492003016,0.517380884106128,0.6891591085063,0.876410707882864,
1.07017359682877,1.26638446084437,1.50110266336029),(0.,0.2),
 .UNSPECIFIED.)
GEOMETRIC_REPRESENTATION_ITEM()
RATIONAL_B_SPLINE_SURFACE(((1.,1.),(1.,1.),(1.,1.),(1.,1.),(1.,1.),(1.,
1.),(1.,1.),(1.,1.),(1.,1.),(1.,1.),(1.,1.),(1.,1.),(1.,1.),(1.,1.),(1.,
1.),(1.,1.),(1.,1.),(1.,1.),(1.,1.),(1.,1.)))
REPRESENTATION_ITEM('')
SURFACE()
);
#77=(
BOUNDED_SURFACE()
B_SPLINE_SURFACE(3,1,((#4224,#4225),(#4226,#4227),(#4228,#4229),(#4230,
#4231),(#4232,#4233),(#4234,#4235),(#4236,#4237),(#4238,#4239),(#4240,#4241),
(#4242,#4243),(#4244,#4245),(#4246,#4247),(#4248,#4249),(#4250,#4251),(#4252,
#4253),(#4254,#4255),(#4256,#4257),(#4258,#4259),(#4260,#4261),(#4262,#4263)),
 .UNSPECIFIED.,.T.,.F.,.F.)
B_SPLINE_SURFACE_WITH_KNOTS((4,2,2,2,2,2,2,2,2,4),(2,2),(0.,0.0790054033347521,
0.205414048670355,0.359350492003016,0.517380884106128,0.6891591085063,0.876410707882864,
1.07017359682877,1.26638446084437,1.50110266336029),(0.,0.2),
 .UNSPECIFIED.)
GEOMETRIC_REPRESENTATION_ITEM()
RATIONAL_B_SPLINE_SURFACE(((1.,1.),(1.,1.),(1.,1.),(1.,1.),(1.,1.),(1.,
1.),(1.,1.),(1.,1.),(1.,1.),(1.,1.),(1.,1.),(1.,1.),(1.,1.),(1.,1.),(1.,
1.),(1.,1.),(1.,1.),(1.,1.),(1.,1.),(1.,1.)))
REPRESENTATION_ITEM('')
SURFACE()
);
#78=(
BOUNDED_SURFACE()
B_SPLINE_SURFACE(3,1,((#4277,#4278),(#4279,#4280),(#4281,#4282),(#4283,
#4284),(#4285,#4286),(#4287,#4288),(#4289,#4290),(#4291,#4292),(#4293,#4294),
(#4295,#4296),(#4297,#4298),(#4299,#4300),(#4301,#4302),(#4303,#4304),(#4305,
#4306),(#4307,#4308),(#4309,#4310),(#4311,#4312),(#4313,#4314),(#4315,#4316)),
 .UNSPECIFIED.,.T.,.F.,.F.)
B_SPLINE_SURFACE_WITH_KNOTS((4,2,2,2,2,2,2,2,2,4),(2,2),(0.,0.0790054033347521,
0.205414048670355,0.359350492003016,0.517380884106128,0.6891591085063,0.876410707882864,
1.07017359682877,1.26638446084437,1.50110266336029),(0.,0.2),
 .UNSPECIFIED.)
GEOMETRIC_REPRESENTATION_ITEM()
RATIONAL_B_SPLINE_SURFACE(((1.,1.),(1.,1.),(1.,1.),(1.,1.),(1.,1.),(1.,
1.),(1.,1.),(1.,1.),(1.,1.),(1.,1.),(1.,1.),(1.,1.),(1.,1.),(1.,1.),(1.,
1.),(1.,1.),(1.,1.),(1.,1.),(1.,1.),(1.,1.)))
REPRESENTATION_ITEM('')
SURFACE()
);
#79=(
BOUNDED_SURFACE()
B_SPLINE_SURFACE(3,1,((#4328,#4329),(#4330,#4331),(#4332,#4333),(#4334,
#4335),(#4336,#4337),(#4338,#4339),(#4340,#4341),(#4342,#4343),(#4344,#4345),
(#4346,#4347),(#4348,#4349),(#4350,#4351),(#4352,#4353),(#4354,#4355),(#4356,
#4357),(#4358,#4359),(#4360,#4361),(#4362,#4363),(#4364,#4365),(#4366,#4367)),
 .UNSPECIFIED.,.T.,.F.,.F.)
B_SPLINE_SURFACE_WITH_KNOTS((4,2,2,2,2,2,2,2,2,4),(2,2),(0.,0.0790054033347521,
0.205414048670355,0.359350492003016,0.517380884106128,0.6891591085063,0.876410707882864,
1.07017359682877,1.26638446084437,1.50110266336029),(0.,0.2),
 .UNSPECIFIED.)
GEOMETRIC_REPRESENTATION_ITEM()
RATIONAL_B_SPLINE_SURFACE(((1.,1.),(1.,1.),(1.,1.),(1.,1.),(1.,1.),(1.,
1.),(1.,1.),(1.,1.),(1.,1.),(1.,1.),(1.,1.),(1.,1.),(1.,1.),(1.,1.),(1.,
1.),(1.,1.),(1.,1.),(1.,1.),(1.,1.),(1.,1.)))
REPRESENTATION_ITEM('')
SURFACE()
);
#80=(
BOUNDED_SURFACE()
B_SPLINE_SURFACE(3,1,((#4388,#4389),(#4390,#4391),(#4392,#4393),(#4394,
#4395),(#4396,#4397),(#4398,#4399),(#4400,#4401),(#4402,#4403),(#4404,#4405),
(#4406,#4407),(#4408,#4409),(#4410,#4411),(#4412,#4413),(#4414,#4415),(#4416,
#4417),(#4418,#4419),(#4420,#4421),(#4422,#4423),(#4424,#4425),(#4426,#4427)),
 .UNSPECIFIED.,.T.,.F.,.F.)
B_SPLINE_SURFACE_WITH_KNOTS((4,2,2,2,2,2,2,2,2,4),(2,2),(0.,0.0790054033347521,
0.205414048670355,0.359350492003016,0.517380884106128,0.6891591085063,0.876410707882864,
1.07017359682877,1.26638446084437,1.50110266336029),(0.,0.2),
 .UNSPECIFIED.)
GEOMETRIC_REPRESENTATION_ITEM()
RATIONAL_B_SPLINE_SURFACE(((1.,1.),(1.,1.),(1.,1.),(1.,1.),(1.,1.),(1.,
1.),(1.,1.),(1.,1.),(1.,1.),(1.,1.),(1.,1.),(1.,1.),(1.,1.),(1.,1.),(1.,
1.),(1.,1.),(1.,1.),(1.,1.),(1.,1.),(1.,1.)))
REPRESENTATION_ITEM('')
SURFACE()
);
#81=(
BOUNDED_SURFACE()
B_SPLINE_SURFACE(3,1,((#4450,#4451),(#4452,#4453),(#4454,#4455),(#4456,
#4457),(#4458,#4459),(#4460,#4461),(#4462,#4463),(#4464,#4465),(#4466,#4467),
(#4468,#4469),(#4470,#4471),(#4472,#4473),(#4474,#4475),(#4476,#4477),(#4478,
#4479),(#4480,#4481),(#4482,#4483),(#4484,#4485),(#4486,#4487),(#4488,#4489)),
 .UNSPECIFIED.,.T.,.F.,.F.)
B_SPLINE_SURFACE_WITH_KNOTS((4,2,2,2,2,2,2,2,2,4),(2,2),(0.,0.0790054033347521,
0.205414048670355,0.359350492003016,0.517380884106128,0.6891591085063,0.876410707882864,
1.07017359682877,1.26638446084437,1.50110266336029),(0.,0.2),
 .UNSPECIFIED.)
GEOMETRIC_REPRESENTATION_ITEM()
RATIONAL_B_SPLINE_SURFACE(((1.,1.),(1.,1.),(1.,1.),(1.,1.),(1.,1.),(1.,
1.),(1.,1.),(1.,1.),(1.,1.),(1.,1.),(1.,1.),(1.,1.),(1.,1.),(1.,1.),(1.,
1.),(1.,1.),(1.,1.),(1.,1.),(1.,1.),(1.,1.)))
REPRESENTATION_ITEM('')
SURFACE()
);
#82=(
BOUNDED_SURFACE()
B_SPLINE_SURFACE(3,1,((#4501,#4502),(#4503,#4504),(#4505,#4506),(#4507,
#4508),(#4509,#4510),(#4511,#4512),(#4513,#4514),(#4515,#4516),(#4517,#4518),
(#4519,#4520),(#4521,#4522),(#4523,#4524),(#4525,#4526),(#4527,#4528),(#4529,
#4530),(#4531,#4532),(#4533,#4534),(#4535,#4536),(#4537,#4538),(#4539,#4540)),
 .UNSPECIFIED.,.T.,.F.,.F.)
B_SPLINE_SURFACE_WITH_KNOTS((4,2,2,2,2,2,2,2,2,4),(2,2),(0.,0.0790054033347521,
0.205414048670355,0.359350492003016,0.517380884106128,0.6891591085063,0.876410707882864,
1.07017359682877,1.26638446084437,1.50110266336029),(0.,0.2),
 .UNSPECIFIED.)
GEOMETRIC_REPRESENTATION_ITEM()
RATIONAL_B_SPLINE_SURFACE(((1.,1.),(1.,1.),(1.,1.),(1.,1.),(1.,1.),(1.,
1.),(1.,1.),(1.,1.),(1.,1.),(1.,1.),(1.,1.),(1.,1.),(1.,1.),(1.,1.),(1.,
1.),(1.,1.),(1.,1.),(1.,1.),(1.,1.),(1.,1.)))
REPRESENTATION_ITEM('')
SURFACE()
);
#83=(
BOUNDED_SURFACE()
B_SPLINE_SURFACE(3,1,((#4561,#4562),(#4563,#4564),(#4565,#4566),(#4567,
#4568),(#4569,#4570),(#4571,#4572),(#4573,#4574),(#4575,#4576),(#4577,#4578),
(#4579,#4580),(#4581,#4582),(#4583,#4584),(#4585,#4586),(#4587,#4588),(#4589,
#4590),(#4591,#4592),(#4593,#4594),(#4595,#4596),(#4597,#4598),(#4599,#4600)),
 .UNSPECIFIED.,.T.,.F.,.F.)
B_SPLINE_SURFACE_WITH_KNOTS((4,2,2,2,2,2,2,2,2,4),(2,2),(0.,0.0790054033347521,
0.205414048670355,0.359350492003016,0.517380884106128,0.6891591085063,0.876410707882864,
1.07017359682877,1.26638446084437,1.50110266336029),(0.,0.2),
 .UNSPECIFIED.)
GEOMETRIC_REPRESENTATION_ITEM()
RATIONAL_B_SPLINE_SURFACE(((1.,1.),(1.,1.),(1.,1.),(1.,1.),(1.,1.),(1.,
1.),(1.,1.),(1.,1.),(1.,1.),(1.,1.),(1.,1.),(1.,1.),(1.,1.),(1.,1.),(1.,
1.),(1.,1.),(1.,1.),(1.,1.),(1.,1.),(1.,1.)))
REPRESENTATION_ITEM('')
SURFACE()
);
#84=(
BOUNDED_SURFACE()
B_SPLINE_SURFACE(3,1,((#4605,#4606),(#4607,#4608),(#4609,#4610),(#4611,
#4612),(#4613,#4614),(#4615,#4616),(#4617,#4618),(#4619,#4620),(#4621,#4622),
(#4623,#4624),(#4625,#4626),(#4627,#4628),(#4629,#4630),(#4631,#4632),(#4633,
#4634),(#4635,#4636),(#4637,#4638),(#4639,#4640),(#4641,#4642),(#4643,#4644)),
 .UNSPECIFIED.,.T.,.F.,.F.)
B_SPLINE_SURFACE_WITH_KNOTS((4,2,2,2,2,2,2,2,2,4),(2,2),(0.,0.0790054033347521,
0.205414048670355,0.359350492003016,0.517380884106128,0.6891591085063,0.876410707882864,
1.07017359682877,1.26638446084437,1.50110266336029),(0.,0.2),
 .UNSPECIFIED.)
GEOMETRIC_REPRESENTATION_ITEM()
RATIONAL_B_SPLINE_SURFACE(((1.,1.),(1.,1.),(1.,1.),(1.,1.),(1.,1.),(1.,
1.),(1.,1.),(1.,1.),(1.,1.),(1.,1.),(1.,1.),(1.,1.),(1.,1.),(1.,1.),(1.,
1.),(1.,1.),(1.,1.),(1.,1.),(1.,1.),(1.,1.)))
REPRESENTATION_ITEM('')
SURFACE()
);
#85=(
BOUNDED_SURFACE()
B_SPLINE_SURFACE(3,1,((#4649,#4650),(#4651,#4652),(#4653,#4654),(#4655,
#4656),(#4657,#4658),(#4659,#4660),(#4661,#4662),(#4663,#4664),(#4665,#4666),
(#4667,#4668),(#4669,#4670),(#4671,#4672),(#4673,#4674),(#4675,#4676),(#4677,
#4678),(#4679,#4680),(#4681,#4682),(#4683,#4684),(#4685,#4686),(#4687,#4688)),
 .UNSPECIFIED.,.T.,.F.,.F.)
B_SPLINE_SURFACE_WITH_KNOTS((4,2,2,2,2,2,2,2,2,4),(2,2),(0.,0.0790054033347521,
0.205414048670355,0.359350492003016,0.517380884106128,0.6891591085063,0.876410707882864,
1.07017359682877,1.26638446084437,1.50110266336029),(0.,0.2),
 .UNSPECIFIED.)
GEOMETRIC_REPRESENTATION_ITEM()
RATIONAL_B_SPLINE_SURFACE(((1.,1.),(1.,1.),(1.,1.),(1.,1.),(1.,1.),(1.,
1.),(1.,1.),(1.,1.),(1.,1.),(1.,1.),(1.,1.),(1.,1.),(1.,1.),(1.,1.),(1.,
1.),(1.,1.),(1.,1.),(1.,1.),(1.,1.),(1.,1.)))
REPRESENTATION_ITEM('')
SURFACE()
);
#86=(
BOUNDED_SURFACE()
B_SPLINE_SURFACE(3,1,((#4693,#4694),(#4695,#4696),(#4697,#4698),(#4699,
#4700),(#4701,#4702),(#4703,#4704),(#4705,#4706),(#4707,#4708),(#4709,#4710),
(#4711,#4712),(#4713,#4714),(#4715,#4716),(#4717,#4718),(#4719,#4720),(#4721,
#4722),(#4723,#4724),(#4725,#4726),(#4727,#4728),(#4729,#4730),(#4731,#4732)),
 .UNSPECIFIED.,.T.,.F.,.F.)
B_SPLINE_SURFACE_WITH_KNOTS((4,2,2,2,2,2,2,2,2,4),(2,2),(0.,0.0790054033347521,
0.205414048670355,0.359350492003016,0.517380884106128,0.6891591085063,0.876410707882864,
1.07017359682877,1.26638446084437,1.50110266336029),(0.,0.2),
 .UNSPECIFIED.)
GEOMETRIC_REPRESENTATION_ITEM()
RATIONAL_B_SPLINE_SURFACE(((1.,1.),(1.,1.),(1.,1.),(1.,1.),(1.,1.),(1.,
1.),(1.,1.),(1.,1.),(1.,1.),(1.,1.),(1.,1.),(1.,1.),(1.,1.),(1.,1.),(1.,
1.),(1.,1.),(1.,1.),(1.,1.),(1.,1.),(1.,1.)))
REPRESENTATION_ITEM('')
SURFACE()
);
#87=(
BOUNDED_SURFACE()
B_SPLINE_SURFACE(3,1,((#4739,#4740),(#4741,#4742),(#4743,#4744),(#4745,
#4746),(#4747,#4748),(#4749,#4750),(#4751,#4752),(#4753,#4754),(#4755,#4756),
(#4757,#4758),(#4759,#4760),(#4761,#4762),(#4763,#4764),(#4765,#4766),(#4767,
#4768),(#4769,#4770),(#4771,#4772),(#4773,#4774),(#4775,#4776),(#4777,#4778)),
 .UNSPECIFIED.,.T.,.F.,.F.)
B_SPLINE_SURFACE_WITH_KNOTS((4,2,2,2,2,2,2,2,2,4),(2,2),(0.,0.0790054033347518,
0.205414048670355,0.359350492002869,0.517380884104673,0.689159108505847,
0.876410707880841,1.07017359682698,1.26638446084228,1.5011026633603),(0.,
0.4),.UNSPECIFIED.)
GEOMETRIC_REPRESENTATION_ITEM()
RATIONAL_B_SPLINE_SURFACE(((1.,1.),(1.,1.),(1.,1.),(1.,1.),(1.,1.),(1.,
1.),(1.,1.),(1.,1.),(1.,1.),(1.,1.),(1.,1.),(1.,1.),(1.,1.),(1.,1.),(1.,
1.),(1.,1.),(1.,1.),(1.,1.),(1.,1.),(1.,1.)))
REPRESENTATION_ITEM('')
SURFACE()
);
#88=(
BOUNDED_SURFACE()
B_SPLINE_SURFACE(3,1,((#4819,#4820),(#4821,#4822),(#4823,#4824),(#4825,
#4826),(#4827,#4828),(#4829,#4830),(#4831,#4832),(#4833,#4834),(#4835,#4836),
(#4837,#4838),(#4839,#4840),(#4841,#4842),(#4843,#4844),(#4845,#4846),(#4847,
#4848),(#4849,#4850),(#4851,#4852),(#4853,#4854),(#4855,#4856),(#4857,#4858)),
 .UNSPECIFIED.,.T.,.F.,.F.)
B_SPLINE_SURFACE_WITH_KNOTS((4,2,2,2,2,2,2,2,2,4),(2,2),(0.,0.0790054033347518,
0.205414048670355,0.359350492002869,0.517380884104673,0.689159108505847,
0.876410707880841,1.07017359682698,1.26638446084228,1.5011026633603),(0.,
0.4),.UNSPECIFIED.)
GEOMETRIC_REPRESENTATION_ITEM()
RATIONAL_B_SPLINE_SURFACE(((1.,1.),(1.,1.),(1.,1.),(1.,1.),(1.,1.),(1.,
1.),(1.,1.),(1.,1.),(1.,1.),(1.,1.),(1.,1.),(1.,1.),(1.,1.),(1.,1.),(1.,
1.),(1.,1.),(1.,1.),(1.,1.),(1.,1.),(1.,1.)))
REPRESENTATION_ITEM('')
SURFACE()
);
#89=SPHERICAL_SURFACE('',#2007,2.5);
#90=SPHERICAL_SURFACE('',#2011,2.5);
#91=SPHERICAL_SURFACE('',#2015,2.5);
#92=SPHERICAL_SURFACE('',#2019,2.5);
#93=(
BOUNDED_CURVE()
B_SPLINE_CURVE(3,(#2651,#2652,#2653,#2654,#2655,#2656,#2657,#2658,#2659,
#2660,#2661,#2662,#2663,#2664,#2665,#2666,#2667,#2668,#2669,#2670),
 .UNSPECIFIED.,.T.,.F.)
B_SPLINE_CURVE_WITH_KNOTS((4,2,2,2,2,2,2,2,2,4),(-1.5011026633603,-1.26638446084228,
-1.07017359682698,-0.876410707880841,-0.689159108505847,-0.517380884104673,
-0.359350492002869,-0.205414048670355,-0.0790054033347518,0.),
 .UNSPECIFIED.)
CURVE()
GEOMETRIC_REPRESENTATION_ITEM()
RATIONAL_B_SPLINE_CURVE((1.,1.,1.,1.,1.,1.,1.,1.,1.,1.,1.,1.,1.,1.,1.,1.,
1.,1.,1.,1.))
REPRESENTATION_ITEM('')
);
#94=(
BOUNDED_CURVE()
B_SPLINE_CURVE(3,(#2672,#2673,#2674,#2675,#2676,#2677,#2678,#2679,#2680,
#2681,#2682,#2683,#2684,#2685,#2686,#2687,#2688,#2689,#2690,#2691),
 .UNSPECIFIED.,.T.,.F.)
B_SPLINE_CURVE_WITH_KNOTS((4,2,2,2,2,2,2,2,2,4),(0.,0.0790054033347518,
0.205414048670355,0.359350492002869,0.517380884104673,0.689159108505847,
0.876410707880841,1.07017359682698,1.26638446084228,1.5011026633603),
 .UNSPECIFIED.)
CURVE()
GEOMETRIC_REPRESENTATION_ITEM()
RATIONAL_B_SPLINE_CURVE((1.,1.,1.,1.,1.,1.,1.,1.,1.,1.,1.,1.,1.,1.,1.,1.,
1.,1.,1.,1.))
REPRESENTATION_ITEM('')
);
#95=(
BOUNDED_CURVE()
B_SPLINE_CURVE(3,(#2694,#2695,#2696,#2697),.UNSPECIFIED.,.F.,.F.)
B_SPLINE_CURVE_WITH_KNOTS((4,4),(0.,0.0536119169674718),.UNSPECIFIED.)
CURVE()
GEOMETRIC_REPRESENTATION_ITEM()
RATIONAL_B_SPLINE_CURVE((1.,1.,1.,1.))
REPRESENTATION_ITEM('')
);
#96=(
BOUNDED_CURVE()
B_SPLINE_CURVE(3,(#2699,#2700,#2701,#2702,#2703,#2704),.UNSPECIFIED.,.F.,
 .F.)
B_SPLINE_CURVE_WITH_KNOTS((4,2,4),(-0.696940880990234,-0.689159108505847,
-0.684061982304383),.UNSPECIFIED.)
CURVE()
GEOMETRIC_REPRESENTATION_ITEM()
RATIONAL_B_SPLINE_CURVE((1.,1.,1.,1.,1.,1.))
REPRESENTATION_ITEM('')
);
#97=(
BOUNDED_CURVE()
B_SPLINE_CURVE(3,(#2706,#2707,#2708,#2709,#2710,#2711,#2712,#2713),
 .UNSPECIFIED.,.F.,.F.)
B_SPLINE_CURVE_WITH_KNOTS((4,2,2,4),(0.0664886127891876,0.0790054033347526,
0.205414048670357,0.220172902022406),.UNSPECIFIED.)
CURVE()
GEOMETRIC_REPRESENTATION_ITEM()
RATIONAL_B_SPLINE_CURVE((1.,1.,1.,1.,1.,1.,1.,1.))
REPRESENTATION_ITEM('')
);
#98=(
BOUNDED_CURVE()
B_SPLINE_CURVE(3,(#2715,#2716,#2717,#2718,#2719,#2720),.UNSPECIFIED.,.F.,
 .F.)
B_SPLINE_CURVE_WITH_KNOTS((4,2,4),(-0.530384218966372,-0.517380884104673,
-0.458514607930983),.UNSPECIFIED.)
CURVE()
GEOMETRIC_REPRESENTATION_ITEM()
RATIONAL_B_SPLINE_CURVE((1.,1.,1.,1.,1.,1.))
REPRESENTATION_ITEM('')
);
#99=(
BOUNDED_CURVE()
B_SPLINE_CURVE(3,(#2722,#2723,#2724,#2725,#2726,#2727),.UNSPECIFIED.,.F.,
 .F.)
B_SPLINE_CURVE_WITH_KNOTS((4,2,4),(0.292026447012834,0.359350492003039,
0.375278926161314),.UNSPECIFIED.)
CURVE()
GEOMETRIC_REPRESENTATION_ITEM()
RATIONAL_B_SPLINE_CURVE((1.,1.,1.,1.,1.,1.))
REPRESENTATION_ITEM('')
);
#100=(
BOUNDED_CURVE()
B_SPLINE_CURVE(3,(#2729,#2730,#2731,#2732,#2733,#2734),.UNSPECIFIED.,.F.,
 .F.)
B_SPLINE_CURVE_WITH_KNOTS((4,2,4),(-0.375278926160894,-0.359350492002869,
-0.292026447013386),.UNSPECIFIED.)
CURVE()
GEOMETRIC_REPRESENTATION_ITEM()
RATIONAL_B_SPLINE_CURVE((1.,1.,1.,1.,1.,1.))
REPRESENTATION_ITEM('')
);
#101=(
BOUNDED_CURVE()
B_SPLINE_CURVE(3,(#2736,#2737,#2738,#2739,#2740,#2741),.UNSPECIFIED.,.F.,
 .F.)
B_SPLINE_CURVE_WITH_KNOTS((4,2,4),(0.458514607930425,0.517380884106553,
0.530384218968267),.UNSPECIFIED.)
CURVE()
GEOMETRIC_REPRESENTATION_ITEM()
RATIONAL_B_SPLINE_CURVE((1.,1.,1.,1.,1.,1.))
REPRESENTATION_ITEM('')
);
#102=(
BOUNDED_CURVE()
B_SPLINE_CURVE(3,(#2743,#2744,#2745,#2746,#2747,#2748,#2749,#2750),
 .UNSPECIFIED.,.F.,.F.)
B_SPLINE_CURVE_WITH_KNOTS((4,2,2,4),(-0.220172902020515,-0.205414048670355,
-0.0790054033347518,-0.0664886127904327),.UNSPECIFIED.)
CURVE()
GEOMETRIC_REPRESENTATION_ITEM()
RATIONAL_B_SPLINE_CURVE((1.,1.,1.,1.,1.,1.,1.,1.))
REPRESENTATION_ITEM('')
);
#103=(
BOUNDED_CURVE()
B_SPLINE_CURVE(3,(#2752,#2753,#2754,#2755,#2756,#2757),.UNSPECIFIED.,.F.,
 .F.)
B_SPLINE_CURVE_WITH_KNOTS((4,2,4),(0.684061982303484,0.689159108506442,
0.69694088099358),.UNSPECIFIED.)
CURVE()
GEOMETRIC_REPRESENTATION_ITEM()
RATIONAL_B_SPLINE_CURVE((1.,1.,1.,1.,1.,1.))
REPRESENTATION_ITEM('')
);
#104=(
BOUNDED_CURVE()
B_SPLINE_CURVE(3,(#2759,#2760,#2761,#2762),.UNSPECIFIED.,.F.,.F.)
B_SPLINE_CURVE_WITH_KNOTS((4,4),(-0.0536119169641032,0.),.UNSPECIFIED.)
CURVE()
GEOMETRIC_REPRESENTATION_ITEM()
RATIONAL_B_SPLINE_CURVE((1.,1.,1.,1.))
REPRESENTATION_ITEM('')
);
#105=(
BOUNDED_CURVE()
B_SPLINE_CURVE(3,(#2764,#2765,#2766,#2767),.UNSPECIFIED.,.F.,.F.)
B_SPLINE_CURVE_WITH_KNOTS((4,4),(-1.5011026633603,-1.45483410456599),
 .UNSPECIFIED.)
CURVE()
GEOMETRIC_REPRESENTATION_ITEM()
RATIONAL_B_SPLINE_CURVE((1.,1.,1.,1.))
REPRESENTATION_ITEM('')
);
#106=(
BOUNDED_CURVE()
B_SPLINE_CURVE(3,(#2769,#2770,#2771,#2772,#2773,#2774),.UNSPECIFIED.,.F.,
 .F.)
B_SPLINE_CURVE_WITH_KNOTS((4,2,4),(0.796755513409047,0.876410707882603,
0.940866678845026),.UNSPECIFIED.)
CURVE()
GEOMETRIC_REPRESENTATION_ITEM()
RATIONAL_B_SPLINE_CURVE((1.,1.,1.,1.,1.,1.))
REPRESENTATION_ITEM('')
);
#107=(
BOUNDED_CURVE()
B_SPLINE_CURVE(3,(#2776,#2777,#2778,#2779,#2780,#2781),.UNSPECIFIED.,.F.,
 .F.)
B_SPLINE_CURVE_WITH_KNOTS((4,2,4),(-1.31086195358227,-1.26638446084228,
-1.22435658334995),.UNSPECIFIED.)
CURVE()
GEOMETRIC_REPRESENTATION_ITEM()
RATIONAL_B_SPLINE_CURVE((1.,1.,1.,1.,1.,1.))
REPRESENTATION_ITEM('')
);
#108=(
BOUNDED_CURVE()
B_SPLINE_CURVE(3,(#2783,#2784,#2785,#2786,#2787,#2788),.UNSPECIFIED.,.F.,
 .F.)
B_SPLINE_CURVE_WITH_KNOTS((4,2,4),(1.02725104788732,1.07017359682825,1.12585318916249),
 .UNSPECIFIED.)
CURVE()
GEOMETRIC_REPRESENTATION_ITEM()
RATIONAL_B_SPLINE_CURVE((1.,1.,1.,1.,1.,1.))
REPRESENTATION_ITEM('')
);
#109=(
BOUNDED_CURVE()
B_SPLINE_CURVE(3,(#2790,#2791,#2792,#2793,#2794,#2795),.UNSPECIFIED.,.F.,
 .F.)
B_SPLINE_CURVE_WITH_KNOTS((4,2,4),(-1.12585318916298,-1.07017359682698,
-1.02725104788522),.UNSPECIFIED.)
CURVE()
GEOMETRIC_REPRESENTATION_ITEM()
RATIONAL_B_SPLINE_CURVE((1.,1.,1.,1.,1.,1.))
REPRESENTATION_ITEM('')
);
#110=(
BOUNDED_CURVE()
B_SPLINE_CURVE(3,(#2797,#2798,#2799,#2800,#2801,#2802),.UNSPECIFIED.,.F.,
 .F.)
B_SPLINE_CURVE_WITH_KNOTS((4,2,4),(1.22435658335204,1.26638446084369,1.31086195358378),
 .UNSPECIFIED.)
CURVE()
GEOMETRIC_REPRESENTATION_ITEM()
RATIONAL_B_SPLINE_CURVE((1.,1.,1.,1.,1.,1.))
REPRESENTATION_ITEM('')
);
#111=(
BOUNDED_CURVE()
B_SPLINE_CURVE(3,(#2804,#2805,#2806,#2807,#2808,#2809),.UNSPECIFIED.,.F.,
 .F.)
B_SPLINE_CURVE_WITH_KNOTS((4,2,4),(-0.940866678843513,-0.876410707880841,
-0.796755513407854),.UNSPECIFIED.)
CURVE()
GEOMETRIC_REPRESENTATION_ITEM()
RATIONAL_B_SPLINE_CURVE((1.,1.,1.,1.,1.,1.))
REPRESENTATION_ITEM('')
);
#112=(
BOUNDED_CURVE()
B_SPLINE_CURVE(3,(#2810,#2811,#2812,#2813),.UNSPECIFIED.,.F.,.F.)
B_SPLINE_CURVE_WITH_KNOTS((4,4),(1.45483410456718,1.50110266336029),
 .UNSPECIFIED.)
CURVE()
GEOMETRIC_REPRESENTATION_ITEM()
RATIONAL_B_SPLINE_CURVE((1.,1.,1.,1.))
REPRESENTATION_ITEM('')
);
#113=(
BOUNDED_CURVE()
B_SPLINE_CURVE(3,(#2816,#2817,#2818,#2819,#2820,#2821),.UNSPECIFIED.,.F.,
 .F.)
B_SPLINE_CURVE_WITH_KNOTS((4,2,4),(0.,0.0790054033347521,0.10870195662216),
 .UNSPECIFIED.)
CURVE()
GEOMETRIC_REPRESENTATION_ITEM()
RATIONAL_B_SPLINE_CURVE((1.,1.,1.,1.,1.,1.))
REPRESENTATION_ITEM('')
);
#114=(
BOUNDED_CURVE()
B_SPLINE_CURVE(3,(#2823,#2824,#2825,#2826,#2827,#2828),.UNSPECIFIED.,.F.,
 .F.)
B_SPLINE_CURVE_WITH_KNOTS((4,2,4),(0.859244012945818,0.876410707880841,
0.900013848781027),.UNSPECIFIED.)
CURVE()
GEOMETRIC_REPRESENTATION_ITEM()
RATIONAL_B_SPLINE_CURVE((1.,1.,1.,1.,1.,1.))
REPRESENTATION_ITEM('')
);
#115=(
BOUNDED_CURVE()
B_SPLINE_CURVE(3,(#2830,#2831,#2832,#2833,#2834,#2835),.UNSPECIFIED.,.F.,
 .F.)
B_SPLINE_CURVE_WITH_KNOTS((4,2,4),(0.149449541082454,0.205414048670355,
0.281008548289485),.UNSPECIFIED.)
CURVE()
GEOMETRIC_REPRESENTATION_ITEM()
RATIONAL_B_SPLINE_CURVE((1.,1.,1.,1.,1.,1.))
REPRESENTATION_ITEM('')
);
#116=(
BOUNDED_CURVE()
B_SPLINE_CURVE(3,(#2837,#2838,#2839,#2840,#2841,#2842),.UNSPECIFIED.,.F.,
 .F.)
B_SPLINE_CURVE_WITH_KNOTS((4,2,4),(1.03153836800438,1.07017359682698,1.08708532351376),
 .UNSPECIFIED.)
CURVE()
GEOMETRIC_REPRESENTATION_ITEM()
RATIONAL_B_SPLINE_CURVE((1.,1.,1.,1.,1.,1.))
REPRESENTATION_ITEM('')
);
#117=(
BOUNDED_CURVE()
B_SPLINE_CURVE(3,(#2844,#2845,#2846,#2847,#2848,#2849),.UNSPECIFIED.,.F.,
 .F.)
B_SPLINE_CURVE_WITH_KNOTS((4,2,4),(0.336521666242329,0.359350492003016,
0.513097287484247),.UNSPECIFIED.)
CURVE()
GEOMETRIC_REPRESENTATION_ITEM()
RATIONAL_B_SPLINE_CURVE((1.,1.,1.,1.,1.,1.))
REPRESENTATION_ITEM('')
);
#118=(
BOUNDED_CURVE()
B_SPLINE_CURVE(3,(#2851,#2852,#2853,#2854,#2855,#2856,#2857,#2858),
 .UNSPECIFIED.,.F.,.F.)
B_SPLINE_CURVE_WITH_KNOTS((4,2,2,4),(0.513097287484247,0.517380884106128,
0.6891591085063,0.72443530472083),.UNSPECIFIED.)
CURVE()
GEOMETRIC_REPRESENTATION_ITEM()
RATIONAL_B_SPLINE_CURVE((1.,1.,1.,1.,1.,1.,1.,1.))
REPRESENTATION_ITEM('')
);
#119=(
BOUNDED_CURVE()
B_SPLINE_CURVE(3,(#2860,#2861,#2862,#2863),.UNSPECIFIED.,.F.,.F.)
B_SPLINE_CURVE_WITH_KNOTS((4,4),(1.47494284419427,1.5011026633603),
 .UNSPECIFIED.)
CURVE()
GEOMETRIC_REPRESENTATION_ITEM()
RATIONAL_B_SPLINE_CURVE((1.,1.,1.,1.))
REPRESENTATION_ITEM('')
);
#120=(
BOUNDED_CURVE()
B_SPLINE_CURVE(3,(#2865,#2866,#2867,#2868,#2869,#2870),.UNSPECIFIED.,.F.,
 .F.)
B_SPLINE_CURVE_WITH_KNOTS((4,2,4),(0.,0.0790054033347518,0.108701956623596),
 .UNSPECIFIED.)
CURVE()
GEOMETRIC_REPRESENTATION_ITEM()
RATIONAL_B_SPLINE_CURVE((1.,1.,1.,1.,1.,1.))
REPRESENTATION_ITEM('')
);
#121=(
BOUNDED_CURVE()
B_SPLINE_CURVE(3,(#2872,#2873,#2874,#2875,#2876,#2877),.UNSPECIFIED.,.F.,
 .F.)
B_SPLINE_CURVE_WITH_KNOTS((4,2,4),(0.859244012947248,0.876410707882864,
0.900013848782791),.UNSPECIFIED.)
CURVE()
GEOMETRIC_REPRESENTATION_ITEM()
RATIONAL_B_SPLINE_CURVE((1.,1.,1.,1.,1.,1.))
REPRESENTATION_ITEM('')
);
#122=(
BOUNDED_CURVE()
B_SPLINE_CURVE(3,(#2879,#2880,#2881,#2882,#2883,#2884),.UNSPECIFIED.,.F.,
 .F.)
B_SPLINE_CURVE_WITH_KNOTS((4,2,4),(0.149449541083584,0.205414048670355,
0.281008548291091),.UNSPECIFIED.)
CURVE()
GEOMETRIC_REPRESENTATION_ITEM()
RATIONAL_B_SPLINE_CURVE((1.,1.,1.,1.,1.,1.))
REPRESENTATION_ITEM('')
);
#123=(
BOUNDED_CURVE()
B_SPLINE_CURVE(3,(#2886,#2887,#2888,#2889,#2890,#2891),.UNSPECIFIED.,.F.,
 .F.)
B_SPLINE_CURVE_WITH_KNOTS((4,2,4),(1.03153836800596,1.07017359682877,1.08708532351479),
 .UNSPECIFIED.)
CURVE()
GEOMETRIC_REPRESENTATION_ITEM()
RATIONAL_B_SPLINE_CURVE((1.,1.,1.,1.,1.,1.))
REPRESENTATION_ITEM('')
);
#124=(
BOUNDED_CURVE()
B_SPLINE_CURVE(3,(#2893,#2894,#2895,#2896,#2897,#2898),.UNSPECIFIED.,.F.,
 .F.)
B_SPLINE_CURVE_WITH_KNOTS((4,2,4),(0.33652166624336,0.359350492002869,0.513097287491491),
 .UNSPECIFIED.)
CURVE()
GEOMETRIC_REPRESENTATION_ITEM()
RATIONAL_B_SPLINE_CURVE((1.,1.,1.,1.,1.,1.))
REPRESENTATION_ITEM('')
);
#125=(
BOUNDED_CURVE()
B_SPLINE_CURVE(3,(#2900,#2901,#2902,#2903,#2904,#2905,#2906,#2907),
 .UNSPECIFIED.,.F.,.F.)
B_SPLINE_CURVE_WITH_KNOTS((4,2,2,4),(0.513097287491491,0.517380884104673,
0.689159108505847,0.72443530472073),.UNSPECIFIED.)
CURVE()
GEOMETRIC_REPRESENTATION_ITEM()
RATIONAL_B_SPLINE_CURVE((1.,1.,1.,1.,1.,1.,1.,1.))
REPRESENTATION_ITEM('')
);
#126=(
BOUNDED_CURVE()
B_SPLINE_CURVE(3,(#2908,#2909,#2910,#2911),.UNSPECIFIED.,.F.,.F.)
B_SPLINE_CURVE_WITH_KNOTS((4,4),(1.47494284419417,1.50110266336029),
 .UNSPECIFIED.)
CURVE()
GEOMETRIC_REPRESENTATION_ITEM()
RATIONAL_B_SPLINE_CURVE((1.,1.,1.,1.))
REPRESENTATION_ITEM('')
);
#127=(
BOUNDED_CURVE()
B_SPLINE_CURVE(3,(#3138,#3139,#3140,#3141),.UNSPECIFIED.,.F.,.F.)
B_SPLINE_CURVE_WITH_KNOTS((4,4),(-0.292026447014086,-0.220172902022128),
 .UNSPECIFIED.)
CURVE()
GEOMETRIC_REPRESENTATION_ITEM()
RATIONAL_B_SPLINE_CURVE((1.,1.,1.,1.))
REPRESENTATION_ITEM('')
);
#128=(
BOUNDED_CURVE()
B_SPLINE_CURVE(3,(#3198,#3199,#3200,#3201),.UNSPECIFIED.,.F.,.F.)
B_SPLINE_CURVE_WITH_KNOTS((4,4),(-0.458514607929886,-0.375278926162011),
 .UNSPECIFIED.)
CURVE()
GEOMETRIC_REPRESENTATION_ITEM()
RATIONAL_B_SPLINE_CURVE((1.,1.,1.,1.))
REPRESENTATION_ITEM('')
);
#129=(
BOUNDED_CURVE()
B_SPLINE_CURVE(3,(#3256,#3257,#3258,#3259),.UNSPECIFIED.,.F.,.F.)
B_SPLINE_CURVE_WITH_KNOTS((4,4),(-0.684061982303442,-0.53038421896831),
 .UNSPECIFIED.)
CURVE()
GEOMETRIC_REPRESENTATION_ITEM()
RATIONAL_B_SPLINE_CURVE((1.,1.,1.,1.))
REPRESENTATION_ITEM('')
);
#130=(
BOUNDED_CURVE()
B_SPLINE_CURVE(3,(#3314,#3315,#3316,#3317),.UNSPECIFIED.,.F.,.F.)
B_SPLINE_CURVE_WITH_KNOTS((4,4),(-0.750570218670839,-0.696940880993014),
 .UNSPECIFIED.)
CURVE()
GEOMETRIC_REPRESENTATION_ITEM()
RATIONAL_B_SPLINE_CURVE((1.,1.,1.,1.))
REPRESENTATION_ITEM('')
);
#131=(
BOUNDED_CURVE()
B_SPLINE_CURVE(3,(#3368,#3369,#3370,#3371),.UNSPECIFIED.,.F.,.F.)
B_SPLINE_CURVE_WITH_KNOTS((4,4),(-0.796755513409047,-0.750570218670839),
 .UNSPECIFIED.)
CURVE()
GEOMETRIC_REPRESENTATION_ITEM()
RATIONAL_B_SPLINE_CURVE((1.,1.,1.,1.))
REPRESENTATION_ITEM('')
);
#132=(
BOUNDED_CURVE()
B_SPLINE_CURVE(3,(#3420,#3421,#3422,#3423),.UNSPECIFIED.,.F.,.F.)
B_SPLINE_CURVE_WITH_KNOTS((4,4),(-1.02725104788747,-0.940866678844981),
 .UNSPECIFIED.)
CURVE()
GEOMETRIC_REPRESENTATION_ITEM()
RATIONAL_B_SPLINE_CURVE((1.,1.,1.,1.))
REPRESENTATION_ITEM('')
);
#133=(
BOUNDED_CURVE()
B_SPLINE_CURVE(3,(#3478,#3479,#3480,#3481),.UNSPECIFIED.,.F.,.F.)
B_SPLINE_CURVE_WITH_KNOTS((4,4),(-1.2243565833521,-1.1258531891629),
 .UNSPECIFIED.)
CURVE()
GEOMETRIC_REPRESENTATION_ITEM()
RATIONAL_B_SPLINE_CURVE((1.,1.,1.,1.))
REPRESENTATION_ITEM('')
);
#134=(
BOUNDED_CURVE()
B_SPLINE_CURVE(3,(#3536,#3537,#3538,#3539),.UNSPECIFIED.,.F.,.F.)
B_SPLINE_CURVE_WITH_KNOTS((4,4),(-1.45483410456716,-1.31086195358364),
 .UNSPECIFIED.)
CURVE()
GEOMETRIC_REPRESENTATION_ITEM()
RATIONAL_B_SPLINE_CURVE((1.,1.,1.,1.))
REPRESENTATION_ITEM('')
);
#135=(
BOUNDED_CURVE()
B_SPLINE_CURVE(3,(#3593,#3594,#3595,#3596),.UNSPECIFIED.,.F.,.F.)
B_SPLINE_CURVE_WITH_KNOTS((4,4),(-0.0664886127888821,-0.0536119169670892),
 .UNSPECIFIED.)
CURVE()
GEOMETRIC_REPRESENTATION_ITEM()
RATIONAL_B_SPLINE_CURVE((1.,1.,1.,1.))
REPRESENTATION_ITEM('')
);
#136=(
BOUNDED_CURVE()
B_SPLINE_CURVE(3,(#3911,#3912,#3913,#3914),.UNSPECIFIED.,.F.,.F.)
B_SPLINE_CURVE_WITH_KNOTS((4,4),(1.45483410456716,1.50110266336029),
 .UNSPECIFIED.)
CURVE()
GEOMETRIC_REPRESENTATION_ITEM()
RATIONAL_B_SPLINE_CURVE((1.,1.,1.,1.))
REPRESENTATION_ITEM('')
);
#137=(
BOUNDED_CURVE()
B_SPLINE_CURVE(3,(#4001,#4002,#4003,#4004,#4005,#4006,#4007,#4008,#4009,
#4010,#4011,#4012,#4013,#4014,#4015,#4016,#4017,#4018,#4019,#4020),
 .UNSPECIFIED.,.T.,.F.)
B_SPLINE_CURVE_WITH_KNOTS((4,2,2,2,2,2,2,2,2,4),(0.,0.0790054033347518,
0.205414048670355,0.359350492002869,0.517380884104673,0.689159108505847,
0.876410707880841,1.07017359682698,1.26638446084228,1.5011026633603),
 .UNSPECIFIED.)
CURVE()
GEOMETRIC_REPRESENTATION_ITEM()
RATIONAL_B_SPLINE_CURVE((1.,1.,1.,1.,1.,1.,1.,1.,1.,1.,1.,1.,1.,1.,1.,1.,
1.,1.,1.,1.))
REPRESENTATION_ITEM('')
);
#138=(
BOUNDED_CURVE()
B_SPLINE_CURVE(3,(#4081,#4082,#4083,#4084,#4085,#4086,#4087,#4088,#4089,
#4090,#4091,#4092,#4093,#4094,#4095,#4096,#4097,#4098,#4099,#4100),
 .UNSPECIFIED.,.T.,.F.)
B_SPLINE_CURVE_WITH_KNOTS((4,2,2,2,2,2,2,2,2,4),(0.,0.0790054033347518,
0.205414048670355,0.359350492002869,0.517380884104673,0.689159108505847,
0.876410707880841,1.07017359682698,1.26638446084228,1.5011026633603),
 .UNSPECIFIED.)
CURVE()
GEOMETRIC_REPRESENTATION_ITEM()
RATIONAL_B_SPLINE_CURVE((1.,1.,1.,1.,1.,1.,1.,1.,1.,1.,1.,1.,1.,1.,1.,1.,
1.,1.,1.,1.))
REPRESENTATION_ITEM('')
);
#139=(
BOUNDED_CURVE()
B_SPLINE_CURVE(3,(#4206,#4207,#4208,#4209),.UNSPECIFIED.,.F.,.F.)
B_SPLINE_CURVE_WITH_KNOTS((4,4),(-0.336521666242608,-0.281008548289692),
 .UNSPECIFIED.)
CURVE()
GEOMETRIC_REPRESENTATION_ITEM()
RATIONAL_B_SPLINE_CURVE((1.,1.,1.,1.))
REPRESENTATION_ITEM('')
);
#140=(
BOUNDED_CURVE()
B_SPLINE_CURVE(3,(#4266,#4267,#4268,#4269),.UNSPECIFIED.,.F.,.F.)
B_SPLINE_CURVE_WITH_KNOTS((4,4),(-0.750570218670837,-0.724435304720828),
 .UNSPECIFIED.)
CURVE()
GEOMETRIC_REPRESENTATION_ITEM()
RATIONAL_B_SPLINE_CURVE((1.,1.,1.,1.))
REPRESENTATION_ITEM('')
);
#141=(
BOUNDED_CURVE()
B_SPLINE_CURVE(3,(#4318,#4319,#4320,#4321),.UNSPECIFIED.,.F.,.F.)
B_SPLINE_CURVE_WITH_KNOTS((4,4),(-0.859244012947318,-0.750570218670837),
 .UNSPECIFIED.)
CURVE()
GEOMETRIC_REPRESENTATION_ITEM()
RATIONAL_B_SPLINE_CURVE((1.,1.,1.,1.))
REPRESENTATION_ITEM('')
);
#142=(
BOUNDED_CURVE()
B_SPLINE_CURVE(3,(#4370,#4371,#4372,#4373),.UNSPECIFIED.,.F.,.F.)
B_SPLINE_CURVE_WITH_KNOTS((4,4),(-1.03153836800591,-0.900013848782733),
 .UNSPECIFIED.)
CURVE()
GEOMETRIC_REPRESENTATION_ITEM()
RATIONAL_B_SPLINE_CURVE((1.,1.,1.,1.))
REPRESENTATION_ITEM('')
);
#143=(
BOUNDED_CURVE()
B_SPLINE_CURVE(3,(#4430,#4431,#4432,#4433,#4434,#4435),.UNSPECIFIED.,.F.,
 .F.)
B_SPLINE_CURVE_WITH_KNOTS((4,2,4),(-1.47494284419416,-1.26638446084437,
-1.08708532351472),.UNSPECIFIED.)
CURVE()
GEOMETRIC_REPRESENTATION_ITEM()
RATIONAL_B_SPLINE_CURVE((1.,1.,1.,1.,1.,1.))
REPRESENTATION_ITEM('')
);
#144=(
BOUNDED_CURVE()
B_SPLINE_CURVE(3,(#4491,#4492,#4493,#4494),.UNSPECIFIED.,.F.,.F.)
B_SPLINE_CURVE_WITH_KNOTS((4,4),(-0.149449541082304,-0.108701956622025),
 .UNSPECIFIED.)
CURVE()
GEOMETRIC_REPRESENTATION_ITEM()
RATIONAL_B_SPLINE_CURVE((1.,1.,1.,1.))
REPRESENTATION_ITEM('')
);
#145=(
BOUNDED_CURVE()
B_SPLINE_CURVE(3,(#4689,#4690,#4691,#4692),.UNSPECIFIED.,.F.,.F.)
B_SPLINE_CURVE_WITH_KNOTS((4,4),(1.47494284419416,1.50110266336029),
 .UNSPECIFIED.)
CURVE()
GEOMETRIC_REPRESENTATION_ITEM()
RATIONAL_B_SPLINE_CURVE((1.,1.,1.,1.))
REPRESENTATION_ITEM('')
);
#146=(
BOUNDED_CURVE()
B_SPLINE_CURVE(3,(#4781,#4782,#4783,#4784,#4785,#4786,#4787,#4788,#4789,
#4790,#4791,#4792,#4793,#4794,#4795,#4796,#4797,#4798,#4799,#4800),
 .UNSPECIFIED.,.T.,.F.)
B_SPLINE_CURVE_WITH_KNOTS((4,2,2,2,2,2,2,2,2,4),(0.,0.0790054033347518,
0.205414048670355,0.359350492002869,0.517380884104673,0.689159108505847,
0.876410707880841,1.07017359682698,1.26638446084228,1.5011026633603),
 .UNSPECIFIED.)
CURVE()
GEOMETRIC_REPRESENTATION_ITEM()
RATIONAL_B_SPLINE_CURVE((1.,1.,1.,1.,1.,1.,1.,1.,1.,1.,1.,1.,1.,1.,1.,1.,
1.,1.,1.,1.))
REPRESENTATION_ITEM('')
);
#147=(
BOUNDED_CURVE()
B_SPLINE_CURVE(3,(#4861,#4862,#4863,#4864,#4865,#4866,#4867,#4868,#4869,
#4870,#4871,#4872,#4873,#4874,#4875,#4876,#4877,#4878,#4879,#4880),
 .UNSPECIFIED.,.T.,.F.)
B_SPLINE_CURVE_WITH_KNOTS((4,2,2,2,2,2,2,2,2,4),(0.,0.0790054033347518,
0.205414048670355,0.359350492002869,0.517380884104673,0.689159108505847,
0.876410707880841,1.07017359682698,1.26638446084228,1.5011026633603),
 .UNSPECIFIED.)
CURVE()
GEOMETRIC_REPRESENTATION_ITEM()
RATIONAL_B_SPLINE_CURVE((1.,1.,1.,1.,1.,1.,1.,1.,1.,1.,1.,1.,1.,1.,1.,1.,
1.,1.,1.,1.))
REPRESENTATION_ITEM('')
);
#148=ELLIPSE('',#1973,1.76776695296637,1.25);
#149=ELLIPSE('',#1974,1.76776695296637,1.25);
#150=ELLIPSE('',#1976,1.76776695296637,1.25);
#151=ELLIPSE('',#1977,1.76776695296637,1.25);
#152=FACE_BOUND('',#343,.T.);
#153=FACE_BOUND('',#354,.T.);
#154=FACE_BOUND('',#365,.T.);
#155=FACE_BOUND('',#366,.T.);
#156=FACE_BOUND('',#367,.T.);
#157=FACE_BOUND('',#368,.T.);
#158=FACE_BOUND('',#369,.T.);
#159=FACE_BOUND('',#371,.T.);
#160=FACE_BOUND('',#372,.T.);
#161=FACE_BOUND('',#374,.T.);
#162=FACE_BOUND('',#375,.T.);
#163=FACE_BOUND('',#389,.T.);
#164=FACE_BOUND('',#427,.T.);
#165=FACE_BOUND('',#430,.T.);
#166=FACE_BOUND('',#434,.T.);
#167=FACE_BOUND('',#437,.T.);
#168=FACE_BOUND('',#453,.T.);
#169=FACE_BOUND('',#456,.T.);
#170=FACE_BOUND('',#460,.T.);
#171=FACE_BOUND('',#463,.T.);
#172=PLANE('',#1936);
#173=PLANE('',#1939);
#174=PLANE('',#1940);
#175=PLANE('',#1963);
#176=PLANE('',#1964);
#177=PLANE('',#1970);
#178=PLANE('',#1980);
#179=PLANE('',#1981);
#180=PLANE('',#1982);
#181=PLANE('',#1983);
#182=PLANE('',#1986);
#183=PLANE('',#1989);
#184=PLANE('',#1990);
#185=PLANE('',#1993);
#186=PLANE('',#1996);
#187=PLANE('',#1997);
#188=PLANE('',#1998);
#189=PLANE('',#1999);
#190=PLANE('',#2000);
#191=PLANE('',#2001);
#192=PLANE('',#2002);
#193=PLANE('',#2003);
#194=PLANE('',#2004);
#195=PLANE('',#2005);
#196=PLANE('',#2006);
#197=PLANE('',#2027);
#198=PLANE('',#2028);
#199=PLANE('',#2029);
#200=PLANE('',#2033);
#201=PLANE('',#2036);
#202=PLANE('',#2040);
#203=PLANE('',#2043);
#204=PLANE('',#2047);
#205=PLANE('',#2050);
#206=PLANE('',#2054);
#207=PLANE('',#2057);
#208=TOROIDAL_SURFACE('',#1913,1.32500000000001,0.15);
#209=TOROIDAL_SURFACE('',#1919,1.325,0.15);
#210=TOROIDAL_SURFACE('',#1925,1.325,0.15);
#211=TOROIDAL_SURFACE('',#1931,1.325,0.15);
#212=TOROIDAL_SURFACE('',#1944,1.625,0.15);
#213=TOROIDAL_SURFACE('',#1949,1.62500000000001,0.15);
#214=TOROIDAL_SURFACE('',#1954,1.625,0.15);
#215=TOROIDAL_SURFACE('',#1960,1.625,0.15);
#216=FACE_OUTER_BOUND('',#330,.T.);
#217=FACE_OUTER_BOUND('',#331,.T.);
#218=FACE_OUTER_BOUND('',#332,.T.);
#219=FACE_OUTER_BOUND('',#333,.T.);
#220=FACE_OUTER_BOUND('',#334,.T.);
#221=FACE_OUTER_BOUND('',#335,.T.);
#222=FACE_OUTER_BOUND('',#336,.T.);
#223=FACE_OUTER_BOUND('',#337,.T.);
#224=FACE_OUTER_BOUND('',#338,.T.);
#225=FACE_OUTER_BOUND('',#339,.T.);
#226=FACE_OUTER_BOUND('',#340,.T.);
#227=FACE_OUTER_BOUND('',#341,.T.);
#228=FACE_OUTER_BOUND('',#342,.T.);
#229=FACE_OUTER_BOUND('',#344,.T.);
#230=FACE_OUTER_BOUND('',#345,.T.);
#231=FACE_OUTER_BOUND('',#346,.T.);
#232=FACE_OUTER_BOUND('',#347,.T.);
#233=FACE_OUTER_BOUND('',#348,.T.);
#234=FACE_OUTER_BOUND('',#349,.T.);
#235=FACE_OUTER_BOUND('',#350,.T.);
#236=FACE_OUTER_BOUND('',#351,.T.);
#237=FACE_OUTER_BOUND('',#352,.T.);
#238=FACE_OUTER_BOUND('',#353,.T.);
#239=FACE_OUTER_BOUND('',#355,.T.);
#240=FACE_OUTER_BOUND('',#356,.T.);
#241=FACE_OUTER_BOUND('',#357,.T.);
#242=FACE_OUTER_BOUND('',#358,.T.);
#243=FACE_OUTER_BOUND('',#359,.T.);
#244=FACE_OUTER_BOUND('',#360,.T.);
#245=FACE_OUTER_BOUND('',#361,.T.);
#246=FACE_OUTER_BOUND('',#362,.T.);
#247=FACE_OUTER_BOUND('',#363,.T.);
#248=FACE_OUTER_BOUND('',#364,.T.);
#249=FACE_OUTER_BOUND('',#370,.T.);
#250=FACE_OUTER_BOUND('',#373,.T.);
#251=FACE_OUTER_BOUND('',#376,.T.);
#252=FACE_OUTER_BOUND('',#377,.T.);
#253=FACE_OUTER_BOUND('',#378,.T.);
#254=FACE_OUTER_BOUND('',#379,.T.);
#255=FACE_OUTER_BOUND('',#380,.T.);
#256=FACE_OUTER_BOUND('',#381,.T.);
#257=FACE_OUTER_BOUND('',#382,.T.);
#258=FACE_OUTER_BOUND('',#383,.T.);
#259=FACE_OUTER_BOUND('',#384,.T.);
#260=FACE_OUTER_BOUND('',#385,.T.);
#261=FACE_OUTER_BOUND('',#386,.T.);
#262=FACE_OUTER_BOUND('',#387,.T.);
#263=FACE_OUTER_BOUND('',#388,.T.);
#264=FACE_OUTER_BOUND('',#390,.T.);
#265=FACE_OUTER_BOUND('',#391,.T.);
#266=FACE_OUTER_BOUND('',#392,.T.);
#267=FACE_OUTER_BOUND('',#393,.T.);
#268=FACE_OUTER_BOUND('',#394,.T.);
#269=FACE_OUTER_BOUND('',#395,.T.);
#270=FACE_OUTER_BOUND('',#396,.T.);
#271=FACE_OUTER_BOUND('',#397,.T.);
#272=FACE_OUTER_BOUND('',#398,.T.);
#273=FACE_OUTER_BOUND('',#399,.T.);
#274=FACE_OUTER_BOUND('',#400,.T.);
#275=FACE_OUTER_BOUND('',#401,.T.);
#276=FACE_OUTER_BOUND('',#402,.T.);
#277=FACE_OUTER_BOUND('',#403,.T.);
#278=FACE_OUTER_BOUND('',#404,.T.);
#279=FACE_OUTER_BOUND('',#405,.T.);
#280=FACE_OUTER_BOUND('',#406,.T.);
#281=FACE_OUTER_BOUND('',#407,.T.);
#282=FACE_OUTER_BOUND('',#408,.T.);
#283=FACE_OUTER_BOUND('',#409,.T.);
#284=FACE_OUTER_BOUND('',#410,.T.);
#285=FACE_OUTER_BOUND('',#411,.T.);
#286=FACE_OUTER_BOUND('',#412,.T.);
#287=FACE_OUTER_BOUND('',#413,.T.);
#288=FACE_OUTER_BOUND('',#414,.T.);
#289=FACE_OUTER_BOUND('',#415,.T.);
#290=FACE_OUTER_BOUND('',#416,.T.);
#291=FACE_OUTER_BOUND('',#417,.T.);
#292=FACE_OUTER_BOUND('',#418,.T.);
#293=FACE_OUTER_BOUND('',#419,.T.);
#294=FACE_OUTER_BOUND('',#420,.T.);
#295=FACE_OUTER_BOUND('',#421,.T.);
#296=FACE_OUTER_BOUND('',#422,.T.);
#297=FACE_OUTER_BOUND('',#423,.T.);
#298=FACE_OUTER_BOUND('',#424,.T.);
#299=FACE_OUTER_BOUND('',#425,.T.);
#300=FACE_OUTER_BOUND('',#426,.T.);
#301=FACE_OUTER_BOUND('',#428,.T.);
#302=FACE_OUTER_BOUND('',#429,.T.);
#303=FACE_OUTER_BOUND('',#431,.T.);
#304=FACE_OUTER_BOUND('',#432,.T.);
#305=FACE_OUTER_BOUND('',#433,.T.);
#306=FACE_OUTER_BOUND('',#435,.T.);
#307=FACE_OUTER_BOUND('',#436,.T.);
#308=FACE_OUTER_BOUND('',#438,.T.);
#309=FACE_OUTER_BOUND('',#439,.T.);
#310=FACE_OUTER_BOUND('',#440,.T.);
#311=FACE_OUTER_BOUND('',#441,.T.);
#312=FACE_OUTER_BOUND('',#442,.T.);
#313=FACE_OUTER_BOUND('',#443,.T.);
#314=FACE_OUTER_BOUND('',#444,.T.);
#315=FACE_OUTER_BOUND('',#445,.T.);
#316=FACE_OUTER_BOUND('',#446,.T.);
#317=FACE_OUTER_BOUND('',#447,.T.);
#318=FACE_OUTER_BOUND('',#448,.T.);
#319=FACE_OUTER_BOUND('',#449,.T.);
#320=FACE_OUTER_BOUND('',#450,.T.);
#321=FACE_OUTER_BOUND('',#451,.T.);
#322=FACE_OUTER_BOUND('',#452,.T.);
#323=FACE_OUTER_BOUND('',#454,.T.);
#324=FACE_OUTER_BOUND('',#455,.T.);
#325=FACE_OUTER_BOUND('',#457,.T.);
#326=FACE_OUTER_BOUND('',#458,.T.);
#327=FACE_OUTER_BOUND('',#459,.T.);
#328=FACE_OUTER_BOUND('',#461,.T.);
#329=FACE_OUTER_BOUND('',#462,.T.);
#330=EDGE_LOOP('',(#1200,#1201,#1202,#1203));
#331=EDGE_LOOP('',(#1204,#1205,#1206,#1207));
#332=EDGE_LOOP('',(#1208,#1209,#1210,#1211));
#333=EDGE_LOOP('',(#1212,#1213,#1214,#1215));
#334=EDGE_LOOP('',(#1216,#1217,#1218,#1219));
#335=EDGE_LOOP('',(#1220,#1221,#1222,#1223));
#336=EDGE_LOOP('',(#1224,#1225,#1226,#1227));
#337=EDGE_LOOP('',(#1228,#1229,#1230,#1231));
#338=EDGE_LOOP('',(#1232,#1233,#1234,#1235));
#339=EDGE_LOOP('',(#1236,#1237,#1238,#1239));
#340=EDGE_LOOP('',(#1240,#1241,#1242,#1243));
#341=EDGE_LOOP('',(#1244,#1245,#1246,#1247));
#342=EDGE_LOOP('',(#1248,#1249,#1250,#1251,#1252,#1253,#1254,#1255));
#343=EDGE_LOOP('',(#1256,#1257,#1258,#1259));
#344=EDGE_LOOP('',(#1260,#1261,#1262,#1263));
#345=EDGE_LOOP('',(#1264,#1265,#1266,#1267));
#346=EDGE_LOOP('',(#1268,#1269,#1270,#1271));
#347=EDGE_LOOP('',(#1272,#1273,#1274,#1275));
#348=EDGE_LOOP('',(#1276,#1277,#1278,#1279));
#349=EDGE_LOOP('',(#1280,#1281,#1282,#1283));
#350=EDGE_LOOP('',(#1284,#1285,#1286,#1287));
#351=EDGE_LOOP('',(#1288,#1289,#1290,#1291));
#352=EDGE_LOOP('',(#1292,#1293,#1294,#1295));
#353=EDGE_LOOP('',(#1296,#1297,#1298,#1299,#1300,#1301,#1302,#1303));
#354=EDGE_LOOP('',(#1304,#1305,#1306,#1307,#1308,#1309,#1310,#1311));
#355=EDGE_LOOP('',(#1312,#1313,#1314,#1315));
#356=EDGE_LOOP('',(#1316,#1317,#1318,#1319));
#357=EDGE_LOOP('',(#1320,#1321,#1322,#1323));
#358=EDGE_LOOP('',(#1324,#1325,#1326,#1327));
#359=EDGE_LOOP('',(#1328,#1329,#1330,#1331));
#360=EDGE_LOOP('',(#1332,#1333,#1334,#1335));
#361=EDGE_LOOP('',(#1336,#1337,#1338,#1339));
#362=EDGE_LOOP('',(#1340,#1341,#1342,#1343));
#363=EDGE_LOOP('',(#1344,#1345,#1346,#1347));
#364=EDGE_LOOP('',(#1348,#1349,#1350,#1351));
#365=EDGE_LOOP('',(#1352));
#366=EDGE_LOOP('',(#1353));
#367=EDGE_LOOP('',(#1354,#1355,#1356,#1357,#1358,#1359,#1360,#1361,#1362,
#1363,#1364,#1365,#1366,#1367,#1368,#1369,#1370,#1371));
#368=EDGE_LOOP('',(#1372,#1373,#1374,#1375,#1376,#1377,#1378,#1379,#1380,
#1381,#1382,#1383,#1384,#1385));
#369=EDGE_LOOP('',(#1386,#1387,#1388,#1389));
#370=EDGE_LOOP('',(#1390,#1391,#1392,#1393));
#371=EDGE_LOOP('',(#1394));
#372=EDGE_LOOP('',(#1395));
#373=EDGE_LOOP('',(#1396,#1397,#1398,#1399));
#374=EDGE_LOOP('',(#1400));
#375=EDGE_LOOP('',(#1401));
#376=EDGE_LOOP('',(#1402,#1403,#1404,#1405,#1406,#1407,#1408,#1409));
#377=EDGE_LOOP('',(#1410,#1411,#1412,#1413));
#378=EDGE_LOOP('',(#1414,#1415,#1416,#1417));
#379=EDGE_LOOP('',(#1418,#1419,#1420,#1421));
#380=EDGE_LOOP('',(#1422,#1423,#1424,#1425));
#381=EDGE_LOOP('',(#1426,#1427,#1428,#1429));
#382=EDGE_LOOP('',(#1430,#1431,#1432,#1433,#1434,#1435,#1436,#1437));
#383=EDGE_LOOP('',(#1438,#1439,#1440,#1441));
#384=EDGE_LOOP('',(#1442,#1443,#1444,#1445));
#385=EDGE_LOOP('',(#1446,#1447,#1448,#1449));
#386=EDGE_LOOP('',(#1450,#1451,#1452,#1453,#1454,#1455,#1456,#1457));
#387=EDGE_LOOP('',(#1458,#1459,#1460,#1461));
#388=EDGE_LOOP('',(#1462,#1463,#1464,#1465));
#389=EDGE_LOOP('',(#1466,#1467,#1468,#1469));
#390=EDGE_LOOP('',(#1470,#1471,#1472,#1473));
#391=EDGE_LOOP('',(#1474,#1475,#1476,#1477,#1478,#1479,#1480,#1481));
#392=EDGE_LOOP('',(#1482,#1483,#1484,#1485));
#393=EDGE_LOOP('',(#1486,#1487,#1488));
#394=EDGE_LOOP('',(#1489,#1490,#1491));
#395=EDGE_LOOP('',(#1492,#1493,#1494));
#396=EDGE_LOOP('',(#1495,#1496,#1497,#1498));
#397=EDGE_LOOP('',(#1499,#1500,#1501));
#398=EDGE_LOOP('',(#1502,#1503,#1504,#1505));
#399=EDGE_LOOP('',(#1506,#1507,#1508,#1509));
#400=EDGE_LOOP('',(#1510,#1511,#1512,#1513));
#401=EDGE_LOOP('',(#1514,#1515,#1516,#1517));
#402=EDGE_LOOP('',(#1518,#1519,#1520,#1521));
#403=EDGE_LOOP('',(#1522,#1523,#1524,#1525));
#404=EDGE_LOOP('',(#1526,#1527,#1528,#1529));
#405=EDGE_LOOP('',(#1530,#1531,#1532,#1533));
#406=EDGE_LOOP('',(#1534,#1535,#1536,#1537));
#407=EDGE_LOOP('',(#1538,#1539,#1540,#1541));
#408=EDGE_LOOP('',(#1542,#1543,#1544,#1545));
#409=EDGE_LOOP('',(#1546,#1547,#1548,#1549));
#410=EDGE_LOOP('',(#1550,#1551,#1552,#1553));
#411=EDGE_LOOP('',(#1554,#1555,#1556,#1557));
#412=EDGE_LOOP('',(#1558,#1559,#1560,#1561));
#413=EDGE_LOOP('',(#1562,#1563,#1564,#1565));
#414=EDGE_LOOP('',(#1566,#1567,#1568,#1569));
#415=EDGE_LOOP('',(#1570,#1571,#1572,#1573));
#416=EDGE_LOOP('',(#1574,#1575,#1576,#1577));
#417=EDGE_LOOP('',(#1578,#1579,#1580,#1581));
#418=EDGE_LOOP('',(#1582,#1583,#1584,#1585));
#419=EDGE_LOOP('',(#1586,#1587,#1588,#1589));
#420=EDGE_LOOP('',(#1590,#1591,#1592,#1593));
#421=EDGE_LOOP('',(#1594,#1595,#1596,#1597));
#422=EDGE_LOOP('',(#1598,#1599,#1600,#1601));
#423=EDGE_LOOP('',(#1602,#1603,#1604,#1605));
#424=EDGE_LOOP('',(#1606,#1607,#1608,#1609,#1610,#1611,#1612,#1613,#1614,
#1615,#1616,#1617,#1618,#1619,#1620,#1621,#1622,#1623,#1624,#1625,#1626));
#425=EDGE_LOOP('',(#1627,#1628,#1629,#1630));
#426=EDGE_LOOP('',(#1631));
#427=EDGE_LOOP('',(#1632));
#428=EDGE_LOOP('',(#1633,#1634,#1635,#1636));
#429=EDGE_LOOP('',(#1637));
#430=EDGE_LOOP('',(#1638));
#431=EDGE_LOOP('',(#1639,#1640,#1641,#1642));
#432=EDGE_LOOP('',(#1643,#1644,#1645,#1646));
#433=EDGE_LOOP('',(#1647));
#434=EDGE_LOOP('',(#1648));
#435=EDGE_LOOP('',(#1649,#1650,#1651,#1652));
#436=EDGE_LOOP('',(#1653));
#437=EDGE_LOOP('',(#1654));
#438=EDGE_LOOP('',(#1655,#1656,#1657,#1658));
#439=EDGE_LOOP('',(#1659,#1660,#1661,#1662));
#440=EDGE_LOOP('',(#1663,#1664,#1665,#1666));
#441=EDGE_LOOP('',(#1667,#1668,#1669,#1670));
#442=EDGE_LOOP('',(#1671,#1672,#1673,#1674));
#443=EDGE_LOOP('',(#1675,#1676,#1677,#1678,#1679));
#444=EDGE_LOOP('',(#1680,#1681,#1682,#1683));
#445=EDGE_LOOP('',(#1684,#1685,#1686,#1687,#1688,#1689));
#446=EDGE_LOOP('',(#1690,#1691,#1692,#1693));
#447=EDGE_LOOP('',(#1694,#1695,#1696,#1697));
#448=EDGE_LOOP('',(#1698,#1699,#1700,#1701));
#449=EDGE_LOOP('',(#1702,#1703,#1704,#1705));
#450=EDGE_LOOP('',(#1706,#1707,#1708,#1709,#1710,#1711,#1712,#1713,#1714,
#1715,#1716,#1717,#1718,#1719,#1720,#1721));
#451=EDGE_LOOP('',(#1722,#1723,#1724,#1725));
#452=EDGE_LOOP('',(#1726));
#453=EDGE_LOOP('',(#1727));
#454=EDGE_LOOP('',(#1728,#1729,#1730,#1731));
#455=EDGE_LOOP('',(#1732));
#456=EDGE_LOOP('',(#1733));
#457=EDGE_LOOP('',(#1734,#1735,#1736,#1737));
#458=EDGE_LOOP('',(#1738,#1739,#1740,#1741));
#459=EDGE_LOOP('',(#1742));
#460=EDGE_LOOP('',(#1743));
#461=EDGE_LOOP('',(#1744,#1745,#1746,#1747));
#462=EDGE_LOOP('',(#1748));
#463=EDGE_LOOP('',(#1749));
#464=LINE('',#2474,#576);
#465=LINE('',#2477,#577);
#466=LINE('',#2488,#578);
#467=LINE('',#2489,#579);
#468=LINE('',#2500,#580);
#469=LINE('',#2501,#581);
#470=LINE('',#2512,#582);
#471=LINE('',#2513,#583);
#472=LINE('',#2519,#584);
#473=LINE('',#2522,#585);
#474=LINE('',#2525,#586);
#475=LINE('',#2526,#587);
#476=LINE('',#2529,#588);
#477=LINE('',#2533,#589);
#478=LINE('',#2534,#590);
#479=LINE('',#2538,#591);
#480=LINE('',#2540,#592);
#481=LINE('',#2542,#593);
#482=LINE('',#2543,#594);
#483=LINE('',#2548,#595);
#484=LINE('',#2551,#596);
#485=LINE('',#2559,#597);
#486=LINE('',#2567,#598);
#487=LINE('',#2578,#599);
#488=LINE('',#2579,#600);
#489=LINE('',#2584,#601);
#490=LINE('',#2590,#602);
#491=LINE('',#2594,#603);
#492=LINE('',#2598,#604);
#493=LINE('',#2601,#605);
#494=LINE('',#2603,#606);
#495=LINE('',#2605,#607);
#496=LINE('',#2610,#608);
#497=LINE('',#2614,#609);
#498=LINE('',#2619,#610);
#499=LINE('',#2623,#611);
#500=LINE('',#2626,#612);
#501=LINE('',#2627,#613);
#502=LINE('',#2629,#614);
#503=LINE('',#2630,#615);
#504=LINE('',#2633,#616);
#505=LINE('',#2635,#617);
#506=LINE('',#2636,#618);
#507=LINE('',#2639,#619);
#508=LINE('',#2640,#620);
#509=LINE('',#2644,#621);
#510=LINE('',#2646,#622);
#511=LINE('',#2648,#623);
#512=LINE('',#2649,#624);
#513=LINE('',#2915,#625);
#514=LINE('',#2917,#626);
#515=LINE('',#2919,#627);
#516=LINE('',#2920,#628);
#517=LINE('',#2928,#629);
#518=LINE('',#2930,#630);
#519=LINE('',#2932,#631);
#520=LINE('',#2933,#632);
#521=LINE('',#2939,#633);
#522=LINE('',#2941,#634);
#523=LINE('',#2943,#635);
#524=LINE('',#2944,#636);
#525=LINE('',#2945,#637);
#526=LINE('',#2947,#638);
#527=LINE('',#2950,#639);
#528=LINE('',#2953,#640);
#529=LINE('',#2956,#641);
#530=LINE('',#2957,#642);
#531=LINE('',#2960,#643);
#532=LINE('',#2964,#644);
#533=LINE('',#2965,#645);
#534=LINE('',#2968,#646);
#535=LINE('',#2970,#647);
#536=LINE('',#2972,#648);
#537=LINE('',#2974,#649);
#538=LINE('',#2976,#650);
#539=LINE('',#2977,#651);
#540=LINE('',#2980,#652);
#541=LINE('',#2981,#653);
#542=LINE('',#2984,#654);
#543=LINE('',#2986,#655);
#544=LINE('',#2987,#656);
#545=LINE('',#2990,#657);
#546=LINE('',#2991,#658);
#547=LINE('',#2993,#659);
#548=LINE('',#2995,#660);
#549=LINE('',#2996,#661);
#550=LINE('',#2998,#662);
#551=LINE('',#3001,#663);
#552=LINE('',#3002,#664);
#553=LINE('',#3004,#665);
#554=LINE('',#3006,#666);
#555=LINE('',#3028,#667);
#556=LINE('',#3030,#668);
#557=LINE('',#3032,#669);
#558=LINE('',#3033,#670);
#559=LINE('',#3035,#671);
#560=LINE('',#3080,#672);
#561=LINE('',#3318,#673);
#562=LINE('',#4000,#674);
#563=LINE('',#4025,#675);
#564=LINE('',#4031,#676);
#565=LINE('',#4037,#677);
#566=LINE('',#4080,#678);
#567=LINE('',#4105,#679);
#568=LINE('',#4148,#680);
#569=LINE('',#4270,#681);
#570=LINE('',#4780,#682);
#571=LINE('',#4805,#683);
#572=LINE('',#4811,#684);
#573=LINE('',#4817,#685);
#574=LINE('',#4860,#686);
#575=LINE('',#4885,#687);
#576=VECTOR('',#2064,10.);
#577=VECTOR('',#2067,10.);
#578=VECTOR('',#2080,10.);
#579=VECTOR('',#2081,10.);
#580=VECTOR('',#2094,10.);
#581=VECTOR('',#2095,10.);
#582=VECTOR('',#2108,10.);
#583=VECTOR('',#2109,10.);
#584=VECTOR('',#2118,10.);
#585=VECTOR('',#2121,10.);
#586=VECTOR('',#2124,10.);
#587=VECTOR('',#2125,10.);
#588=VECTOR('',#2128,10.);
#589=VECTOR('',#2133,10.);
#590=VECTOR('',#2134,10.);
#591=VECTOR('',#2137,10.);
#592=VECTOR('',#2138,10.);
#593=VECTOR('',#2139,10.);
#594=VECTOR('',#2140,10.);
#595=VECTOR('',#2145,10.);
#596=VECTOR('',#2148,10.);
#597=VECTOR('',#2159,10.);
#598=VECTOR('',#2170,10.);
#599=VECTOR('',#2183,10.);
#600=VECTOR('',#2184,10.);
#601=VECTOR('',#2193,10.);
#602=VECTOR('',#2198,10.);
#603=VECTOR('',#2201,10.);
#604=VECTOR('',#2204,10.);
#605=VECTOR('',#2207,10.);
#606=VECTOR('',#2210,10.);
#607=VECTOR('',#2213,10.);
#608=VECTOR('',#2218,10.);
#609=VECTOR('',#2221,10.);
#610=VECTOR('',#2226,10.);
#611=VECTOR('',#2229,10.);
#612=VECTOR('',#2234,10.);
#613=VECTOR('',#2235,10.);
#614=VECTOR('',#2238,10.);
#615=VECTOR('',#2239,10.);
#616=VECTOR('',#2242,10.);
#617=VECTOR('',#2243,10.);
#618=VECTOR('',#2244,10.);
#619=VECTOR('',#2247,10.);
#620=VECTOR('',#2248,10.);
#621=VECTOR('',#2251,10.);
#622=VECTOR('',#2252,10.);
#623=VECTOR('',#2253,10.);
#624=VECTOR('',#2254,10.);
#625=VECTOR('',#2257,10.);
#626=VECTOR('',#2258,10.);
#627=VECTOR('',#2259,10.);
#628=VECTOR('',#2260,10.);
#629=VECTOR('',#2267,10.);
#630=VECTOR('',#2268,10.);
#631=VECTOR('',#2269,10.);
#632=VECTOR('',#2270,10.);
#633=VECTOR('',#2277,10.);
#634=VECTOR('',#2278,10.);
#635=VECTOR('',#2279,10.);
#636=VECTOR('',#2280,10.);
#637=VECTOR('',#2281,10.);
#638=VECTOR('',#2284,10.);
#639=VECTOR('',#2287,10.);
#640=VECTOR('',#2290,10.);
#641=VECTOR('',#2293,10.);
#642=VECTOR('',#2294,10.);
#643=VECTOR('',#2297,10.);
#644=VECTOR('',#2302,10.);
#645=VECTOR('',#2303,10.);
#646=VECTOR('',#2306,10.);
#647=VECTOR('',#2307,10.);
#648=VECTOR('',#2308,10.);
#649=VECTOR('',#2309,10.);
#650=VECTOR('',#2310,10.);
#651=VECTOR('',#2311,10.);
#652=VECTOR('',#2314,10.);
#653=VECTOR('',#2315,10.);
#654=VECTOR('',#2318,10.);
#655=VECTOR('',#2319,10.);
#656=VECTOR('',#2320,10.);
#657=VECTOR('',#2323,10.);
#658=VECTOR('',#2324,10.);
#659=VECTOR('',#2327,10.);
#660=VECTOR('',#2328,10.);
#661=VECTOR('',#2329,10.);
#662=VECTOR('',#2332,10.);
#663=VECTOR('',#2335,10.);
#664=VECTOR('',#2336,10.);
#665=VECTOR('',#2339,10.);
#666=VECTOR('',#2342,10.);
#667=VECTOR('',#2379,10.);
#668=VECTOR('',#2382,10.);
#669=VECTOR('',#2385,10.);
#670=VECTOR('',#2386,10.);
#671=VECTOR('',#2389,10.);
#672=VECTOR('',#2396,10.);
#673=VECTOR('',#2397,10.);
#674=VECTOR('',#2398,10.);
#675=VECTOR('',#2403,1.5);
#676=VECTOR('',#2412,3.4);
#677=VECTOR('',#2419,1.5);
#678=VECTOR('',#2422,10.);
#679=VECTOR('',#2429,3.4);
#680=VECTOR('',#2432,10.);
#681=VECTOR('',#2433,10.);
#682=VECTOR('',#2434,10.);
#683=VECTOR('',#2439,1.5);
#684=VECTOR('',#2448,3.4);
#685=VECTOR('',#2455,1.5);
#686=VECTOR('',#2458,10.);
#687=VECTOR('',#2465,3.4);
#688=CIRCLE('',#1911,0.15);
#689=CIRCLE('',#1912,0.149999999999997);
#690=CIRCLE('',#1914,0.150000000000006);
#691=CIRCLE('',#1915,1.32500000000001);
#692=CIRCLE('',#1916,1.47500000000001);
#693=CIRCLE('',#1918,0.150000000000006);
#694=CIRCLE('',#1920,0.150000000000006);
#695=CIRCLE('',#1921,1.325);
#696=CIRCLE('',#1922,1.475);
#697=CIRCLE('',#1924,0.150000000000006);
#698=CIRCLE('',#1926,0.149999999999997);
#699=CIRCLE('',#1927,1.325);
#700=CIRCLE('',#1928,1.475);
#701=CIRCLE('',#1930,0.150000000000001);
#702=CIRCLE('',#1932,1.325);
#703=CIRCLE('',#1933,1.475);
#704=CIRCLE('',#1935,1.475);
#705=CIRCLE('',#1938,1.47500000000001);
#706=CIRCLE('',#1942,0.15);
#707=CIRCLE('',#1943,0.149999999999988);
#708=CIRCLE('',#1945,0.150000000000006);
#709=CIRCLE('',#1946,1.625);
#710=CIRCLE('',#1948,0.150000000000006);
#711=CIRCLE('',#1950,0.149999999999997);
#712=CIRCLE('',#1951,1.62500000000001);
#713=CIRCLE('',#1953,0.150000000000001);
#714=CIRCLE('',#1955,0.15);
#715=CIRCLE('',#1956,1.625);
#716=CIRCLE('',#1957,1.475);
#717=CIRCLE('',#1959,0.149999999999997);
#718=CIRCLE('',#1961,1.625);
#719=CIRCLE('',#1962,1.475);
#720=CIRCLE('',#1965,2.5);
#721=CIRCLE('',#1966,2.5);
#722=CIRCLE('',#1967,2.5);
#723=CIRCLE('',#1968,2.5);
#724=CIRCLE('',#1984,3.4);
#725=CIRCLE('',#1985,3.4);
#726=CIRCLE('',#1987,3.4);
#727=CIRCLE('',#1988,3.4);
#728=CIRCLE('',#1992,2.5);
#729=CIRCLE('',#1995,2.5);
#730=CIRCLE('',#2008,2.5);
#731=CIRCLE('',#2009,2.5);
#732=CIRCLE('',#2010,2.5);
#733=CIRCLE('',#2012,2.5);
#734=CIRCLE('',#2013,2.5);
#735=CIRCLE('',#2014,2.5);
#736=CIRCLE('',#2016,2.5);
#737=CIRCLE('',#2017,2.5);
#738=CIRCLE('',#2020,2.5);
#739=CIRCLE('',#2021,2.5);
#740=CIRCLE('',#2031,1.5);
#741=CIRCLE('',#2032,1.5);
#742=CIRCLE('',#2035,3.4);
#743=CIRCLE('',#2038,1.5);
#744=CIRCLE('',#2039,1.5);
#745=CIRCLE('',#2042,3.4);
#746=CIRCLE('',#2045,1.5);
#747=CIRCLE('',#2046,1.5);
#748=CIRCLE('',#2049,3.4);
#749=CIRCLE('',#2052,1.5);
#750=CIRCLE('',#2053,1.5);
#751=CIRCLE('',#2056,3.4);
#752=VERTEX_POINT('',#2470);
#753=VERTEX_POINT('',#2471);
#754=VERTEX_POINT('',#2473);
#755=VERTEX_POINT('',#2475);
#756=VERTEX_POINT('',#2479);
#757=VERTEX_POINT('',#2480);
#758=VERTEX_POINT('',#2485);
#759=VERTEX_POINT('',#2486);
#760=VERTEX_POINT('',#2491);
#761=VERTEX_POINT('',#2492);
#762=VERTEX_POINT('',#2497);
#763=VERTEX_POINT('',#2498);
#764=VERTEX_POINT('',#2503);
#765=VERTEX_POINT('',#2504);
#766=VERTEX_POINT('',#2509);
#767=VERTEX_POINT('',#2510);
#768=VERTEX_POINT('',#2518);
#769=VERTEX_POINT('',#2520);
#770=VERTEX_POINT('',#2524);
#771=VERTEX_POINT('',#2528);
#772=VERTEX_POINT('',#2532);
#773=VERTEX_POINT('',#2536);
#774=VERTEX_POINT('',#2537);
#775=VERTEX_POINT('',#2539);
#776=VERTEX_POINT('',#2541);
#777=VERTEX_POINT('',#2545);
#778=VERTEX_POINT('',#2546);
#779=VERTEX_POINT('',#2549);
#780=VERTEX_POINT('',#2553);
#781=VERTEX_POINT('',#2557);
#782=VERTEX_POINT('',#2561);
#783=VERTEX_POINT('',#2565);
#784=VERTEX_POINT('',#2569);
#785=VERTEX_POINT('',#2570);
#786=VERTEX_POINT('',#2575);
#787=VERTEX_POINT('',#2576);
#788=VERTEX_POINT('',#2586);
#789=VERTEX_POINT('',#2587);
#790=VERTEX_POINT('',#2589);
#791=VERTEX_POINT('',#2591);
#792=VERTEX_POINT('',#2593);
#793=VERTEX_POINT('',#2595);
#794=VERTEX_POINT('',#2597);
#795=VERTEX_POINT('',#2599);
#796=VERTEX_POINT('',#2608);
#797=VERTEX_POINT('',#2609);
#798=VERTEX_POINT('',#2611);
#799=VERTEX_POINT('',#2613);
#800=VERTEX_POINT('',#2617);
#801=VERTEX_POINT('',#2618);
#802=VERTEX_POINT('',#2620);
#803=VERTEX_POINT('',#2622);
#804=VERTEX_POINT('',#2632);
#805=VERTEX_POINT('',#2634);
#806=VERTEX_POINT('',#2638);
#807=VERTEX_POINT('',#2642);
#808=VERTEX_POINT('',#2643);
#809=VERTEX_POINT('',#2645);
#810=VERTEX_POINT('',#2647);
#811=VERTEX_POINT('',#2650);
#812=VERTEX_POINT('',#2671);
#813=VERTEX_POINT('',#2692);
#814=VERTEX_POINT('',#2693);
#815=VERTEX_POINT('',#2698);
#816=VERTEX_POINT('',#2705);
#817=VERTEX_POINT('',#2714);
#818=VERTEX_POINT('',#2721);
#819=VERTEX_POINT('',#2728);
#820=VERTEX_POINT('',#2735);
#821=VERTEX_POINT('',#2742);
#822=VERTEX_POINT('',#2751);
#823=VERTEX_POINT('',#2758);
#824=VERTEX_POINT('',#2763);
#825=VERTEX_POINT('',#2768);
#826=VERTEX_POINT('',#2775);
#827=VERTEX_POINT('',#2782);
#828=VERTEX_POINT('',#2789);
#829=VERTEX_POINT('',#2796);
#830=VERTEX_POINT('',#2803);
#831=VERTEX_POINT('',#2814);
#832=VERTEX_POINT('',#2815);
#833=VERTEX_POINT('',#2822);
#834=VERTEX_POINT('',#2829);
#835=VERTEX_POINT('',#2836);
#836=VERTEX_POINT('',#2843);
#837=VERTEX_POINT('',#2850);
#838=VERTEX_POINT('',#2859);
#839=VERTEX_POINT('',#2864);
#840=VERTEX_POINT('',#2871);
#841=VERTEX_POINT('',#2878);
#842=VERTEX_POINT('',#2885);
#843=VERTEX_POINT('',#2892);
#844=VERTEX_POINT('',#2899);
#845=VERTEX_POINT('',#2913);
#846=VERTEX_POINT('',#2914);
#847=VERTEX_POINT('',#2916);
#848=VERTEX_POINT('',#2918);
#849=VERTEX_POINT('',#2921);
#850=VERTEX_POINT('',#2923);
#851=VERTEX_POINT('',#2926);
#852=VERTEX_POINT('',#2927);
#853=VERTEX_POINT('',#2929);
#854=VERTEX_POINT('',#2931);
#855=VERTEX_POINT('',#2934);
#856=VERTEX_POINT('',#2936);
#857=VERTEX_POINT('',#2940);
#858=VERTEX_POINT('',#2942);
#859=VERTEX_POINT('',#2949);
#860=VERTEX_POINT('',#2951);
#861=VERTEX_POINT('',#2955);
#862=VERTEX_POINT('',#2959);
#863=VERTEX_POINT('',#2963);
#864=VERTEX_POINT('',#2967);
#865=VERTEX_POINT('',#2969);
#866=VERTEX_POINT('',#2971);
#867=VERTEX_POINT('',#2973);
#868=VERTEX_POINT('',#2975);
#869=VERTEX_POINT('',#2979);
#870=VERTEX_POINT('',#2983);
#871=VERTEX_POINT('',#2985);
#872=VERTEX_POINT('',#2989);
#873=VERTEX_POINT('',#2994);
#874=VERTEX_POINT('',#3000);
#875=VERTEX_POINT('',#3009);
#876=VERTEX_POINT('',#3014);
#877=VERTEX_POINT('',#3015);
#878=VERTEX_POINT('',#3079);
#879=VERTEX_POINT('',#3081);
#880=VERTEX_POINT('',#3136);
#881=VERTEX_POINT('',#3137);
#882=VERTEX_POINT('',#3196);
#883=VERTEX_POINT('',#3197);
#884=VERTEX_POINT('',#3254);
#885=VERTEX_POINT('',#3255);
#886=VERTEX_POINT('',#3312);
#887=VERTEX_POINT('',#3313);
#888=VERTEX_POINT('',#3367);
#889=VERTEX_POINT('',#3418);
#890=VERTEX_POINT('',#3419);
#891=VERTEX_POINT('',#3476);
#892=VERTEX_POINT('',#3477);
#893=VERTEX_POINT('',#3534);
#894=VERTEX_POINT('',#3535);
#895=VERTEX_POINT('',#3592);
#896=VERTEX_POINT('',#3999);
#897=VERTEX_POINT('',#4022);
#898=VERTEX_POINT('',#4024);
#899=VERTEX_POINT('',#4029);
#900=VERTEX_POINT('',#4034);
#901=VERTEX_POINT('',#4036);
#902=VERTEX_POINT('',#4079);
#903=VERTEX_POINT('',#4103);
#904=VERTEX_POINT('',#4147);
#905=VERTEX_POINT('',#4149);
#906=VERTEX_POINT('',#4204);
#907=VERTEX_POINT('',#4205);
#908=VERTEX_POINT('',#4264);
#909=VERTEX_POINT('',#4265);
#910=VERTEX_POINT('',#4317);
#911=VERTEX_POINT('',#4368);
#912=VERTEX_POINT('',#4369);
#913=VERTEX_POINT('',#4428);
#914=VERTEX_POINT('',#4429);
#915=VERTEX_POINT('',#4490);
#916=VERTEX_POINT('',#4541);
#917=VERTEX_POINT('',#4779);
#918=VERTEX_POINT('',#4802);
#919=VERTEX_POINT('',#4804);
#920=VERTEX_POINT('',#4809);
#921=VERTEX_POINT('',#4814);
#922=VERTEX_POINT('',#4816);
#923=VERTEX_POINT('',#4859);
#924=VERTEX_POINT('',#4883);
#925=EDGE_CURVE('',#752,#753,#688,.T.);
#926=EDGE_CURVE('',#753,#754,#464,.T.);
#927=EDGE_CURVE('',#754,#755,#689,.T.);
#928=EDGE_CURVE('',#755,#752,#465,.T.);
#929=EDGE_CURVE('',#756,#757,#690,.T.);
#930=EDGE_CURVE('',#757,#755,#691,.T.);
#931=EDGE_CURVE('',#754,#756,#692,.T.);
#932=EDGE_CURVE('',#758,#759,#693,.T.);
#933=EDGE_CURVE('',#759,#757,#466,.T.);
#934=EDGE_CURVE('',#756,#758,#467,.T.);
#935=EDGE_CURVE('',#760,#761,#694,.T.);
#936=EDGE_CURVE('',#761,#759,#695,.T.);
#937=EDGE_CURVE('',#758,#760,#696,.T.);
#938=EDGE_CURVE('',#762,#763,#697,.T.);
#939=EDGE_CURVE('',#763,#761,#468,.T.);
#940=EDGE_CURVE('',#760,#762,#469,.T.);
#941=EDGE_CURVE('',#764,#765,#698,.T.);
#942=EDGE_CURVE('',#765,#763,#699,.T.);
#943=EDGE_CURVE('',#762,#764,#700,.T.);
#944=EDGE_CURVE('',#766,#767,#701,.T.);
#945=EDGE_CURVE('',#767,#765,#470,.T.);
#946=EDGE_CURVE('',#764,#766,#471,.T.);
#947=EDGE_CURVE('',#752,#767,#702,.T.);
#948=EDGE_CURVE('',#766,#753,#703,.T.);
#949=EDGE_CURVE('',#768,#758,#472,.T.);
#950=EDGE_CURVE('',#769,#768,#704,.T.);
#951=EDGE_CURVE('',#769,#760,#473,.T.);
#952=EDGE_CURVE('',#770,#756,#474,.T.);
#953=EDGE_CURVE('',#768,#770,#475,.T.);
#954=EDGE_CURVE('',#771,#754,#476,.T.);
#955=EDGE_CURVE('',#770,#771,#705,.T.);
#956=EDGE_CURVE('',#772,#753,#477,.T.);
#957=EDGE_CURVE('',#771,#772,#478,.T.);
#958=EDGE_CURVE('',#773,#774,#479,.F.);
#959=EDGE_CURVE('',#774,#775,#480,.F.);
#960=EDGE_CURVE('',#775,#776,#481,.F.);
#961=EDGE_CURVE('',#776,#773,#482,.F.);
#962=EDGE_CURVE('',#777,#778,#706,.T.);
#963=EDGE_CURVE('',#778,#769,#483,.T.);
#964=EDGE_CURVE('',#769,#779,#707,.T.);
#965=EDGE_CURVE('',#779,#777,#484,.T.);
#966=EDGE_CURVE('',#768,#780,#708,.T.);
#967=EDGE_CURVE('',#780,#779,#709,.T.);
#968=EDGE_CURVE('',#770,#781,#710,.T.);
#969=EDGE_CURVE('',#781,#780,#485,.T.);
#970=EDGE_CURVE('',#771,#782,#711,.T.);
#971=EDGE_CURVE('',#782,#781,#712,.T.);
#972=EDGE_CURVE('',#772,#783,#713,.T.);
#973=EDGE_CURVE('',#783,#782,#486,.T.);
#974=EDGE_CURVE('',#784,#785,#714,.T.);
#975=EDGE_CURVE('',#785,#783,#715,.T.);
#976=EDGE_CURVE('',#772,#784,#716,.T.);
#977=EDGE_CURVE('',#786,#787,#717,.T.);
#978=EDGE_CURVE('',#787,#785,#487,.T.);
#979=EDGE_CURVE('',#784,#786,#488,.T.);
#980=EDGE_CURVE('',#777,#787,#718,.T.);
#981=EDGE_CURVE('',#786,#778,#719,.T.);
#982=EDGE_CURVE('',#778,#762,#489,.T.);
#983=EDGE_CURVE('',#788,#789,#720,.T.);
#984=EDGE_CURVE('',#790,#788,#490,.T.);
#985=EDGE_CURVE('',#791,#790,#721,.T.);
#986=EDGE_CURVE('',#792,#791,#491,.T.);
#987=EDGE_CURVE('',#793,#792,#722,.T.);
#988=EDGE_CURVE('',#794,#793,#492,.T.);
#989=EDGE_CURVE('',#795,#794,#723,.T.);
#990=EDGE_CURVE('',#789,#795,#493,.T.);
#991=EDGE_CURVE('',#784,#766,#494,.T.);
#992=EDGE_CURVE('',#786,#764,#495,.T.);
#993=EDGE_CURVE('',#796,#797,#496,.T.);
#994=EDGE_CURVE('',#797,#798,#148,.T.);
#995=EDGE_CURVE('',#798,#799,#497,.T.);
#996=EDGE_CURVE('',#796,#799,#149,.T.);
#997=EDGE_CURVE('',#800,#801,#498,.T.);
#998=EDGE_CURVE('',#801,#802,#150,.T.);
#999=EDGE_CURVE('',#802,#803,#499,.T.);
#1000=EDGE_CURVE('',#803,#800,#151,.T.);
#1001=EDGE_CURVE('',#799,#802,#500,.T.);
#1002=EDGE_CURVE('',#801,#796,#501,.T.);
#1003=EDGE_CURVE('',#797,#800,#502,.T.);
#1004=EDGE_CURVE('',#803,#798,#503,.T.);
#1005=EDGE_CURVE('',#803,#804,#504,.T.);
#1006=EDGE_CURVE('',#804,#805,#505,.T.);
#1007=EDGE_CURVE('',#798,#805,#506,.T.);
#1008=EDGE_CURVE('',#802,#806,#507,.T.);
#1009=EDGE_CURVE('',#806,#804,#508,.T.);
#1010=EDGE_CURVE('',#807,#808,#509,.T.);
#1011=EDGE_CURVE('',#809,#807,#510,.T.);
#1012=EDGE_CURVE('',#810,#809,#511,.T.);
#1013=EDGE_CURVE('',#808,#810,#512,.T.);
#1014=EDGE_CURVE('',#811,#811,#93,.T.);
#1015=EDGE_CURVE('',#812,#812,#94,.T.);
#1016=EDGE_CURVE('',#813,#814,#95,.T.);
#1017=EDGE_CURVE('',#814,#815,#96,.T.);
#1018=EDGE_CURVE('',#815,#816,#97,.T.);
#1019=EDGE_CURVE('',#816,#817,#98,.T.);
#1020=EDGE_CURVE('',#817,#818,#99,.T.);
#1021=EDGE_CURVE('',#818,#819,#100,.T.);
#1022=EDGE_CURVE('',#819,#820,#101,.T.);
#1023=EDGE_CURVE('',#820,#821,#102,.T.);
#1024=EDGE_CURVE('',#821,#822,#103,.T.);
#1025=EDGE_CURVE('',#822,#823,#104,.T.);
#1026=EDGE_CURVE('',#823,#824,#105,.T.);
#1027=EDGE_CURVE('',#824,#825,#106,.T.);
#1028=EDGE_CURVE('',#825,#826,#107,.T.);
#1029=EDGE_CURVE('',#826,#827,#108,.T.);
#1030=EDGE_CURVE('',#827,#828,#109,.T.);
#1031=EDGE_CURVE('',#828,#829,#110,.T.);
#1032=EDGE_CURVE('',#829,#830,#111,.T.);
#1033=EDGE_CURVE('',#830,#813,#112,.T.);
#1034=EDGE_CURVE('',#831,#832,#113,.T.);
#1035=EDGE_CURVE('',#832,#833,#114,.T.);
#1036=EDGE_CURVE('',#833,#834,#115,.T.);
#1037=EDGE_CURVE('',#834,#835,#116,.T.);
#1038=EDGE_CURVE('',#835,#836,#117,.T.);
#1039=EDGE_CURVE('',#836,#837,#118,.T.);
#1040=EDGE_CURVE('',#837,#838,#119,.T.);
#1041=EDGE_CURVE('',#838,#839,#120,.T.);
#1042=EDGE_CURVE('',#839,#840,#121,.T.);
#1043=EDGE_CURVE('',#840,#841,#122,.T.);
#1044=EDGE_CURVE('',#841,#842,#123,.T.);
#1045=EDGE_CURVE('',#842,#843,#124,.T.);
#1046=EDGE_CURVE('',#843,#844,#125,.T.);
#1047=EDGE_CURVE('',#844,#831,#126,.T.);
#1048=EDGE_CURVE('',#845,#846,#513,.T.);
#1049=EDGE_CURVE('',#847,#846,#514,.T.);
#1050=EDGE_CURVE('',#848,#847,#515,.T.);
#1051=EDGE_CURVE('',#845,#848,#516,.T.);
#1052=EDGE_CURVE('',#849,#849,#724,.T.);
#1053=EDGE_CURVE('',#850,#850,#725,.T.);
#1054=EDGE_CURVE('',#851,#852,#517,.T.);
#1055=EDGE_CURVE('',#853,#852,#518,.T.);
#1056=EDGE_CURVE('',#854,#853,#519,.T.);
#1057=EDGE_CURVE('',#851,#854,#520,.T.);
#1058=EDGE_CURVE('',#855,#855,#726,.T.);
#1059=EDGE_CURVE('',#856,#856,#727,.T.);
#1060=EDGE_CURVE('',#847,#773,#521,.F.);
#1061=EDGE_CURVE('',#846,#857,#522,.T.);
#1062=EDGE_CURVE('',#857,#858,#523,.T.);
#1063=EDGE_CURVE('',#858,#851,#524,.T.);
#1064=EDGE_CURVE('',#854,#774,#525,.T.);
#1065=EDGE_CURVE('',#848,#776,#526,.T.);
#1066=EDGE_CURVE('',#792,#859,#527,.T.);
#1067=EDGE_CURVE('',#859,#860,#728,.F.);
#1068=EDGE_CURVE('',#860,#793,#528,.T.);
#1069=EDGE_CURVE('',#861,#791,#529,.T.);
#1070=EDGE_CURVE('',#859,#861,#530,.T.);
#1071=EDGE_CURVE('',#790,#862,#531,.T.);
#1072=EDGE_CURVE('',#862,#861,#729,.F.);
#1073=EDGE_CURVE('',#863,#788,#532,.T.);
#1074=EDGE_CURVE('',#862,#863,#533,.T.);
#1075=EDGE_CURVE('',#864,#845,#534,.T.);
#1076=EDGE_CURVE('',#864,#865,#535,.T.);
#1077=EDGE_CURVE('',#866,#865,#536,.T.);
#1078=EDGE_CURVE('',#866,#867,#537,.T.);
#1079=EDGE_CURVE('',#867,#868,#538,.T.);
#1080=EDGE_CURVE('',#868,#857,#539,.T.);
#1081=EDGE_CURVE('',#869,#868,#540,.T.);
#1082=EDGE_CURVE('',#858,#869,#541,.T.);
#1083=EDGE_CURVE('',#870,#864,#542,.T.);
#1084=EDGE_CURVE('',#871,#870,#543,.T.);
#1085=EDGE_CURVE('',#865,#871,#544,.T.);
#1086=EDGE_CURVE('',#867,#872,#545,.T.);
#1087=EDGE_CURVE('',#872,#869,#546,.T.);
#1088=EDGE_CURVE('',#852,#870,#547,.T.);
#1089=EDGE_CURVE('',#872,#873,#548,.T.);
#1090=EDGE_CURVE('',#873,#871,#549,.T.);
#1091=EDGE_CURVE('',#873,#866,#550,.T.);
#1092=EDGE_CURVE('',#874,#806,#551,.T.);
#1093=EDGE_CURVE('',#805,#874,#552,.T.);
#1094=EDGE_CURVE('',#799,#874,#553,.T.);
#1095=EDGE_CURVE('',#853,#775,#554,.F.);
#1096=EDGE_CURVE('',#807,#875,#730,.F.);
#1097=EDGE_CURVE('',#863,#807,#731,.F.);
#1098=EDGE_CURVE('',#875,#863,#732,.F.);
#1099=EDGE_CURVE('',#876,#877,#733,.F.);
#1100=EDGE_CURVE('',#809,#876,#734,.F.);
#1101=EDGE_CURVE('',#877,#809,#735,.F.);
#1102=EDGE_CURVE('',#808,#862,#736,.F.);
#1103=EDGE_CURVE('',#861,#808,#737,.F.);
#1104=EDGE_CURVE('',#810,#859,#738,.F.);
#1105=EDGE_CURVE('',#860,#810,#739,.F.);
#1106=EDGE_CURVE('',#876,#860,#555,.T.);
#1107=EDGE_CURVE('',#875,#877,#556,.T.);
#1108=EDGE_CURVE('',#794,#876,#557,.T.);
#1109=EDGE_CURVE('',#877,#795,#558,.T.);
#1110=EDGE_CURVE('',#789,#875,#559,.T.);
#1111=EDGE_CURVE('',#813,#878,#560,.T.);
#1112=EDGE_CURVE('',#879,#878,#15,.T.);
#1113=EDGE_CURVE('',#814,#879,#16,.T.);
#1114=EDGE_CURVE('',#880,#881,#127,.T.);
#1115=EDGE_CURVE('',#880,#817,#17,.T.);
#1116=EDGE_CURVE('',#816,#881,#18,.T.);
#1117=EDGE_CURVE('',#882,#883,#128,.T.);
#1118=EDGE_CURVE('',#882,#819,#19,.T.);
#1119=EDGE_CURVE('',#818,#883,#20,.T.);
#1120=EDGE_CURVE('',#884,#885,#129,.T.);
#1121=EDGE_CURVE('',#884,#821,#21,.T.);
#1122=EDGE_CURVE('',#820,#885,#22,.T.);
#1123=EDGE_CURVE('',#886,#887,#130,.T.);
#1124=EDGE_CURVE('',#823,#886,#561,.T.);
#1125=EDGE_CURVE('',#822,#887,#23,.T.);
#1126=EDGE_CURVE('',#888,#886,#131,.T.);
#1127=EDGE_CURVE('',#888,#824,#24,.T.);
#1128=EDGE_CURVE('',#889,#890,#132,.T.);
#1129=EDGE_CURVE('',#889,#826,#25,.T.);
#1130=EDGE_CURVE('',#825,#890,#26,.T.);
#1131=EDGE_CURVE('',#891,#892,#133,.T.);
#1132=EDGE_CURVE('',#891,#828,#27,.T.);
#1133=EDGE_CURVE('',#827,#892,#28,.T.);
#1134=EDGE_CURVE('',#893,#894,#134,.T.);
#1135=EDGE_CURVE('',#893,#830,#29,.T.);
#1136=EDGE_CURVE('',#829,#894,#30,.T.);
#1137=EDGE_CURVE('',#895,#879,#135,.T.);
#1138=EDGE_CURVE('',#895,#815,#31,.T.);
#1139=EDGE_CURVE('',#883,#880,#32,.T.);
#1140=EDGE_CURVE('',#885,#882,#33,.T.);
#1141=EDGE_CURVE('',#887,#884,#34,.T.);
#1142=EDGE_CURVE('',#890,#888,#35,.T.);
#1143=EDGE_CURVE('',#892,#889,#36,.T.);
#1144=EDGE_CURVE('',#894,#891,#37,.T.);
#1145=EDGE_CURVE('',#893,#878,#136,.T.);
#1146=EDGE_CURVE('',#881,#895,#38,.T.);
#1147=EDGE_CURVE('',#886,#896,#562,.T.);
#1148=EDGE_CURVE('',#896,#896,#137,.T.);
#1149=EDGE_CURVE('',#897,#897,#740,.T.);
#1150=EDGE_CURVE('',#897,#898,#563,.T.);
#1151=EDGE_CURVE('',#898,#898,#741,.T.);
#1152=EDGE_CURVE('',#899,#899,#742,.T.);
#1153=EDGE_CURVE('',#899,#856,#564,.T.);
#1154=EDGE_CURVE('',#900,#900,#743,.T.);
#1155=EDGE_CURVE('',#900,#901,#565,.T.);
#1156=EDGE_CURVE('',#901,#901,#744,.T.);
#1157=EDGE_CURVE('',#812,#902,#566,.T.);
#1158=EDGE_CURVE('',#902,#902,#138,.T.);
#1159=EDGE_CURVE('',#903,#903,#745,.T.);
#1160=EDGE_CURVE('',#903,#850,#567,.T.);
#1161=EDGE_CURVE('',#831,#904,#568,.T.);
#1162=EDGE_CURVE('',#905,#904,#39,.T.);
#1163=EDGE_CURVE('',#832,#905,#40,.T.);
#1164=EDGE_CURVE('',#906,#907,#139,.T.);
#1165=EDGE_CURVE('',#906,#835,#41,.T.);
#1166=EDGE_CURVE('',#834,#907,#42,.T.);
#1167=EDGE_CURVE('',#908,#909,#140,.T.);
#1168=EDGE_CURVE('',#838,#908,#569,.T.);
#1169=EDGE_CURVE('',#837,#909,#43,.T.);
#1170=EDGE_CURVE('',#910,#908,#141,.T.);
#1171=EDGE_CURVE('',#910,#839,#44,.T.);
#1172=EDGE_CURVE('',#911,#912,#142,.T.);
#1173=EDGE_CURVE('',#911,#841,#45,.T.);
#1174=EDGE_CURVE('',#840,#912,#46,.T.);
#1175=EDGE_CURVE('',#913,#914,#143,.T.);
#1176=EDGE_CURVE('',#913,#844,#47,.T.);
#1177=EDGE_CURVE('',#842,#914,#48,.T.);
#1178=EDGE_CURVE('',#915,#905,#144,.T.);
#1179=EDGE_CURVE('',#915,#833,#49,.T.);
#1180=EDGE_CURVE('',#916,#906,#50,.T.);
#1181=EDGE_CURVE('',#909,#916,#51,.T.);
#1182=EDGE_CURVE('',#912,#910,#52,.T.);
#1183=EDGE_CURVE('',#914,#911,#53,.T.);
#1184=EDGE_CURVE('',#913,#904,#145,.T.);
#1185=EDGE_CURVE('',#907,#915,#54,.T.);
#1186=EDGE_CURVE('',#908,#917,#570,.T.);
#1187=EDGE_CURVE('',#917,#917,#146,.T.);
#1188=EDGE_CURVE('',#918,#918,#746,.T.);
#1189=EDGE_CURVE('',#918,#919,#571,.T.);
#1190=EDGE_CURVE('',#919,#919,#747,.T.);
#1191=EDGE_CURVE('',#920,#920,#748,.T.);
#1192=EDGE_CURVE('',#920,#855,#572,.T.);
#1193=EDGE_CURVE('',#921,#921,#749,.T.);
#1194=EDGE_CURVE('',#921,#922,#573,.T.);
#1195=EDGE_CURVE('',#922,#922,#750,.T.);
#1196=EDGE_CURVE('',#811,#923,#574,.T.);
#1197=EDGE_CURVE('',#923,#923,#147,.T.);
#1198=EDGE_CURVE('',#924,#924,#751,.T.);
#1199=EDGE_CURVE('',#924,#849,#575,.T.);
#1200=ORIENTED_EDGE('',*,*,#925,.T.);
#1201=ORIENTED_EDGE('',*,*,#926,.T.);
#1202=ORIENTED_EDGE('',*,*,#927,.T.);
#1203=ORIENTED_EDGE('',*,*,#928,.T.);
#1204=ORIENTED_EDGE('',*,*,#929,.T.);
#1205=ORIENTED_EDGE('',*,*,#930,.T.);
#1206=ORIENTED_EDGE('',*,*,#927,.F.);
#1207=ORIENTED_EDGE('',*,*,#931,.T.);
#1208=ORIENTED_EDGE('',*,*,#932,.T.);
#1209=ORIENTED_EDGE('',*,*,#933,.T.);
#1210=ORIENTED_EDGE('',*,*,#929,.F.);
#1211=ORIENTED_EDGE('',*,*,#934,.T.);
#1212=ORIENTED_EDGE('',*,*,#935,.T.);
#1213=ORIENTED_EDGE('',*,*,#936,.T.);
#1214=ORIENTED_EDGE('',*,*,#932,.F.);
#1215=ORIENTED_EDGE('',*,*,#937,.T.);
#1216=ORIENTED_EDGE('',*,*,#938,.T.);
#1217=ORIENTED_EDGE('',*,*,#939,.T.);
#1218=ORIENTED_EDGE('',*,*,#935,.F.);
#1219=ORIENTED_EDGE('',*,*,#940,.T.);
#1220=ORIENTED_EDGE('',*,*,#941,.T.);
#1221=ORIENTED_EDGE('',*,*,#942,.T.);
#1222=ORIENTED_EDGE('',*,*,#938,.F.);
#1223=ORIENTED_EDGE('',*,*,#943,.T.);
#1224=ORIENTED_EDGE('',*,*,#944,.T.);
#1225=ORIENTED_EDGE('',*,*,#945,.T.);
#1226=ORIENTED_EDGE('',*,*,#941,.F.);
#1227=ORIENTED_EDGE('',*,*,#946,.T.);
#1228=ORIENTED_EDGE('',*,*,#925,.F.);
#1229=ORIENTED_EDGE('',*,*,#947,.T.);
#1230=ORIENTED_EDGE('',*,*,#944,.F.);
#1231=ORIENTED_EDGE('',*,*,#948,.T.);
#1232=ORIENTED_EDGE('',*,*,#937,.F.);
#1233=ORIENTED_EDGE('',*,*,#949,.F.);
#1234=ORIENTED_EDGE('',*,*,#950,.F.);
#1235=ORIENTED_EDGE('',*,*,#951,.T.);
#1236=ORIENTED_EDGE('',*,*,#934,.F.);
#1237=ORIENTED_EDGE('',*,*,#952,.F.);
#1238=ORIENTED_EDGE('',*,*,#953,.F.);
#1239=ORIENTED_EDGE('',*,*,#949,.T.);
#1240=ORIENTED_EDGE('',*,*,#931,.F.);
#1241=ORIENTED_EDGE('',*,*,#954,.F.);
#1242=ORIENTED_EDGE('',*,*,#955,.F.);
#1243=ORIENTED_EDGE('',*,*,#952,.T.);
#1244=ORIENTED_EDGE('',*,*,#926,.F.);
#1245=ORIENTED_EDGE('',*,*,#956,.F.);
#1246=ORIENTED_EDGE('',*,*,#957,.F.);
#1247=ORIENTED_EDGE('',*,*,#954,.T.);
#1248=ORIENTED_EDGE('',*,*,#928,.F.);
#1249=ORIENTED_EDGE('',*,*,#930,.F.);
#1250=ORIENTED_EDGE('',*,*,#933,.F.);
#1251=ORIENTED_EDGE('',*,*,#936,.F.);
#1252=ORIENTED_EDGE('',*,*,#939,.F.);
#1253=ORIENTED_EDGE('',*,*,#942,.F.);
#1254=ORIENTED_EDGE('',*,*,#945,.F.);
#1255=ORIENTED_EDGE('',*,*,#947,.F.);
#1256=ORIENTED_EDGE('',*,*,#958,.T.);
#1257=ORIENTED_EDGE('',*,*,#959,.T.);
#1258=ORIENTED_EDGE('',*,*,#960,.T.);
#1259=ORIENTED_EDGE('',*,*,#961,.T.);
#1260=ORIENTED_EDGE('',*,*,#962,.T.);
#1261=ORIENTED_EDGE('',*,*,#963,.T.);
#1262=ORIENTED_EDGE('',*,*,#964,.T.);
#1263=ORIENTED_EDGE('',*,*,#965,.T.);
#1264=ORIENTED_EDGE('',*,*,#966,.T.);
#1265=ORIENTED_EDGE('',*,*,#967,.T.);
#1266=ORIENTED_EDGE('',*,*,#964,.F.);
#1267=ORIENTED_EDGE('',*,*,#950,.T.);
#1268=ORIENTED_EDGE('',*,*,#968,.T.);
#1269=ORIENTED_EDGE('',*,*,#969,.T.);
#1270=ORIENTED_EDGE('',*,*,#966,.F.);
#1271=ORIENTED_EDGE('',*,*,#953,.T.);
#1272=ORIENTED_EDGE('',*,*,#970,.T.);
#1273=ORIENTED_EDGE('',*,*,#971,.T.);
#1274=ORIENTED_EDGE('',*,*,#968,.F.);
#1275=ORIENTED_EDGE('',*,*,#955,.T.);
#1276=ORIENTED_EDGE('',*,*,#972,.T.);
#1277=ORIENTED_EDGE('',*,*,#973,.T.);
#1278=ORIENTED_EDGE('',*,*,#970,.F.);
#1279=ORIENTED_EDGE('',*,*,#957,.T.);
#1280=ORIENTED_EDGE('',*,*,#974,.T.);
#1281=ORIENTED_EDGE('',*,*,#975,.T.);
#1282=ORIENTED_EDGE('',*,*,#972,.F.);
#1283=ORIENTED_EDGE('',*,*,#976,.T.);
#1284=ORIENTED_EDGE('',*,*,#977,.T.);
#1285=ORIENTED_EDGE('',*,*,#978,.T.);
#1286=ORIENTED_EDGE('',*,*,#974,.F.);
#1287=ORIENTED_EDGE('',*,*,#979,.T.);
#1288=ORIENTED_EDGE('',*,*,#962,.F.);
#1289=ORIENTED_EDGE('',*,*,#980,.T.);
#1290=ORIENTED_EDGE('',*,*,#977,.F.);
#1291=ORIENTED_EDGE('',*,*,#981,.T.);
#1292=ORIENTED_EDGE('',*,*,#940,.F.);
#1293=ORIENTED_EDGE('',*,*,#951,.F.);
#1294=ORIENTED_EDGE('',*,*,#963,.F.);
#1295=ORIENTED_EDGE('',*,*,#982,.T.);
#1296=ORIENTED_EDGE('',*,*,#983,.F.);
#1297=ORIENTED_EDGE('',*,*,#984,.F.);
#1298=ORIENTED_EDGE('',*,*,#985,.F.);
#1299=ORIENTED_EDGE('',*,*,#986,.F.);
#1300=ORIENTED_EDGE('',*,*,#987,.F.);
#1301=ORIENTED_EDGE('',*,*,#988,.F.);
#1302=ORIENTED_EDGE('',*,*,#989,.F.);
#1303=ORIENTED_EDGE('',*,*,#990,.F.);
#1304=ORIENTED_EDGE('',*,*,#965,.F.);
#1305=ORIENTED_EDGE('',*,*,#967,.F.);
#1306=ORIENTED_EDGE('',*,*,#969,.F.);
#1307=ORIENTED_EDGE('',*,*,#971,.F.);
#1308=ORIENTED_EDGE('',*,*,#973,.F.);
#1309=ORIENTED_EDGE('',*,*,#975,.F.);
#1310=ORIENTED_EDGE('',*,*,#978,.F.);
#1311=ORIENTED_EDGE('',*,*,#980,.F.);
#1312=ORIENTED_EDGE('',*,*,#948,.F.);
#1313=ORIENTED_EDGE('',*,*,#991,.F.);
#1314=ORIENTED_EDGE('',*,*,#976,.F.);
#1315=ORIENTED_EDGE('',*,*,#956,.T.);
#1316=ORIENTED_EDGE('',*,*,#946,.F.);
#1317=ORIENTED_EDGE('',*,*,#992,.F.);
#1318=ORIENTED_EDGE('',*,*,#979,.F.);
#1319=ORIENTED_EDGE('',*,*,#991,.T.);
#1320=ORIENTED_EDGE('',*,*,#943,.F.);
#1321=ORIENTED_EDGE('',*,*,#982,.F.);
#1322=ORIENTED_EDGE('',*,*,#981,.F.);
#1323=ORIENTED_EDGE('',*,*,#992,.T.);
#1324=ORIENTED_EDGE('',*,*,#993,.T.);
#1325=ORIENTED_EDGE('',*,*,#994,.T.);
#1326=ORIENTED_EDGE('',*,*,#995,.T.);
#1327=ORIENTED_EDGE('',*,*,#996,.F.);
#1328=ORIENTED_EDGE('',*,*,#997,.T.);
#1329=ORIENTED_EDGE('',*,*,#998,.T.);
#1330=ORIENTED_EDGE('',*,*,#999,.T.);
#1331=ORIENTED_EDGE('',*,*,#1000,.T.);
#1332=ORIENTED_EDGE('',*,*,#1001,.T.);
#1333=ORIENTED_EDGE('',*,*,#998,.F.);
#1334=ORIENTED_EDGE('',*,*,#1002,.T.);
#1335=ORIENTED_EDGE('',*,*,#996,.T.);
#1336=ORIENTED_EDGE('',*,*,#1003,.T.);
#1337=ORIENTED_EDGE('',*,*,#1000,.F.);
#1338=ORIENTED_EDGE('',*,*,#1004,.T.);
#1339=ORIENTED_EDGE('',*,*,#994,.F.);
#1340=ORIENTED_EDGE('',*,*,#1004,.F.);
#1341=ORIENTED_EDGE('',*,*,#1005,.T.);
#1342=ORIENTED_EDGE('',*,*,#1006,.T.);
#1343=ORIENTED_EDGE('',*,*,#1007,.F.);
#1344=ORIENTED_EDGE('',*,*,#999,.F.);
#1345=ORIENTED_EDGE('',*,*,#1008,.T.);
#1346=ORIENTED_EDGE('',*,*,#1009,.T.);
#1347=ORIENTED_EDGE('',*,*,#1005,.F.);
#1348=ORIENTED_EDGE('',*,*,#1010,.F.);
#1349=ORIENTED_EDGE('',*,*,#1011,.F.);
#1350=ORIENTED_EDGE('',*,*,#1012,.F.);
#1351=ORIENTED_EDGE('',*,*,#1013,.F.);
#1352=ORIENTED_EDGE('',*,*,#1014,.T.);
#1353=ORIENTED_EDGE('',*,*,#1015,.T.);
#1354=ORIENTED_EDGE('',*,*,#1016,.T.);
#1355=ORIENTED_EDGE('',*,*,#1017,.T.);
#1356=ORIENTED_EDGE('',*,*,#1018,.T.);
#1357=ORIENTED_EDGE('',*,*,#1019,.T.);
#1358=ORIENTED_EDGE('',*,*,#1020,.T.);
#1359=ORIENTED_EDGE('',*,*,#1021,.T.);
#1360=ORIENTED_EDGE('',*,*,#1022,.T.);
#1361=ORIENTED_EDGE('',*,*,#1023,.T.);
#1362=ORIENTED_EDGE('',*,*,#1024,.T.);
#1363=ORIENTED_EDGE('',*,*,#1025,.T.);
#1364=ORIENTED_EDGE('',*,*,#1026,.T.);
#1365=ORIENTED_EDGE('',*,*,#1027,.T.);
#1366=ORIENTED_EDGE('',*,*,#1028,.T.);
#1367=ORIENTED_EDGE('',*,*,#1029,.T.);
#1368=ORIENTED_EDGE('',*,*,#1030,.T.);
#1369=ORIENTED_EDGE('',*,*,#1031,.T.);
#1370=ORIENTED_EDGE('',*,*,#1032,.T.);
#1371=ORIENTED_EDGE('',*,*,#1033,.T.);
#1372=ORIENTED_EDGE('',*,*,#1034,.T.);
#1373=ORIENTED_EDGE('',*,*,#1035,.T.);
#1374=ORIENTED_EDGE('',*,*,#1036,.T.);
#1375=ORIENTED_EDGE('',*,*,#1037,.T.);
#1376=ORIENTED_EDGE('',*,*,#1038,.T.);
#1377=ORIENTED_EDGE('',*,*,#1039,.T.);
#1378=ORIENTED_EDGE('',*,*,#1040,.T.);
#1379=ORIENTED_EDGE('',*,*,#1041,.T.);
#1380=ORIENTED_EDGE('',*,*,#1042,.T.);
#1381=ORIENTED_EDGE('',*,*,#1043,.T.);
#1382=ORIENTED_EDGE('',*,*,#1044,.T.);
#1383=ORIENTED_EDGE('',*,*,#1045,.T.);
#1384=ORIENTED_EDGE('',*,*,#1046,.T.);
#1385=ORIENTED_EDGE('',*,*,#1047,.T.);
#1386=ORIENTED_EDGE('',*,*,#997,.F.);
#1387=ORIENTED_EDGE('',*,*,#1003,.F.);
#1388=ORIENTED_EDGE('',*,*,#993,.F.);
#1389=ORIENTED_EDGE('',*,*,#1002,.F.);
#1390=ORIENTED_EDGE('',*,*,#1048,.T.);
#1391=ORIENTED_EDGE('',*,*,#1049,.F.);
#1392=ORIENTED_EDGE('',*,*,#1050,.F.);
#1393=ORIENTED_EDGE('',*,*,#1051,.F.);
#1394=ORIENTED_EDGE('',*,*,#1052,.F.);
#1395=ORIENTED_EDGE('',*,*,#1053,.F.);
#1396=ORIENTED_EDGE('',*,*,#1054,.T.);
#1397=ORIENTED_EDGE('',*,*,#1055,.F.);
#1398=ORIENTED_EDGE('',*,*,#1056,.F.);
#1399=ORIENTED_EDGE('',*,*,#1057,.F.);
#1400=ORIENTED_EDGE('',*,*,#1058,.F.);
#1401=ORIENTED_EDGE('',*,*,#1059,.F.);
#1402=ORIENTED_EDGE('',*,*,#1060,.F.);
#1403=ORIENTED_EDGE('',*,*,#1049,.T.);
#1404=ORIENTED_EDGE('',*,*,#1061,.T.);
#1405=ORIENTED_EDGE('',*,*,#1062,.T.);
#1406=ORIENTED_EDGE('',*,*,#1063,.T.);
#1407=ORIENTED_EDGE('',*,*,#1057,.T.);
#1408=ORIENTED_EDGE('',*,*,#1064,.T.);
#1409=ORIENTED_EDGE('',*,*,#958,.F.);
#1410=ORIENTED_EDGE('',*,*,#1065,.F.);
#1411=ORIENTED_EDGE('',*,*,#1050,.T.);
#1412=ORIENTED_EDGE('',*,*,#1060,.T.);
#1413=ORIENTED_EDGE('',*,*,#961,.F.);
#1414=ORIENTED_EDGE('',*,*,#987,.T.);
#1415=ORIENTED_EDGE('',*,*,#1066,.T.);
#1416=ORIENTED_EDGE('',*,*,#1067,.T.);
#1417=ORIENTED_EDGE('',*,*,#1068,.T.);
#1418=ORIENTED_EDGE('',*,*,#986,.T.);
#1419=ORIENTED_EDGE('',*,*,#1069,.F.);
#1420=ORIENTED_EDGE('',*,*,#1070,.F.);
#1421=ORIENTED_EDGE('',*,*,#1066,.F.);
#1422=ORIENTED_EDGE('',*,*,#985,.T.);
#1423=ORIENTED_EDGE('',*,*,#1071,.T.);
#1424=ORIENTED_EDGE('',*,*,#1072,.T.);
#1425=ORIENTED_EDGE('',*,*,#1069,.T.);
#1426=ORIENTED_EDGE('',*,*,#984,.T.);
#1427=ORIENTED_EDGE('',*,*,#1073,.F.);
#1428=ORIENTED_EDGE('',*,*,#1074,.F.);
#1429=ORIENTED_EDGE('',*,*,#1071,.F.);
#1430=ORIENTED_EDGE('',*,*,#1075,.F.);
#1431=ORIENTED_EDGE('',*,*,#1076,.T.);
#1432=ORIENTED_EDGE('',*,*,#1077,.F.);
#1433=ORIENTED_EDGE('',*,*,#1078,.T.);
#1434=ORIENTED_EDGE('',*,*,#1079,.T.);
#1435=ORIENTED_EDGE('',*,*,#1080,.T.);
#1436=ORIENTED_EDGE('',*,*,#1061,.F.);
#1437=ORIENTED_EDGE('',*,*,#1048,.F.);
#1438=ORIENTED_EDGE('',*,*,#1062,.F.);
#1439=ORIENTED_EDGE('',*,*,#1080,.F.);
#1440=ORIENTED_EDGE('',*,*,#1081,.F.);
#1441=ORIENTED_EDGE('',*,*,#1082,.F.);
#1442=ORIENTED_EDGE('',*,*,#1083,.F.);
#1443=ORIENTED_EDGE('',*,*,#1084,.F.);
#1444=ORIENTED_EDGE('',*,*,#1085,.F.);
#1445=ORIENTED_EDGE('',*,*,#1076,.F.);
#1446=ORIENTED_EDGE('',*,*,#1086,.T.);
#1447=ORIENTED_EDGE('',*,*,#1087,.T.);
#1448=ORIENTED_EDGE('',*,*,#1081,.T.);
#1449=ORIENTED_EDGE('',*,*,#1079,.F.);
#1450=ORIENTED_EDGE('',*,*,#1088,.F.);
#1451=ORIENTED_EDGE('',*,*,#1054,.F.);
#1452=ORIENTED_EDGE('',*,*,#1063,.F.);
#1453=ORIENTED_EDGE('',*,*,#1082,.T.);
#1454=ORIENTED_EDGE('',*,*,#1087,.F.);
#1455=ORIENTED_EDGE('',*,*,#1089,.T.);
#1456=ORIENTED_EDGE('',*,*,#1090,.T.);
#1457=ORIENTED_EDGE('',*,*,#1084,.T.);
#1458=ORIENTED_EDGE('',*,*,#1091,.T.);
#1459=ORIENTED_EDGE('',*,*,#1077,.T.);
#1460=ORIENTED_EDGE('',*,*,#1085,.T.);
#1461=ORIENTED_EDGE('',*,*,#1090,.F.);
#1462=ORIENTED_EDGE('',*,*,#1078,.F.);
#1463=ORIENTED_EDGE('',*,*,#1091,.F.);
#1464=ORIENTED_EDGE('',*,*,#1089,.F.);
#1465=ORIENTED_EDGE('',*,*,#1086,.F.);
#1466=ORIENTED_EDGE('',*,*,#1006,.F.);
#1467=ORIENTED_EDGE('',*,*,#1009,.F.);
#1468=ORIENTED_EDGE('',*,*,#1092,.F.);
#1469=ORIENTED_EDGE('',*,*,#1093,.F.);
#1470=ORIENTED_EDGE('',*,*,#1001,.F.);
#1471=ORIENTED_EDGE('',*,*,#1094,.T.);
#1472=ORIENTED_EDGE('',*,*,#1092,.T.);
#1473=ORIENTED_EDGE('',*,*,#1008,.F.);
#1474=ORIENTED_EDGE('',*,*,#1095,.F.);
#1475=ORIENTED_EDGE('',*,*,#1055,.T.);
#1476=ORIENTED_EDGE('',*,*,#1088,.T.);
#1477=ORIENTED_EDGE('',*,*,#1083,.T.);
#1478=ORIENTED_EDGE('',*,*,#1075,.T.);
#1479=ORIENTED_EDGE('',*,*,#1051,.T.);
#1480=ORIENTED_EDGE('',*,*,#1065,.T.);
#1481=ORIENTED_EDGE('',*,*,#960,.F.);
#1482=ORIENTED_EDGE('',*,*,#995,.F.);
#1483=ORIENTED_EDGE('',*,*,#1007,.T.);
#1484=ORIENTED_EDGE('',*,*,#1093,.T.);
#1485=ORIENTED_EDGE('',*,*,#1094,.F.);
#1486=ORIENTED_EDGE('',*,*,#1096,.F.);
#1487=ORIENTED_EDGE('',*,*,#1097,.F.);
#1488=ORIENTED_EDGE('',*,*,#1098,.F.);
#1489=ORIENTED_EDGE('',*,*,#1099,.F.);
#1490=ORIENTED_EDGE('',*,*,#1100,.F.);
#1491=ORIENTED_EDGE('',*,*,#1101,.F.);
#1492=ORIENTED_EDGE('',*,*,#1072,.F.);
#1493=ORIENTED_EDGE('',*,*,#1102,.F.);
#1494=ORIENTED_EDGE('',*,*,#1103,.F.);
#1495=ORIENTED_EDGE('',*,*,#1097,.T.);
#1496=ORIENTED_EDGE('',*,*,#1010,.T.);
#1497=ORIENTED_EDGE('',*,*,#1102,.T.);
#1498=ORIENTED_EDGE('',*,*,#1074,.T.);
#1499=ORIENTED_EDGE('',*,*,#1067,.F.);
#1500=ORIENTED_EDGE('',*,*,#1104,.F.);
#1501=ORIENTED_EDGE('',*,*,#1105,.F.);
#1502=ORIENTED_EDGE('',*,*,#1103,.T.);
#1503=ORIENTED_EDGE('',*,*,#1013,.T.);
#1504=ORIENTED_EDGE('',*,*,#1104,.T.);
#1505=ORIENTED_EDGE('',*,*,#1070,.T.);
#1506=ORIENTED_EDGE('',*,*,#1105,.T.);
#1507=ORIENTED_EDGE('',*,*,#1012,.T.);
#1508=ORIENTED_EDGE('',*,*,#1100,.T.);
#1509=ORIENTED_EDGE('',*,*,#1106,.T.);
#1510=ORIENTED_EDGE('',*,*,#1101,.T.);
#1511=ORIENTED_EDGE('',*,*,#1011,.T.);
#1512=ORIENTED_EDGE('',*,*,#1096,.T.);
#1513=ORIENTED_EDGE('',*,*,#1107,.T.);
#1514=ORIENTED_EDGE('',*,*,#989,.T.);
#1515=ORIENTED_EDGE('',*,*,#1108,.T.);
#1516=ORIENTED_EDGE('',*,*,#1099,.T.);
#1517=ORIENTED_EDGE('',*,*,#1109,.T.);
#1518=ORIENTED_EDGE('',*,*,#983,.T.);
#1519=ORIENTED_EDGE('',*,*,#1110,.T.);
#1520=ORIENTED_EDGE('',*,*,#1098,.T.);
#1521=ORIENTED_EDGE('',*,*,#1073,.T.);
#1522=ORIENTED_EDGE('',*,*,#988,.T.);
#1523=ORIENTED_EDGE('',*,*,#1068,.F.);
#1524=ORIENTED_EDGE('',*,*,#1106,.F.);
#1525=ORIENTED_EDGE('',*,*,#1108,.F.);
#1526=ORIENTED_EDGE('',*,*,#990,.T.);
#1527=ORIENTED_EDGE('',*,*,#1109,.F.);
#1528=ORIENTED_EDGE('',*,*,#1107,.F.);
#1529=ORIENTED_EDGE('',*,*,#1110,.F.);
#1530=ORIENTED_EDGE('',*,*,#1064,.F.);
#1531=ORIENTED_EDGE('',*,*,#1056,.T.);
#1532=ORIENTED_EDGE('',*,*,#1095,.T.);
#1533=ORIENTED_EDGE('',*,*,#959,.F.);
#1534=ORIENTED_EDGE('',*,*,#1111,.T.);
#1535=ORIENTED_EDGE('',*,*,#1112,.F.);
#1536=ORIENTED_EDGE('',*,*,#1113,.F.);
#1537=ORIENTED_EDGE('',*,*,#1016,.F.);
#1538=ORIENTED_EDGE('',*,*,#1114,.F.);
#1539=ORIENTED_EDGE('',*,*,#1115,.T.);
#1540=ORIENTED_EDGE('',*,*,#1019,.F.);
#1541=ORIENTED_EDGE('',*,*,#1116,.T.);
#1542=ORIENTED_EDGE('',*,*,#1117,.F.);
#1543=ORIENTED_EDGE('',*,*,#1118,.T.);
#1544=ORIENTED_EDGE('',*,*,#1021,.F.);
#1545=ORIENTED_EDGE('',*,*,#1119,.T.);
#1546=ORIENTED_EDGE('',*,*,#1120,.F.);
#1547=ORIENTED_EDGE('',*,*,#1121,.T.);
#1548=ORIENTED_EDGE('',*,*,#1023,.F.);
#1549=ORIENTED_EDGE('',*,*,#1122,.T.);
#1550=ORIENTED_EDGE('',*,*,#1123,.F.);
#1551=ORIENTED_EDGE('',*,*,#1124,.F.);
#1552=ORIENTED_EDGE('',*,*,#1025,.F.);
#1553=ORIENTED_EDGE('',*,*,#1125,.T.);
#1554=ORIENTED_EDGE('',*,*,#1126,.F.);
#1555=ORIENTED_EDGE('',*,*,#1127,.T.);
#1556=ORIENTED_EDGE('',*,*,#1026,.F.);
#1557=ORIENTED_EDGE('',*,*,#1124,.T.);
#1558=ORIENTED_EDGE('',*,*,#1128,.F.);
#1559=ORIENTED_EDGE('',*,*,#1129,.T.);
#1560=ORIENTED_EDGE('',*,*,#1028,.F.);
#1561=ORIENTED_EDGE('',*,*,#1130,.T.);
#1562=ORIENTED_EDGE('',*,*,#1131,.F.);
#1563=ORIENTED_EDGE('',*,*,#1132,.T.);
#1564=ORIENTED_EDGE('',*,*,#1030,.F.);
#1565=ORIENTED_EDGE('',*,*,#1133,.T.);
#1566=ORIENTED_EDGE('',*,*,#1134,.F.);
#1567=ORIENTED_EDGE('',*,*,#1135,.T.);
#1568=ORIENTED_EDGE('',*,*,#1032,.F.);
#1569=ORIENTED_EDGE('',*,*,#1136,.T.);
#1570=ORIENTED_EDGE('',*,*,#1137,.F.);
#1571=ORIENTED_EDGE('',*,*,#1138,.T.);
#1572=ORIENTED_EDGE('',*,*,#1017,.F.);
#1573=ORIENTED_EDGE('',*,*,#1113,.T.);
#1574=ORIENTED_EDGE('',*,*,#1119,.F.);
#1575=ORIENTED_EDGE('',*,*,#1020,.F.);
#1576=ORIENTED_EDGE('',*,*,#1115,.F.);
#1577=ORIENTED_EDGE('',*,*,#1139,.F.);
#1578=ORIENTED_EDGE('',*,*,#1122,.F.);
#1579=ORIENTED_EDGE('',*,*,#1022,.F.);
#1580=ORIENTED_EDGE('',*,*,#1118,.F.);
#1581=ORIENTED_EDGE('',*,*,#1140,.F.);
#1582=ORIENTED_EDGE('',*,*,#1125,.F.);
#1583=ORIENTED_EDGE('',*,*,#1024,.F.);
#1584=ORIENTED_EDGE('',*,*,#1121,.F.);
#1585=ORIENTED_EDGE('',*,*,#1141,.F.);
#1586=ORIENTED_EDGE('',*,*,#1130,.F.);
#1587=ORIENTED_EDGE('',*,*,#1027,.F.);
#1588=ORIENTED_EDGE('',*,*,#1127,.F.);
#1589=ORIENTED_EDGE('',*,*,#1142,.F.);
#1590=ORIENTED_EDGE('',*,*,#1133,.F.);
#1591=ORIENTED_EDGE('',*,*,#1029,.F.);
#1592=ORIENTED_EDGE('',*,*,#1129,.F.);
#1593=ORIENTED_EDGE('',*,*,#1143,.F.);
#1594=ORIENTED_EDGE('',*,*,#1136,.F.);
#1595=ORIENTED_EDGE('',*,*,#1031,.F.);
#1596=ORIENTED_EDGE('',*,*,#1132,.F.);
#1597=ORIENTED_EDGE('',*,*,#1144,.F.);
#1598=ORIENTED_EDGE('',*,*,#1111,.F.);
#1599=ORIENTED_EDGE('',*,*,#1033,.F.);
#1600=ORIENTED_EDGE('',*,*,#1135,.F.);
#1601=ORIENTED_EDGE('',*,*,#1145,.T.);
#1602=ORIENTED_EDGE('',*,*,#1116,.F.);
#1603=ORIENTED_EDGE('',*,*,#1018,.F.);
#1604=ORIENTED_EDGE('',*,*,#1138,.F.);
#1605=ORIENTED_EDGE('',*,*,#1146,.F.);
#1606=ORIENTED_EDGE('',*,*,#1137,.T.);
#1607=ORIENTED_EDGE('',*,*,#1112,.T.);
#1608=ORIENTED_EDGE('',*,*,#1145,.F.);
#1609=ORIENTED_EDGE('',*,*,#1134,.T.);
#1610=ORIENTED_EDGE('',*,*,#1144,.T.);
#1611=ORIENTED_EDGE('',*,*,#1131,.T.);
#1612=ORIENTED_EDGE('',*,*,#1143,.T.);
#1613=ORIENTED_EDGE('',*,*,#1128,.T.);
#1614=ORIENTED_EDGE('',*,*,#1142,.T.);
#1615=ORIENTED_EDGE('',*,*,#1126,.T.);
#1616=ORIENTED_EDGE('',*,*,#1147,.T.);
#1617=ORIENTED_EDGE('',*,*,#1148,.F.);
#1618=ORIENTED_EDGE('',*,*,#1147,.F.);
#1619=ORIENTED_EDGE('',*,*,#1123,.T.);
#1620=ORIENTED_EDGE('',*,*,#1141,.T.);
#1621=ORIENTED_EDGE('',*,*,#1120,.T.);
#1622=ORIENTED_EDGE('',*,*,#1140,.T.);
#1623=ORIENTED_EDGE('',*,*,#1117,.T.);
#1624=ORIENTED_EDGE('',*,*,#1139,.T.);
#1625=ORIENTED_EDGE('',*,*,#1114,.T.);
#1626=ORIENTED_EDGE('',*,*,#1146,.T.);
#1627=ORIENTED_EDGE('',*,*,#1149,.F.);
#1628=ORIENTED_EDGE('',*,*,#1150,.T.);
#1629=ORIENTED_EDGE('',*,*,#1151,.F.);
#1630=ORIENTED_EDGE('',*,*,#1150,.F.);
#1631=ORIENTED_EDGE('',*,*,#1148,.T.);
#1632=ORIENTED_EDGE('',*,*,#1149,.T.);
#1633=ORIENTED_EDGE('',*,*,#1152,.T.);
#1634=ORIENTED_EDGE('',*,*,#1153,.T.);
#1635=ORIENTED_EDGE('',*,*,#1059,.T.);
#1636=ORIENTED_EDGE('',*,*,#1153,.F.);
#1637=ORIENTED_EDGE('',*,*,#1152,.F.);
#1638=ORIENTED_EDGE('',*,*,#1151,.T.);
#1639=ORIENTED_EDGE('',*,*,#1154,.T.);
#1640=ORIENTED_EDGE('',*,*,#1155,.T.);
#1641=ORIENTED_EDGE('',*,*,#1156,.F.);
#1642=ORIENTED_EDGE('',*,*,#1155,.F.);
#1643=ORIENTED_EDGE('',*,*,#1157,.T.);
#1644=ORIENTED_EDGE('',*,*,#1158,.T.);
#1645=ORIENTED_EDGE('',*,*,#1157,.F.);
#1646=ORIENTED_EDGE('',*,*,#1015,.F.);
#1647=ORIENTED_EDGE('',*,*,#1158,.F.);
#1648=ORIENTED_EDGE('',*,*,#1154,.F.);
#1649=ORIENTED_EDGE('',*,*,#1159,.F.);
#1650=ORIENTED_EDGE('',*,*,#1160,.T.);
#1651=ORIENTED_EDGE('',*,*,#1053,.T.);
#1652=ORIENTED_EDGE('',*,*,#1160,.F.);
#1653=ORIENTED_EDGE('',*,*,#1159,.T.);
#1654=ORIENTED_EDGE('',*,*,#1156,.T.);
#1655=ORIENTED_EDGE('',*,*,#1161,.T.);
#1656=ORIENTED_EDGE('',*,*,#1162,.F.);
#1657=ORIENTED_EDGE('',*,*,#1163,.F.);
#1658=ORIENTED_EDGE('',*,*,#1034,.F.);
#1659=ORIENTED_EDGE('',*,*,#1164,.F.);
#1660=ORIENTED_EDGE('',*,*,#1165,.T.);
#1661=ORIENTED_EDGE('',*,*,#1037,.F.);
#1662=ORIENTED_EDGE('',*,*,#1166,.T.);
#1663=ORIENTED_EDGE('',*,*,#1167,.F.);
#1664=ORIENTED_EDGE('',*,*,#1168,.F.);
#1665=ORIENTED_EDGE('',*,*,#1040,.F.);
#1666=ORIENTED_EDGE('',*,*,#1169,.T.);
#1667=ORIENTED_EDGE('',*,*,#1170,.F.);
#1668=ORIENTED_EDGE('',*,*,#1171,.T.);
#1669=ORIENTED_EDGE('',*,*,#1041,.F.);
#1670=ORIENTED_EDGE('',*,*,#1168,.T.);
#1671=ORIENTED_EDGE('',*,*,#1172,.F.);
#1672=ORIENTED_EDGE('',*,*,#1173,.T.);
#1673=ORIENTED_EDGE('',*,*,#1043,.F.);
#1674=ORIENTED_EDGE('',*,*,#1174,.T.);
#1675=ORIENTED_EDGE('',*,*,#1175,.F.);
#1676=ORIENTED_EDGE('',*,*,#1176,.T.);
#1677=ORIENTED_EDGE('',*,*,#1046,.F.);
#1678=ORIENTED_EDGE('',*,*,#1045,.F.);
#1679=ORIENTED_EDGE('',*,*,#1177,.T.);
#1680=ORIENTED_EDGE('',*,*,#1178,.F.);
#1681=ORIENTED_EDGE('',*,*,#1179,.T.);
#1682=ORIENTED_EDGE('',*,*,#1035,.F.);
#1683=ORIENTED_EDGE('',*,*,#1163,.T.);
#1684=ORIENTED_EDGE('',*,*,#1165,.F.);
#1685=ORIENTED_EDGE('',*,*,#1180,.F.);
#1686=ORIENTED_EDGE('',*,*,#1181,.F.);
#1687=ORIENTED_EDGE('',*,*,#1169,.F.);
#1688=ORIENTED_EDGE('',*,*,#1039,.F.);
#1689=ORIENTED_EDGE('',*,*,#1038,.F.);
#1690=ORIENTED_EDGE('',*,*,#1174,.F.);
#1691=ORIENTED_EDGE('',*,*,#1042,.F.);
#1692=ORIENTED_EDGE('',*,*,#1171,.F.);
#1693=ORIENTED_EDGE('',*,*,#1182,.F.);
#1694=ORIENTED_EDGE('',*,*,#1177,.F.);
#1695=ORIENTED_EDGE('',*,*,#1044,.F.);
#1696=ORIENTED_EDGE('',*,*,#1173,.F.);
#1697=ORIENTED_EDGE('',*,*,#1183,.F.);
#1698=ORIENTED_EDGE('',*,*,#1161,.F.);
#1699=ORIENTED_EDGE('',*,*,#1047,.F.);
#1700=ORIENTED_EDGE('',*,*,#1176,.F.);
#1701=ORIENTED_EDGE('',*,*,#1184,.T.);
#1702=ORIENTED_EDGE('',*,*,#1166,.F.);
#1703=ORIENTED_EDGE('',*,*,#1036,.F.);
#1704=ORIENTED_EDGE('',*,*,#1179,.F.);
#1705=ORIENTED_EDGE('',*,*,#1185,.F.);
#1706=ORIENTED_EDGE('',*,*,#1178,.T.);
#1707=ORIENTED_EDGE('',*,*,#1162,.T.);
#1708=ORIENTED_EDGE('',*,*,#1184,.F.);
#1709=ORIENTED_EDGE('',*,*,#1175,.T.);
#1710=ORIENTED_EDGE('',*,*,#1183,.T.);
#1711=ORIENTED_EDGE('',*,*,#1172,.T.);
#1712=ORIENTED_EDGE('',*,*,#1182,.T.);
#1713=ORIENTED_EDGE('',*,*,#1170,.T.);
#1714=ORIENTED_EDGE('',*,*,#1186,.T.);
#1715=ORIENTED_EDGE('',*,*,#1187,.T.);
#1716=ORIENTED_EDGE('',*,*,#1186,.F.);
#1717=ORIENTED_EDGE('',*,*,#1167,.T.);
#1718=ORIENTED_EDGE('',*,*,#1181,.T.);
#1719=ORIENTED_EDGE('',*,*,#1180,.T.);
#1720=ORIENTED_EDGE('',*,*,#1164,.T.);
#1721=ORIENTED_EDGE('',*,*,#1185,.T.);
#1722=ORIENTED_EDGE('',*,*,#1188,.T.);
#1723=ORIENTED_EDGE('',*,*,#1189,.T.);
#1724=ORIENTED_EDGE('',*,*,#1190,.F.);
#1725=ORIENTED_EDGE('',*,*,#1189,.F.);
#1726=ORIENTED_EDGE('',*,*,#1187,.F.);
#1727=ORIENTED_EDGE('',*,*,#1188,.F.);
#1728=ORIENTED_EDGE('',*,*,#1191,.F.);
#1729=ORIENTED_EDGE('',*,*,#1192,.T.);
#1730=ORIENTED_EDGE('',*,*,#1058,.T.);
#1731=ORIENTED_EDGE('',*,*,#1192,.F.);
#1732=ORIENTED_EDGE('',*,*,#1191,.T.);
#1733=ORIENTED_EDGE('',*,*,#1190,.T.);
#1734=ORIENTED_EDGE('',*,*,#1193,.F.);
#1735=ORIENTED_EDGE('',*,*,#1194,.T.);
#1736=ORIENTED_EDGE('',*,*,#1195,.F.);
#1737=ORIENTED_EDGE('',*,*,#1194,.F.);
#1738=ORIENTED_EDGE('',*,*,#1196,.T.);
#1739=ORIENTED_EDGE('',*,*,#1197,.F.);
#1740=ORIENTED_EDGE('',*,*,#1196,.F.);
#1741=ORIENTED_EDGE('',*,*,#1014,.F.);
#1742=ORIENTED_EDGE('',*,*,#1197,.T.);
#1743=ORIENTED_EDGE('',*,*,#1193,.T.);
#1744=ORIENTED_EDGE('',*,*,#1198,.T.);
#1745=ORIENTED_EDGE('',*,*,#1199,.T.);
#1746=ORIENTED_EDGE('',*,*,#1052,.T.);
#1747=ORIENTED_EDGE('',*,*,#1199,.F.);
#1748=ORIENTED_EDGE('',*,*,#1198,.F.);
#1749=ORIENTED_EDGE('',*,*,#1195,.T.);
#1750=CYLINDRICAL_SURFACE('',#1910,0.15);
#1751=CYLINDRICAL_SURFACE('',#1917,0.15);
#1752=CYLINDRICAL_SURFACE('',#1923,0.15);
#1753=CYLINDRICAL_SURFACE('',#1929,0.15);
#1754=CYLINDRICAL_SURFACE('',#1934,1.475);
#1755=CYLINDRICAL_SURFACE('',#1937,1.47500000000001);
#1756=CYLINDRICAL_SURFACE('',#1941,0.15);
#1757=CYLINDRICAL_SURFACE('',#1947,0.15);
#1758=CYLINDRICAL_SURFACE('',#1952,0.15);
#1759=CYLINDRICAL_SURFACE('',#1958,0.15);
#1760=CYLINDRICAL_SURFACE('',#1969,1.475);
#1761=CYLINDRICAL_SURFACE('',#1971,1.475);
#1762=CYLINDRICAL_SURFACE('',#1972,1.25);
#1763=CYLINDRICAL_SURFACE('',#1975,1.25);
#1764=CYLINDRICAL_SURFACE('',#1978,1.25);
#1765=CYLINDRICAL_SURFACE('',#1979,1.25);
#1766=CYLINDRICAL_SURFACE('',#1991,2.5);
#1767=CYLINDRICAL_SURFACE('',#1994,2.5);
#1768=CYLINDRICAL_SURFACE('',#2018,2.5);
#1769=CYLINDRICAL_SURFACE('',#2022,2.5);
#1770=CYLINDRICAL_SURFACE('',#2023,2.5);
#1771=CYLINDRICAL_SURFACE('',#2024,2.5);
#1772=CYLINDRICAL_SURFACE('',#2025,2.5);
#1773=CYLINDRICAL_SURFACE('',#2026,2.5);
#1774=CYLINDRICAL_SURFACE('',#2030,1.5);
#1775=CYLINDRICAL_SURFACE('',#2034,3.4);
#1776=CYLINDRICAL_SURFACE('',#2037,1.5);
#1777=CYLINDRICAL_SURFACE('',#2041,3.4);
#1778=CYLINDRICAL_SURFACE('',#2044,1.5);
#1779=CYLINDRICAL_SURFACE('',#2048,3.4);
#1780=CYLINDRICAL_SURFACE('',#2051,1.5);
#1781=CYLINDRICAL_SURFACE('',#2055,3.4);
#1782=ADVANCED_FACE('',(#216),#1750,.T.);
#1783=ADVANCED_FACE('',(#217),#208,.T.);
#1784=ADVANCED_FACE('',(#218),#1751,.T.);
#1785=ADVANCED_FACE('',(#219),#209,.T.);
#1786=ADVANCED_FACE('',(#220),#1752,.T.);
#1787=ADVANCED_FACE('',(#221),#210,.T.);
#1788=ADVANCED_FACE('',(#222),#1753,.T.);
#1789=ADVANCED_FACE('',(#223),#211,.T.);
#1790=ADVANCED_FACE('',(#224),#1754,.T.);
#1791=ADVANCED_FACE('',(#225),#172,.T.);
#1792=ADVANCED_FACE('',(#226),#1755,.T.);
#1793=ADVANCED_FACE('',(#227),#173,.T.);
#1794=ADVANCED_FACE('',(#228,#152),#174,.T.);
#1795=ADVANCED_FACE('',(#229),#1756,.F.);
#1796=ADVANCED_FACE('',(#230),#212,.F.);
#1797=ADVANCED_FACE('',(#231),#1757,.F.);
#1798=ADVANCED_FACE('',(#232),#213,.F.);
#1799=ADVANCED_FACE('',(#233),#1758,.F.);
#1800=ADVANCED_FACE('',(#234),#214,.F.);
#1801=ADVANCED_FACE('',(#235),#1759,.F.);
#1802=ADVANCED_FACE('',(#236),#215,.F.);
#1803=ADVANCED_FACE('',(#237),#175,.T.);
#1804=ADVANCED_FACE('',(#238,#153),#176,.F.);
#1805=ADVANCED_FACE('',(#239),#1760,.T.);
#1806=ADVANCED_FACE('',(#240),#177,.T.);
#1807=ADVANCED_FACE('',(#241),#1761,.T.);
#1808=ADVANCED_FACE('',(#242),#1762,.T.);
#1809=ADVANCED_FACE('',(#243),#1763,.T.);
#1810=ADVANCED_FACE('',(#244),#1764,.T.);
#1811=ADVANCED_FACE('',(#245),#1765,.T.);
#1812=ADVANCED_FACE('',(#246),#178,.F.);
#1813=ADVANCED_FACE('',(#247),#179,.F.);
#1814=ADVANCED_FACE('',(#248,#154,#155,#156,#157,#158),#180,.F.);
#1815=ADVANCED_FACE('',(#249,#159,#160),#181,.T.);
#1816=ADVANCED_FACE('',(#250,#161,#162),#182,.T.);
#1817=ADVANCED_FACE('',(#251),#183,.F.);
#1818=ADVANCED_FACE('',(#252),#184,.F.);
#1819=ADVANCED_FACE('',(#253),#1766,.T.);
#1820=ADVANCED_FACE('',(#254),#185,.T.);
#1821=ADVANCED_FACE('',(#255),#1767,.T.);
#1822=ADVANCED_FACE('',(#256),#186,.T.);
#1823=ADVANCED_FACE('',(#257),#187,.F.);
#1824=ADVANCED_FACE('',(#258),#188,.F.);
#1825=ADVANCED_FACE('',(#259),#189,.F.);
#1826=ADVANCED_FACE('',(#260),#190,.F.);
#1827=ADVANCED_FACE('',(#261),#191,.F.);
#1828=ADVANCED_FACE('',(#262),#192,.F.);
#1829=ADVANCED_FACE('',(#263,#163),#193,.F.);
#1830=ADVANCED_FACE('',(#264),#194,.F.);
#1831=ADVANCED_FACE('',(#265),#195,.F.);
#1832=ADVANCED_FACE('',(#266),#196,.F.);
#1833=ADVANCED_FACE('',(#267),#89,.T.);
#1834=ADVANCED_FACE('',(#268),#90,.T.);
#1835=ADVANCED_FACE('',(#269),#91,.T.);
#1836=ADVANCED_FACE('',(#270),#1768,.T.);
#1837=ADVANCED_FACE('',(#271),#92,.T.);
#1838=ADVANCED_FACE('',(#272),#1769,.T.);
#1839=ADVANCED_FACE('',(#273),#1770,.T.);
#1840=ADVANCED_FACE('',(#274),#1771,.T.);
#1841=ADVANCED_FACE('',(#275),#1772,.T.);
#1842=ADVANCED_FACE('',(#276),#1773,.T.);
#1843=ADVANCED_FACE('',(#277),#197,.T.);
#1844=ADVANCED_FACE('',(#278),#198,.T.);
#1845=ADVANCED_FACE('',(#279),#199,.F.);
#1846=ADVANCED_FACE('',(#280),#55,.F.);
#1847=ADVANCED_FACE('',(#281),#56,.F.);
#1848=ADVANCED_FACE('',(#282),#57,.F.);
#1849=ADVANCED_FACE('',(#283),#58,.F.);
#1850=ADVANCED_FACE('',(#284),#59,.F.);
#1851=ADVANCED_FACE('',(#285),#60,.F.);
#1852=ADVANCED_FACE('',(#286),#61,.F.);
#1853=ADVANCED_FACE('',(#287),#62,.F.);
#1854=ADVANCED_FACE('',(#288),#63,.F.);
#1855=ADVANCED_FACE('',(#289),#64,.F.);
#1856=ADVANCED_FACE('',(#290),#65,.F.);
#1857=ADVANCED_FACE('',(#291),#66,.F.);
#1858=ADVANCED_FACE('',(#292),#67,.F.);
#1859=ADVANCED_FACE('',(#293),#68,.F.);
#1860=ADVANCED_FACE('',(#294),#69,.F.);
#1861=ADVANCED_FACE('',(#295),#70,.F.);
#1862=ADVANCED_FACE('',(#296),#71,.F.);
#1863=ADVANCED_FACE('',(#297),#72,.F.);
#1864=ADVANCED_FACE('',(#298),#73,.T.);
#1865=ADVANCED_FACE('',(#299),#1774,.F.);
#1866=ADVANCED_FACE('',(#300,#164),#200,.F.);
#1867=ADVANCED_FACE('',(#301),#1775,.T.);
#1868=ADVANCED_FACE('',(#302,#165),#201,.T.);
#1869=ADVANCED_FACE('',(#303),#1776,.F.);
#1870=ADVANCED_FACE('',(#304),#74,.F.);
#1871=ADVANCED_FACE('',(#305,#166),#202,.T.);
#1872=ADVANCED_FACE('',(#306),#1777,.T.);
#1873=ADVANCED_FACE('',(#307,#167),#203,.F.);
#1874=ADVANCED_FACE('',(#308),#75,.F.);
#1875=ADVANCED_FACE('',(#309),#76,.F.);
#1876=ADVANCED_FACE('',(#310),#77,.F.);
#1877=ADVANCED_FACE('',(#311),#78,.F.);
#1878=ADVANCED_FACE('',(#312),#79,.F.);
#1879=ADVANCED_FACE('',(#313),#80,.F.);
#1880=ADVANCED_FACE('',(#314),#81,.F.);
#1881=ADVANCED_FACE('',(#315),#82,.F.);
#1882=ADVANCED_FACE('',(#316),#83,.F.);
#1883=ADVANCED_FACE('',(#317),#84,.F.);
#1884=ADVANCED_FACE('',(#318),#85,.F.);
#1885=ADVANCED_FACE('',(#319),#86,.F.);
#1886=ADVANCED_FACE('',(#320),#87,.F.);
#1887=ADVANCED_FACE('',(#321),#1778,.F.);
#1888=ADVANCED_FACE('',(#322,#168),#204,.T.);
#1889=ADVANCED_FACE('',(#323),#1779,.T.);
#1890=ADVANCED_FACE('',(#324,#169),#205,.F.);
#1891=ADVANCED_FACE('',(#325),#1780,.F.);
#1892=ADVANCED_FACE('',(#326),#88,.T.);
#1893=ADVANCED_FACE('',(#327,#170),#206,.F.);
#1894=ADVANCED_FACE('',(#328),#1781,.T.);
#1895=ADVANCED_FACE('',(#329,#171),#207,.T.);
#1896=CLOSED_SHELL('',(#1782,#1783,#1784,#1785,#1786,#1787,#1788,#1789,
#1790,#1791,#1792,#1793,#1794,#1795,#1796,#1797,#1798,#1799,#1800,#1801,
#1802,#1803,#1804,#1805,#1806,#1807,#1808,#1809,#1810,#1811,#1812,#1813,
#1814,#1815,#1816,#1817,#1818,#1819,#1820,#1821,#1822,#1823,#1824,#1825,
#1826,#1827,#1828,#1829,#1830,#1831,#1832,#1833,#1834,#1835,#1836,#1837,
#1838,#1839,#1840,#1841,#1842,#1843,#1844,#1845,#1846,#1847,#1848,#1849,
#1850,#1851,#1852,#1853,#1854,#1855,#1856,#1857,#1858,#1859,#1860,#1861,
#1862,#1863,#1864,#1865,#1866,#1867,#1868,#1869,#1870,#1871,#1872,#1873,
#1874,#1875,#1876,#1877,#1878,#1879,#1880,#1881,#1882,#1883,#1884,#1885,
#1886,#1887,#1888,#1889,#1890,#1891,#1892,#1893,#1894,#1895));
#1897=DERIVED_UNIT_ELEMENT(#1899,1.);
#1898=DERIVED_UNIT_ELEMENT(#4892,-3.);
#1899=(
MASS_UNIT()
NAMED_UNIT(*)
SI_UNIT(.KILO.,.GRAM.)
);
#1900=DERIVED_UNIT((#1897,#1898));
#1901=MEASURE_REPRESENTATION_ITEM('density measure',
POSITIVE_RATIO_MEASURE(7850.),#1900);
#1902=PROPERTY_DEFINITION_REPRESENTATION(#1907,#1904);
#1903=PROPERTY_DEFINITION_REPRESENTATION(#1908,#1905);
#1904=REPRESENTATION('material name',(#1906),#4889);
#1905=REPRESENTATION('density',(#1901),#4889);
#1906=DESCRIPTIVE_REPRESENTATION_ITEM('Steel','Steel');
#1907=PROPERTY_DEFINITION('material property','material name',#4899);
#1908=PROPERTY_DEFINITION('material property','density of part',#4899);
#1909=AXIS2_PLACEMENT_3D('',#2468,#2058,#2059);
#1910=AXIS2_PLACEMENT_3D('',#2469,#2060,#2061);
#1911=AXIS2_PLACEMENT_3D('',#2472,#2062,#2063);
#1912=AXIS2_PLACEMENT_3D('',#2476,#2065,#2066);
#1913=AXIS2_PLACEMENT_3D('',#2478,#2068,#2069);
#1914=AXIS2_PLACEMENT_3D('',#2481,#2070,#2071);
#1915=AXIS2_PLACEMENT_3D('',#2482,#2072,#2073);
#1916=AXIS2_PLACEMENT_3D('',#2483,#2074,#2075);
#1917=AXIS2_PLACEMENT_3D('',#2484,#2076,#2077);
#1918=AXIS2_PLACEMENT_3D('',#2487,#2078,#2079);
#1919=AXIS2_PLACEMENT_3D('',#2490,#2082,#2083);
#1920=AXIS2_PLACEMENT_3D('',#2493,#2084,#2085);
#1921=AXIS2_PLACEMENT_3D('',#2494,#2086,#2087);
#1922=AXIS2_PLACEMENT_3D('',#2495,#2088,#2089);
#1923=AXIS2_PLACEMENT_3D('',#2496,#2090,#2091);
#1924=AXIS2_PLACEMENT_3D('',#2499,#2092,#2093);
#1925=AXIS2_PLACEMENT_3D('',#2502,#2096,#2097);
#1926=AXIS2_PLACEMENT_3D('',#2505,#2098,#2099);
#1927=AXIS2_PLACEMENT_3D('',#2506,#2100,#2101);
#1928=AXIS2_PLACEMENT_3D('',#2507,#2102,#2103);
#1929=AXIS2_PLACEMENT_3D('',#2508,#2104,#2105);
#1930=AXIS2_PLACEMENT_3D('',#2511,#2106,#2107);
#1931=AXIS2_PLACEMENT_3D('',#2514,#2110,#2111);
#1932=AXIS2_PLACEMENT_3D('',#2515,#2112,#2113);
#1933=AXIS2_PLACEMENT_3D('',#2516,#2114,#2115);
#1934=AXIS2_PLACEMENT_3D('',#2517,#2116,#2117);
#1935=AXIS2_PLACEMENT_3D('',#2521,#2119,#2120);
#1936=AXIS2_PLACEMENT_3D('',#2523,#2122,#2123);
#1937=AXIS2_PLACEMENT_3D('',#2527,#2126,#2127);
#1938=AXIS2_PLACEMENT_3D('',#2530,#2129,#2130);
#1939=AXIS2_PLACEMENT_3D('',#2531,#2131,#2132);
#1940=AXIS2_PLACEMENT_3D('',#2535,#2135,#2136);
#1941=AXIS2_PLACEMENT_3D('',#2544,#2141,#2142);
#1942=AXIS2_PLACEMENT_3D('',#2547,#2143,#2144);
#1943=AXIS2_PLACEMENT_3D('',#2550,#2146,#2147);
#1944=AXIS2_PLACEMENT_3D('',#2552,#2149,#2150);
#1945=AXIS2_PLACEMENT_3D('',#2554,#2151,#2152);
#1946=AXIS2_PLACEMENT_3D('',#2555,#2153,#2154);
#1947=AXIS2_PLACEMENT_3D('',#2556,#2155,#2156);
#1948=AXIS2_PLACEMENT_3D('',#2558,#2157,#2158);
#1949=AXIS2_PLACEMENT_3D('',#2560,#2160,#2161);
#1950=AXIS2_PLACEMENT_3D('',#2562,#2162,#2163);
#1951=AXIS2_PLACEMENT_3D('',#2563,#2164,#2165);
#1952=AXIS2_PLACEMENT_3D('',#2564,#2166,#2167);
#1953=AXIS2_PLACEMENT_3D('',#2566,#2168,#2169);
#1954=AXIS2_PLACEMENT_3D('',#2568,#2171,#2172);
#1955=AXIS2_PLACEMENT_3D('',#2571,#2173,#2174);
#1956=AXIS2_PLACEMENT_3D('',#2572,#2175,#2176);
#1957=AXIS2_PLACEMENT_3D('',#2573,#2177,#2178);
#1958=AXIS2_PLACEMENT_3D('',#2574,#2179,#2180);
#1959=AXIS2_PLACEMENT_3D('',#2577,#2181,#2182);
#1960=AXIS2_PLACEMENT_3D('',#2580,#2185,#2186);
#1961=AXIS2_PLACEMENT_3D('',#2581,#2187,#2188);
#1962=AXIS2_PLACEMENT_3D('',#2582,#2189,#2190);
#1963=AXIS2_PLACEMENT_3D('',#2583,#2191,#2192);
#1964=AXIS2_PLACEMENT_3D('',#2585,#2194,#2195);
#1965=AXIS2_PLACEMENT_3D('',#2588,#2196,#2197);
#1966=AXIS2_PLACEMENT_3D('',#2592,#2199,#2200);
#1967=AXIS2_PLACEMENT_3D('',#2596,#2202,#2203);
#1968=AXIS2_PLACEMENT_3D('',#2600,#2205,#2206);
#1969=AXIS2_PLACEMENT_3D('',#2602,#2208,#2209);
#1970=AXIS2_PLACEMENT_3D('',#2604,#2211,#2212);
#1971=AXIS2_PLACEMENT_3D('',#2606,#2214,#2215);
#1972=AXIS2_PLACEMENT_3D('',#2607,#2216,#2217);
#1973=AXIS2_PLACEMENT_3D('',#2612,#2219,#2220);
#1974=AXIS2_PLACEMENT_3D('',#2615,#2222,#2223);
#1975=AXIS2_PLACEMENT_3D('',#2616,#2224,#2225);
#1976=AXIS2_PLACEMENT_3D('',#2621,#2227,#2228);
#1977=AXIS2_PLACEMENT_3D('',#2624,#2230,#2231);
#1978=AXIS2_PLACEMENT_3D('',#2625,#2232,#2233);
#1979=AXIS2_PLACEMENT_3D('',#2628,#2236,#2237);
#1980=AXIS2_PLACEMENT_3D('',#2631,#2240,#2241);
#1981=AXIS2_PLACEMENT_3D('',#2637,#2245,#2246);
#1982=AXIS2_PLACEMENT_3D('',#2641,#2249,#2250);
#1983=AXIS2_PLACEMENT_3D('',#2912,#2255,#2256);
#1984=AXIS2_PLACEMENT_3D('',#2922,#2261,#2262);
#1985=AXIS2_PLACEMENT_3D('',#2924,#2263,#2264);
#1986=AXIS2_PLACEMENT_3D('',#2925,#2265,#2266);
#1987=AXIS2_PLACEMENT_3D('',#2935,#2271,#2272);
#1988=AXIS2_PLACEMENT_3D('',#2937,#2273,#2274);
#1989=AXIS2_PLACEMENT_3D('',#2938,#2275,#2276);
#1990=AXIS2_PLACEMENT_3D('',#2946,#2282,#2283);
#1991=AXIS2_PLACEMENT_3D('',#2948,#2285,#2286);
#1992=AXIS2_PLACEMENT_3D('',#2952,#2288,#2289);
#1993=AXIS2_PLACEMENT_3D('',#2954,#2291,#2292);
#1994=AXIS2_PLACEMENT_3D('',#2958,#2295,#2296);
#1995=AXIS2_PLACEMENT_3D('',#2961,#2298,#2299);
#1996=AXIS2_PLACEMENT_3D('',#2962,#2300,#2301);
#1997=AXIS2_PLACEMENT_3D('',#2966,#2304,#2305);
#1998=AXIS2_PLACEMENT_3D('',#2978,#2312,#2313);
#1999=AXIS2_PLACEMENT_3D('',#2982,#2316,#2317);
#2000=AXIS2_PLACEMENT_3D('',#2988,#2321,#2322);
#2001=AXIS2_PLACEMENT_3D('',#2992,#2325,#2326);
#2002=AXIS2_PLACEMENT_3D('',#2997,#2330,#2331);
#2003=AXIS2_PLACEMENT_3D('',#2999,#2333,#2334);
#2004=AXIS2_PLACEMENT_3D('',#3003,#2337,#2338);
#2005=AXIS2_PLACEMENT_3D('',#3005,#2340,#2341);
#2006=AXIS2_PLACEMENT_3D('',#3007,#2343,#2344);
#2007=AXIS2_PLACEMENT_3D('',#3008,#2345,#2346);
#2008=AXIS2_PLACEMENT_3D('',#3010,#2347,#2348);
#2009=AXIS2_PLACEMENT_3D('',#3011,#2349,#2350);
#2010=AXIS2_PLACEMENT_3D('',#3012,#2351,#2352);
#2011=AXIS2_PLACEMENT_3D('',#3013,#2353,#2354);
#2012=AXIS2_PLACEMENT_3D('',#3016,#2355,#2356);
#2013=AXIS2_PLACEMENT_3D('',#3017,#2357,#2358);
#2014=AXIS2_PLACEMENT_3D('',#3018,#2359,#2360);
#2015=AXIS2_PLACEMENT_3D('',#3019,#2361,#2362);
#2016=AXIS2_PLACEMENT_3D('',#3020,#2363,#2364);
#2017=AXIS2_PLACEMENT_3D('',#3021,#2365,#2366);
#2018=AXIS2_PLACEMENT_3D('',#3022,#2367,#2368);
#2019=AXIS2_PLACEMENT_3D('',#3023,#2369,#2370);
#2020=AXIS2_PLACEMENT_3D('',#3024,#2371,#2372);
#2021=AXIS2_PLACEMENT_3D('',#3025,#2373,#2374);
#2022=AXIS2_PLACEMENT_3D('',#3026,#2375,#2376);
#2023=AXIS2_PLACEMENT_3D('',#3027,#2377,#2378);
#2024=AXIS2_PLACEMENT_3D('',#3029,#2380,#2381);
#2025=AXIS2_PLACEMENT_3D('',#3031,#2383,#2384);
#2026=AXIS2_PLACEMENT_3D('',#3034,#2387,#2388);
#2027=AXIS2_PLACEMENT_3D('',#3036,#2390,#2391);
#2028=AXIS2_PLACEMENT_3D('',#3037,#2392,#2393);
#2029=AXIS2_PLACEMENT_3D('',#3038,#2394,#2395);
#2030=AXIS2_PLACEMENT_3D('',#4021,#2399,#2400);
#2031=AXIS2_PLACEMENT_3D('',#4023,#2401,#2402);
#2032=AXIS2_PLACEMENT_3D('',#4026,#2404,#2405);
#2033=AXIS2_PLACEMENT_3D('',#4027,#2406,#2407);
#2034=AXIS2_PLACEMENT_3D('',#4028,#2408,#2409);
#2035=AXIS2_PLACEMENT_3D('',#4030,#2410,#2411);
#2036=AXIS2_PLACEMENT_3D('',#4032,#2413,#2414);
#2037=AXIS2_PLACEMENT_3D('',#4033,#2415,#2416);
#2038=AXIS2_PLACEMENT_3D('',#4035,#2417,#2418);
#2039=AXIS2_PLACEMENT_3D('',#4038,#2420,#2421);
#2040=AXIS2_PLACEMENT_3D('',#4101,#2423,#2424);
#2041=AXIS2_PLACEMENT_3D('',#4102,#2425,#2426);
#2042=AXIS2_PLACEMENT_3D('',#4104,#2427,#2428);
#2043=AXIS2_PLACEMENT_3D('',#4106,#2430,#2431);
#2044=AXIS2_PLACEMENT_3D('',#4801,#2435,#2436);
#2045=AXIS2_PLACEMENT_3D('',#4803,#2437,#2438);
#2046=AXIS2_PLACEMENT_3D('',#4806,#2440,#2441);
#2047=AXIS2_PLACEMENT_3D('',#4807,#2442,#2443);
#2048=AXIS2_PLACEMENT_3D('',#4808,#2444,#2445);
#2049=AXIS2_PLACEMENT_3D('',#4810,#2446,#2447);
#2050=AXIS2_PLACEMENT_3D('',#4812,#2449,#2450);
#2051=AXIS2_PLACEMENT_3D('',#4813,#2451,#2452);
#2052=AXIS2_PLACEMENT_3D('',#4815,#2453,#2454);
#2053=AXIS2_PLACEMENT_3D('',#4818,#2456,#2457);
#2054=AXIS2_PLACEMENT_3D('',#4881,#2459,#2460);
#2055=AXIS2_PLACEMENT_3D('',#4882,#2461,#2462);
#2056=AXIS2_PLACEMENT_3D('',#4884,#2463,#2464);
#2057=AXIS2_PLACEMENT_3D('',#4886,#2466,#2467);
#2058=DIRECTION('axis',(0.,0.,1.));
#2059=DIRECTION('refdir',(1.,0.,0.));
#2060=DIRECTION('center_axis',(1.,-5.19402584619956E-17,0.));
#2061=DIRECTION('ref_axis',(0.,-0.70710678118654,0.707106781186555));
#2062=DIRECTION('center_axis',(1.,1.24900090270333E-14,0.));
#2063=DIRECTION('ref_axis',(0.,0.,1.));
#2064=DIRECTION('',(1.,-5.19402584619956E-17,0.));
#2065=DIRECTION('center_axis',(-1.,0.,0.));
#2066=DIRECTION('ref_axis',(0.,-1.,0.));
#2067=DIRECTION('',(-1.,5.19402584619956E-17,0.));
#2068=DIRECTION('center_axis',(0.,0.,1.));
#2069=DIRECTION('ref_axis',(1.,0.,0.));
#2070=DIRECTION('center_axis',(0.,-1.,0.));
#2071=DIRECTION('ref_axis',(1.,0.,0.));
#2072=DIRECTION('center_axis',(0.,0.,-1.));
#2073=DIRECTION('ref_axis',(0.707106781186543,-0.707106781186552,0.));
#2074=DIRECTION('center_axis',(0.,0.,1.));
#2075=DIRECTION('ref_axis',(0.707106781186543,-0.707106781186552,0.));
#2076=DIRECTION('center_axis',(-3.58859967555606E-16,1.,0.));
#2077=DIRECTION('ref_axis',(0.707106781186561,0.,0.707106781186534));
#2078=DIRECTION('center_axis',(0.,-1.,0.));
#2079=DIRECTION('ref_axis',(1.,0.,0.));
#2080=DIRECTION('',(3.58859967555606E-16,-1.,0.));
#2081=DIRECTION('',(-3.58859967555606E-16,1.,0.));
#2082=DIRECTION('center_axis',(0.,0.,1.));
#2083=DIRECTION('ref_axis',(1.,0.,0.));
#2084=DIRECTION('center_axis',(1.,0.,0.));
#2085=DIRECTION('ref_axis',(0.,1.,0.));
#2086=DIRECTION('center_axis',(0.,0.,-1.));
#2087=DIRECTION('ref_axis',(0.707106781186536,0.707106781186559,0.));
#2088=DIRECTION('center_axis',(0.,0.,1.));
#2089=DIRECTION('ref_axis',(0.707106781186535,0.70710678118656,0.));
#2090=DIRECTION('center_axis',(-1.,4.15522067695965E-16,0.));
#2091=DIRECTION('ref_axis',(0.,0.707106781186561,0.707106781186534));
#2092=DIRECTION('center_axis',(1.,0.,0.));
#2093=DIRECTION('ref_axis',(0.,1.,0.));
#2094=DIRECTION('',(1.,-4.15522067695965E-16,0.));
#2095=DIRECTION('',(-1.,4.15522067695965E-16,0.));
#2096=DIRECTION('center_axis',(0.,0.,1.));
#2097=DIRECTION('ref_axis',(1.,0.,0.));
#2098=DIRECTION('center_axis',(0.,1.,0.));
#2099=DIRECTION('ref_axis',(-1.,0.,0.));
#2100=DIRECTION('center_axis',(0.,0.,-1.));
#2101=DIRECTION('ref_axis',(-0.707106781186549,0.707106781186546,0.));
#2102=DIRECTION('center_axis',(0.,0.,1.));
#2103=DIRECTION('ref_axis',(-0.707106781186549,0.707106781186546,0.));
#2104=DIRECTION('center_axis',(1.90644357763916E-16,-1.,0.));
#2105=DIRECTION('ref_axis',(-0.70710678118655,0.,0.707106781186545));
#2106=DIRECTION('center_axis',(0.,1.,0.));
#2107=DIRECTION('ref_axis',(-1.,0.,0.));
#2108=DIRECTION('',(-1.90644357763916E-16,1.,0.));
#2109=DIRECTION('',(1.90644357763916E-16,-1.,0.));
#2110=DIRECTION('center_axis',(0.,0.,1.));
#2111=DIRECTION('ref_axis',(1.,0.,0.));
#2112=DIRECTION('center_axis',(0.,0.,-1.));
#2113=DIRECTION('ref_axis',(-0.707106781186547,-0.707106781186549,0.));
#2114=DIRECTION('center_axis',(0.,0.,1.));
#2115=DIRECTION('ref_axis',(-0.707106781186547,-0.707106781186548,0.));
#2116=DIRECTION('center_axis',(0.,0.,1.));
#2117=DIRECTION('ref_axis',(1.,1.1842378929335E-14,0.));
#2118=DIRECTION('',(0.,0.,1.));
#2119=DIRECTION('center_axis',(0.,0.,-1.));
#2120=DIRECTION('ref_axis',(0.707106781186536,0.70710678118656,0.));
#2121=DIRECTION('',(0.,0.,1.));
#2122=DIRECTION('center_axis',(1.,3.58859967555606E-16,0.));
#2123=DIRECTION('ref_axis',(-3.58859967555606E-16,1.,0.));
#2124=DIRECTION('',(0.,0.,1.));
#2125=DIRECTION('',(3.58859967555606E-16,-1.,0.));
#2126=DIRECTION('center_axis',(0.,0.,1.));
#2127=DIRECTION('ref_axis',(0.,-1.,0.));
#2128=DIRECTION('',(0.,0.,1.));
#2129=DIRECTION('center_axis',(0.,0.,-1.));
#2130=DIRECTION('ref_axis',(0.707106781186543,-0.707106781186552,0.));
#2131=DIRECTION('center_axis',(-5.19402584619956E-17,-1.,0.));
#2132=DIRECTION('ref_axis',(1.,-5.19402584619956E-17,0.));
#2133=DIRECTION('',(0.,0.,1.));
#2134=DIRECTION('',(-1.,5.19402584619956E-17,0.));
#2135=DIRECTION('center_axis',(0.,0.,1.));
#2136=DIRECTION('ref_axis',(1.,0.,0.));
#2137=DIRECTION('',(1.,-9.81412618453177E-17,0.));
#2138=DIRECTION('',(3.87050228768403E-16,-1.,0.));
#2139=DIRECTION('',(-1.,1.96282523690635E-16,0.));
#2140=DIRECTION('',(0.,1.,0.));
#2141=DIRECTION('center_axis',(1.,-4.15522067695965E-16,0.));
#2142=DIRECTION('ref_axis',(0.,-0.707106781186563,-0.707106781186532));
#2143=DIRECTION('center_axis',(-1.,0.,0.));
#2144=DIRECTION('ref_axis',(0.,0.,-1.));
#2145=DIRECTION('',(1.,-4.15522067695965E-16,0.));
#2146=DIRECTION('center_axis',(1.,0.,0.));
#2147=DIRECTION('ref_axis',(0.,-1.,0.));
#2148=DIRECTION('',(-1.,4.15522067695965E-16,0.));
#2149=DIRECTION('center_axis',(0.,0.,-1.));
#2150=DIRECTION('ref_axis',(-1.,0.,0.));
#2151=DIRECTION('center_axis',(0.,-1.,0.));
#2152=DIRECTION('ref_axis',(-1.,0.,0.));
#2153=DIRECTION('center_axis',(0.,0.,1.));
#2154=DIRECTION('ref_axis',(0.707106781186535,0.70710678118656,0.));
#2155=DIRECTION('center_axis',(3.58859967555606E-16,-1.,0.));
#2156=DIRECTION('ref_axis',(-0.707106781186563,0.,-0.707106781186532));
#2157=DIRECTION('center_axis',(0.,-1.,0.));
#2158=DIRECTION('ref_axis',(-1.,0.,0.));
#2159=DIRECTION('',(-3.58859967555606E-16,1.,0.));
#2160=DIRECTION('center_axis',(0.,0.,-1.));
#2161=DIRECTION('ref_axis',(-1.,0.,0.));
#2162=DIRECTION('center_axis',(-1.,0.,0.));
#2163=DIRECTION('ref_axis',(0.,1.,0.));
#2164=DIRECTION('center_axis',(0.,0.,1.));
#2165=DIRECTION('ref_axis',(0.707106781186543,-0.707106781186552,0.));
#2166=DIRECTION('center_axis',(-1.,5.19402584619956E-17,0.));
#2167=DIRECTION('ref_axis',(0.,0.707106781186542,-0.707106781186553));
#2168=DIRECTION('center_axis',(-1.,1.24900090270329E-14,0.));
#2169=DIRECTION('ref_axis',(1.24900090270329E-14,1.,0.));
#2170=DIRECTION('',(1.,-5.19402584619956E-17,0.));
#2171=DIRECTION('center_axis',(0.,0.,-1.));
#2172=DIRECTION('ref_axis',(-1.,0.,0.));
#2173=DIRECTION('center_axis',(0.,1.,0.));
#2174=DIRECTION('ref_axis',(1.,0.,0.));
#2175=DIRECTION('center_axis',(0.,0.,1.));
#2176=DIRECTION('ref_axis',(-0.707106781186547,-0.707106781186548,0.));
#2177=DIRECTION('center_axis',(0.,0.,-1.));
#2178=DIRECTION('ref_axis',(-0.707106781186547,-0.707106781186548,0.));
#2179=DIRECTION('center_axis',(-1.90644357763916E-16,1.,0.));
#2180=DIRECTION('ref_axis',(0.707106781186542,0.,-0.707106781186553));
#2181=DIRECTION('center_axis',(0.,1.,0.));
#2182=DIRECTION('ref_axis',(1.,0.,0.));
#2183=DIRECTION('',(1.90644357763916E-16,-1.,0.));
#2184=DIRECTION('',(-1.90644357763916E-16,1.,0.));
#2185=DIRECTION('center_axis',(0.,0.,-1.));
#2186=DIRECTION('ref_axis',(-1.,0.,0.));
#2187=DIRECTION('center_axis',(0.,0.,1.));
#2188=DIRECTION('ref_axis',(-0.707106781186549,0.707106781186546,0.));
#2189=DIRECTION('center_axis',(0.,0.,-1.));
#2190=DIRECTION('ref_axis',(-0.707106781186549,0.707106781186546,0.));
#2191=DIRECTION('center_axis',(4.15522067695965E-16,1.,0.));
#2192=DIRECTION('ref_axis',(-1.,4.15522067695965E-16,0.));
#2193=DIRECTION('',(0.,0.,1.));
#2194=DIRECTION('center_axis',(0.,0.,-1.));
#2195=DIRECTION('ref_axis',(-1.,0.,0.));
#2196=DIRECTION('center_axis',(0.,0.,-1.));
#2197=DIRECTION('ref_axis',(0.707106781186547,0.707106781186547,0.));
#2198=DIRECTION('',(1.,-1.96282523690635E-16,0.));
#2199=DIRECTION('center_axis',(0.,0.,-1.));
#2200=DIRECTION('ref_axis',(-0.707106781186548,0.707106781186547,0.));
#2201=DIRECTION('',(-3.87050228768403E-16,1.,0.));
#2202=DIRECTION('center_axis',(0.,0.,-1.));
#2203=DIRECTION('ref_axis',(-0.707106781186547,-0.707106781186547,0.));
#2204=DIRECTION('',(-1.,9.81412618453177E-17,0.));
#2205=DIRECTION('center_axis',(0.,0.,-1.));
#2206=DIRECTION('ref_axis',(0.707106781186547,-0.707106781186547,0.));
#2207=DIRECTION('',(0.,-1.,0.));
#2208=DIRECTION('center_axis',(0.,0.,1.));
#2209=DIRECTION('ref_axis',(-1.,0.,0.));
#2210=DIRECTION('',(0.,0.,1.));
#2211=DIRECTION('center_axis',(-1.,-1.90644357763916E-16,0.));
#2212=DIRECTION('ref_axis',(1.90644357763916E-16,-1.,0.));
#2213=DIRECTION('',(0.,0.,1.));
#2214=DIRECTION('center_axis',(0.,0.,1.));
#2215=DIRECTION('ref_axis',(-4.44089209850062E-15,1.,0.));
#2216=DIRECTION('center_axis',(1.,0.,0.));
#2217=DIRECTION('ref_axis',(0.,0.707106781186547,-0.707106781186547));
#2218=DIRECTION('',(-1.,0.,0.));
#2219=DIRECTION('center_axis',(0.707106781186548,-0.707106781186548,0.));
#2220=DIRECTION('ref_axis',(-0.707106781186547,-0.707106781186547,0.));
#2221=DIRECTION('',(1.,0.,0.));
#2222=DIRECTION('center_axis',(0.707106781186548,0.707106781186548,5.02429586778808E-15));
#2223=DIRECTION('ref_axis',(0.707106781186547,-0.707106781186547,5.02429586778808E-15));
#2224=DIRECTION('center_axis',(-1.,0.,0.));
#2225=DIRECTION('ref_axis',(0.,-0.707106781186547,-0.707106781186547));
#2226=DIRECTION('',(1.,0.,0.));
#2227=DIRECTION('center_axis',(-0.707106781186548,0.707106781186548,0.));
#2228=DIRECTION('ref_axis',(0.707106781186547,0.707106781186547,0.));
#2229=DIRECTION('',(-1.,0.,0.));
#2230=DIRECTION('center_axis',(0.707106781186548,0.707106781186547,-1.25607396694702E-15));
#2231=DIRECTION('ref_axis',(0.707106781186547,-0.707106781186548,1.25607396694702E-15));
#2232=DIRECTION('center_axis',(0.,1.,0.));
#2233=DIRECTION('ref_axis',(-0.707106781186547,0.,-0.707106781186547));
#2234=DIRECTION('',(0.,1.,0.));
#2235=DIRECTION('',(0.,-1.,0.));
#2236=DIRECTION('center_axis',(4.82705662880503E-17,-1.,0.));
#2237=DIRECTION('ref_axis',(0.707106781186547,0.,-0.707106781186547));
#2238=DIRECTION('',(-4.82705662880503E-17,1.,0.));
#2239=DIRECTION('',(4.82705662880503E-17,-1.,0.));
#2240=DIRECTION('center_axis',(-1.,-4.82705662880503E-17,0.));
#2241=DIRECTION('ref_axis',(4.82705662880503E-17,-1.,0.));
#2242=DIRECTION('',(0.,0.,1.));
#2243=DIRECTION('',(4.82705662880503E-17,-1.,0.));
#2244=DIRECTION('',(0.,0.,1.));
#2245=DIRECTION('center_axis',(0.,1.,0.));
#2246=DIRECTION('ref_axis',(-1.,0.,0.));
#2247=DIRECTION('',(0.,0.,1.));
#2248=DIRECTION('',(-1.,0.,0.));
#2249=DIRECTION('center_axis',(0.,0.,1.));
#2250=DIRECTION('ref_axis',(1.,0.,0.));
#2251=DIRECTION('',(-1.,1.96282523690635E-16,0.));
#2252=DIRECTION('',(0.,1.,0.));
#2253=DIRECTION('',(1.,-9.81412618453177E-17,0.));
#2254=DIRECTION('',(3.87050228768403E-16,-1.,0.));
#2255=DIRECTION('center_axis',(0.,0.,1.));
#2256=DIRECTION('ref_axis',(1.,0.,0.));
#2257=DIRECTION('',(0.,-1.,0.));
#2258=DIRECTION('',(-1.,9.81412618453177E-17,0.));
#2259=DIRECTION('',(0.,-1.,0.));
#2260=DIRECTION('',(1.,-1.96282523690635E-16,0.));
#2261=DIRECTION('center_axis',(0.,0.,1.));
#2262=DIRECTION('ref_axis',(-1.,3.92565047381271E-16,0.));
#2263=DIRECTION('center_axis',(0.,0.,1.));
#2264=DIRECTION('ref_axis',(-1.,0.,0.));
#2265=DIRECTION('center_axis',(0.,0.,1.));
#2266=DIRECTION('ref_axis',(1.,0.,0.));
#2267=DIRECTION('',(-1.53588165461978E-16,1.,0.));
#2268=DIRECTION('',(1.,-1.96282523690635E-16,0.));
#2269=DIRECTION('',(-3.87050228768403E-16,1.,0.));
#2270=DIRECTION('',(-1.,9.81412618453177E-17,0.));
#2271=DIRECTION('center_axis',(0.,0.,1.));
#2272=DIRECTION('ref_axis',(1.,1.16666550491808E-15,0.));
#2273=DIRECTION('center_axis',(0.,0.,1.));
#2274=DIRECTION('ref_axis',(1.,7.74100457536806E-16,0.));
#2275=DIRECTION('center_axis',(-9.81412618453177E-17,-1.,0.));
#2276=DIRECTION('ref_axis',(1.,-9.81412618453177E-17,0.));
#2277=DIRECTION('',(0.,0.,-1.));
#2278=DIRECTION('',(0.,0.,1.));
#2279=DIRECTION('',(-1.,9.81412618453177E-17,0.));
#2280=DIRECTION('',(0.,0.,-1.));
#2281=DIRECTION('',(0.,0.,1.));
#2282=DIRECTION('center_axis',(1.,0.,0.));
#2283=DIRECTION('ref_axis',(0.,1.,0.));
#2284=DIRECTION('',(0.,0.,1.));
#2285=DIRECTION('center_axis',(0.,0.,1.));
#2286=DIRECTION('ref_axis',(-0.707106781186547,-0.707106781186547,0.));
#2287=DIRECTION('',(0.,0.,-1.));
#2288=DIRECTION('center_axis',(0.,0.,-1.));
#2289=DIRECTION('ref_axis',(-1.,0.,0.));
#2290=DIRECTION('',(0.,0.,1.));
#2291=DIRECTION('center_axis',(-1.,-3.87050228768403E-16,0.));
#2292=DIRECTION('ref_axis',(3.87050228768403E-16,-1.,0.));
#2293=DIRECTION('',(0.,0.,1.));
#2294=DIRECTION('',(-3.87050228768403E-16,1.,0.));
#2295=DIRECTION('center_axis',(0.,0.,1.));
#2296=DIRECTION('ref_axis',(-0.707106781186548,0.707106781186547,0.));
#2297=DIRECTION('',(0.,0.,-1.));
#2298=DIRECTION('center_axis',(0.,0.,-1.));
#2299=DIRECTION('ref_axis',(1.94289029309402E-16,1.,0.));
#2300=DIRECTION('center_axis',(1.96282523690635E-16,1.,0.));
#2301=DIRECTION('ref_axis',(-1.,1.96282523690635E-16,0.));
#2302=DIRECTION('',(0.,0.,1.));
#2303=DIRECTION('',(1.,-1.96282523690635E-16,0.));
#2304=DIRECTION('center_axis',(1.,0.,0.));
#2305=DIRECTION('ref_axis',(0.,1.,0.));
#2306=DIRECTION('',(0.,0.,-1.));
#2307=DIRECTION('',(0.,1.,0.));
#2308=DIRECTION('',(0.,0.,1.));
#2309=DIRECTION('',(0.,-1.,0.));
#2310=DIRECTION('',(0.,0.,1.));
#2311=DIRECTION('',(0.,1.,0.));
#2312=DIRECTION('center_axis',(0.,0.,1.));
#2313=DIRECTION('ref_axis',(1.,0.,0.));
#2314=DIRECTION('',(1.,-1.27611841910938E-16,0.));
#2315=DIRECTION('',(1.53588165461978E-16,-1.,0.));
#2316=DIRECTION('center_axis',(0.,0.,1.));
#2317=DIRECTION('ref_axis',(1.,0.,0.));
#2318=DIRECTION('',(1.,-1.96282523690635E-16,0.));
#2319=DIRECTION('',(1.53588165461978E-16,-1.,0.));
#2320=DIRECTION('',(-1.,0.,0.));
#2321=DIRECTION('center_axis',(-1.27611841910938E-16,-1.,0.));
#2322=DIRECTION('ref_axis',(1.,-1.27611841910938E-16,0.));
#2323=DIRECTION('',(-1.,1.27611841910938E-16,0.));
#2324=DIRECTION('',(0.,0.,1.));
#2325=DIRECTION('center_axis',(-1.,-1.53588165461978E-16,0.));
#2326=DIRECTION('ref_axis',(1.53588165461978E-16,-1.,0.));
#2327=DIRECTION('',(0.,0.,1.));
#2328=DIRECTION('',(-1.53588165461978E-16,1.,0.));
#2329=DIRECTION('',(0.,0.,1.));
#2330=DIRECTION('center_axis',(0.,1.,0.));
#2331=DIRECTION('ref_axis',(-1.,0.,0.));
#2332=DIRECTION('',(1.,0.,0.));
#2333=DIRECTION('center_axis',(0.,0.,-1.));
#2334=DIRECTION('ref_axis',(-1.,0.,0.));
#2335=DIRECTION('',(0.,1.,0.));
#2336=DIRECTION('',(1.,0.,0.));
#2337=DIRECTION('center_axis',(1.,0.,0.));
#2338=DIRECTION('ref_axis',(0.,1.,0.));
#2339=DIRECTION('',(0.,0.,1.));
#2340=DIRECTION('center_axis',(1.96282523690635E-16,1.,0.));
#2341=DIRECTION('ref_axis',(-1.,1.96282523690635E-16,0.));
#2342=DIRECTION('',(0.,0.,-1.));
#2343=DIRECTION('center_axis',(0.,-1.,0.));
#2344=DIRECTION('ref_axis',(1.,0.,0.));
#2345=DIRECTION('center_axis',(0.408248290463865,-0.816496580927725,-0.408248290463863));
#2346=DIRECTION('ref_axis',(0.577350269189627,0.577350269189627,-0.577350269189624));
#2347=DIRECTION('center_axis',(0.,1.,0.));
#2348=DIRECTION('ref_axis',(0.,0.,-1.));
#2349=DIRECTION('center_axis',(1.,0.,0.));
#2350=DIRECTION('ref_axis',(0.,1.,0.));
#2351=DIRECTION('center_axis',(0.,0.,-1.));
#2352=DIRECTION('ref_axis',(1.,0.,0.));
#2353=DIRECTION('center_axis',(-0.40824829046386,-0.816496580927728,0.408248290463862));
#2354=DIRECTION('ref_axis',(0.577350269189628,-0.577350269189623,-0.577350269189627));
#2355=DIRECTION('center_axis',(0.,0.,-1.));
#2356=DIRECTION('ref_axis',(0.,-1.,0.));
#2357=DIRECTION('center_axis',(1.,0.,0.));
#2358=DIRECTION('ref_axis',(0.,0.,-1.));
#2359=DIRECTION('center_axis',(0.,-1.,3.5527136788005E-15));
#2360=DIRECTION('ref_axis',(1.,0.,0.));
#2361=DIRECTION('center_axis',(0.408248290463864,-0.40824829046386,-0.816496580927727));
#2362=DIRECTION('ref_axis',(-0.577350269189628,0.577350269189623,-0.577350269189626));
#2363=DIRECTION('center_axis',(-1.,0.,0.));
#2364=DIRECTION('ref_axis',(0.,0.,-1.));
#2365=DIRECTION('center_axis',(0.,1.,0.));
#2366=DIRECTION('ref_axis',(-1.,0.,0.));
#2367=DIRECTION('center_axis',(1.,-1.96282523690635E-16,0.));
#2368=DIRECTION('ref_axis',(0.,0.707106781186547,-0.707106781186547));
#2369=DIRECTION('center_axis',(0.408248290463862,-0.816496580927727,0.408248290463862));
#2370=DIRECTION('ref_axis',(-0.577350269189626,-0.577350269189625,-0.577350269189626));
#2371=DIRECTION('center_axis',(0.,-1.,0.));
#2372=DIRECTION('ref_axis',(0.,0.,-1.));
#2373=DIRECTION('center_axis',(-1.,0.,0.));
#2374=DIRECTION('ref_axis',(0.,-1.,0.));
#2375=DIRECTION('center_axis',(-3.87050228768403E-16,1.,0.));
#2376=DIRECTION('ref_axis',(-0.707106781186547,0.,-0.707106781186548));
#2377=DIRECTION('center_axis',(-1.,9.81412618453177E-17,0.));
#2378=DIRECTION('ref_axis',(0.,-0.707106781186547,-0.707106781186547));
#2379=DIRECTION('',(-1.,9.81412618453177E-17,0.));
#2380=DIRECTION('center_axis',(0.,-1.,0.));
#2381=DIRECTION('ref_axis',(0.707106781186547,0.,-0.707106781186547));
#2382=DIRECTION('',(0.,-1.,0.));
#2383=DIRECTION('center_axis',(0.,0.,1.));
#2384=DIRECTION('ref_axis',(0.707106781186547,-0.707106781186547,0.));
#2385=DIRECTION('',(0.,0.,-1.));
#2386=DIRECTION('',(0.,0.,1.));
#2387=DIRECTION('center_axis',(0.,0.,1.));
#2388=DIRECTION('ref_axis',(0.707106781186547,0.707106781186547,0.));
#2389=DIRECTION('',(0.,0.,-1.));
#2390=DIRECTION('center_axis',(-9.81412618453177E-17,-1.,0.));
#2391=DIRECTION('ref_axis',(1.,-9.81412618453177E-17,0.));
#2392=DIRECTION('center_axis',(1.,0.,0.));
#2393=DIRECTION('ref_axis',(0.,1.,0.));
#2394=DIRECTION('center_axis',(-1.,-3.87050228768403E-16,0.));
#2395=DIRECTION('ref_axis',(3.87050228768403E-16,-1.,0.));
#2396=DIRECTION('',(0.,0.,1.));
#2397=DIRECTION('',(0.,0.,1.));
#2398=DIRECTION('',(0.,0.,1.));
#2399=DIRECTION('center_axis',(0.,0.,-1.));
#2400=DIRECTION('ref_axis',(1.,7.74100457536806E-16,0.));
#2401=DIRECTION('center_axis',(0.,0.,1.));
#2402=DIRECTION('ref_axis',(1.,7.74100457536806E-16,0.));
#2403=DIRECTION('',(0.,0.,1.));
#2404=DIRECTION('center_axis',(0.,0.,-1.));
#2405=DIRECTION('ref_axis',(1.,7.74100457536806E-16,0.));
#2406=DIRECTION('center_axis',(0.,0.,1.));
#2407=DIRECTION('ref_axis',(1.,7.74100457536806E-16,0.));
#2408=DIRECTION('center_axis',(0.,0.,-1.));
#2409=DIRECTION('ref_axis',(1.,7.74100457536806E-16,0.));
#2410=DIRECTION('center_axis',(0.,0.,-1.));
#2411=DIRECTION('ref_axis',(1.,7.74100457536806E-16,0.));
#2412=DIRECTION('',(0.,0.,-1.));
#2413=DIRECTION('center_axis',(0.,0.,1.));
#2414=DIRECTION('ref_axis',(1.,7.74100457536806E-16,0.));
#2415=DIRECTION('center_axis',(0.,0.,1.));
#2416=DIRECTION('ref_axis',(-1.,0.,0.));
#2417=DIRECTION('center_axis',(0.,0.,-1.));
#2418=DIRECTION('ref_axis',(-1.,0.,0.));
#2419=DIRECTION('',(0.,0.,1.));
#2420=DIRECTION('center_axis',(0.,0.,-1.));
#2421=DIRECTION('ref_axis',(-1.,0.,0.));
#2422=DIRECTION('',(0.,0.,1.));
#2423=DIRECTION('center_axis',(0.,0.,-1.));
#2424=DIRECTION('ref_axis',(-1.,0.,0.));
#2425=DIRECTION('center_axis',(0.,0.,1.));
#2426=DIRECTION('ref_axis',(-1.,0.,0.));
#2427=DIRECTION('center_axis',(0.,0.,1.));
#2428=DIRECTION('ref_axis',(-1.,0.,0.));
#2429=DIRECTION('',(0.,0.,-1.));
#2430=DIRECTION('center_axis',(0.,0.,-1.));
#2431=DIRECTION('ref_axis',(-1.,0.,0.));
#2432=DIRECTION('',(0.,0.,1.));
#2433=DIRECTION('',(0.,0.,1.));
#2434=DIRECTION('',(0.,0.,1.));
#2435=DIRECTION('center_axis',(0.,0.,1.));
#2436=DIRECTION('ref_axis',(1.,1.16666550491808E-15,0.));
#2437=DIRECTION('center_axis',(0.,0.,-1.));
#2438=DIRECTION('ref_axis',(1.,1.16666550491808E-15,0.));
#2439=DIRECTION('',(0.,0.,1.));
#2440=DIRECTION('center_axis',(0.,0.,-1.));
#2441=DIRECTION('ref_axis',(1.,1.16666550491808E-15,0.));
#2442=DIRECTION('center_axis',(0.,0.,-1.));
#2443=DIRECTION('ref_axis',(1.,1.16666550491808E-15,0.));
#2444=DIRECTION('center_axis',(0.,0.,1.));
#2445=DIRECTION('ref_axis',(1.,1.16666550491808E-15,0.));
#2446=DIRECTION('center_axis',(0.,0.,1.));
#2447=DIRECTION('ref_axis',(1.,1.16666550491808E-15,0.));
#2448=DIRECTION('',(0.,0.,-1.));
#2449=DIRECTION('center_axis',(0.,0.,-1.));
#2450=DIRECTION('ref_axis',(1.,1.16666550491808E-15,0.));
#2451=DIRECTION('center_axis',(0.,0.,-1.));
#2452=DIRECTION('ref_axis',(-1.,3.92565047381271E-16,0.));
#2453=DIRECTION('center_axis',(0.,0.,1.));
#2454=DIRECTION('ref_axis',(-1.,3.92565047381271E-16,0.));
#2455=DIRECTION('',(0.,0.,1.));
#2456=DIRECTION('center_axis',(0.,0.,-1.));
#2457=DIRECTION('ref_axis',(-1.,3.92565047381271E-16,0.));
#2458=DIRECTION('',(0.,0.,1.));
#2459=DIRECTION('center_axis',(0.,0.,1.));
#2460=DIRECTION('ref_axis',(-1.,3.92565047381271E-16,0.));
#2461=DIRECTION('center_axis',(0.,0.,-1.));
#2462=DIRECTION('ref_axis',(-1.,3.92565047381271E-16,0.));
#2463=DIRECTION('center_axis',(0.,0.,-1.));
#2464=DIRECTION('ref_axis',(-1.,3.92565047381271E-16,0.));
#2465=DIRECTION('',(0.,0.,-1.));
#2466=DIRECTION('center_axis',(0.,0.,1.));
#2467=DIRECTION('ref_axis',(-1.,3.92565047381271E-16,0.));
#2468=CARTESIAN_POINT('',(0.,0.,0.));
#2469=CARTESIAN_POINT('Origin',(21.6057110859437,39.0082297317158,4.575));
#2470=CARTESIAN_POINT('',(0.230711085943702,39.0082297317158,4.725));
#2471=CARTESIAN_POINT('',(0.230711085943704,38.8582297317158,4.575));
#2472=CARTESIAN_POINT('Origin',(0.230711085943702,39.0082297317158,4.575));
#2473=CARTESIAN_POINT('',(85.7307110859437,38.8582297317158,4.575));
#2474=CARTESIAN_POINT('',(21.6057110859437,38.8582297317158,4.575));
#2475=CARTESIAN_POINT('',(85.7307110859437,39.0082297317158,4.725));
#2476=CARTESIAN_POINT('Origin',(85.7307110859437,39.0082297317158,4.575));
#2477=CARTESIAN_POINT('',(21.6057110859437,39.0082297317158,4.725));
#2478=CARTESIAN_POINT('Origin',(85.7307110859437,40.3332297317158,4.575));
#2479=CARTESIAN_POINT('',(87.2057110859437,40.3332297317158,4.575));
#2480=CARTESIAN_POINT('',(87.0557110859437,40.3332297317158,4.725));
#2481=CARTESIAN_POINT('Origin',(87.0557110859437,40.3332297317158,4.575));
#2482=CARTESIAN_POINT('Origin',(85.7307110859437,40.3332297317158,4.725));
#2483=CARTESIAN_POINT('Origin',(85.7307110859437,40.3332297317158,4.575));
#2484=CARTESIAN_POINT('Origin',(87.0557110859437,52.7082297317158,4.575));
#2485=CARTESIAN_POINT('',(87.2057110859437,89.8332297317158,4.575));
#2486=CARTESIAN_POINT('',(87.0557110859437,89.8332297317158,4.725));
#2487=CARTESIAN_POINT('Origin',(87.0557110859437,89.8332297317158,4.575));
#2488=CARTESIAN_POINT('',(87.0557110859437,52.7082297317158,4.725));
#2489=CARTESIAN_POINT('',(87.2057110859437,52.7082297317158,4.575));
#2490=CARTESIAN_POINT('Origin',(85.7307110859437,89.8332297317157,4.575));
#2491=CARTESIAN_POINT('',(85.7307110859437,91.3082297317158,4.575));
#2492=CARTESIAN_POINT('',(85.7307110859437,91.1582297317157,4.725));
#2493=CARTESIAN_POINT('Origin',(85.7307110859437,91.1582297317157,4.575));
#2494=CARTESIAN_POINT('Origin',(85.7307110859437,89.8332297317157,4.725));
#2495=CARTESIAN_POINT('Origin',(85.7307110859437,89.8332297317157,4.575));
#2496=CARTESIAN_POINT('Origin',(64.3557110859437,91.1582297317157,4.575));
#2497=CARTESIAN_POINT('',(0.230711085943689,91.3082297317158,4.575));
#2498=CARTESIAN_POINT('',(0.230711085943689,91.1582297317158,4.725));
#2499=CARTESIAN_POINT('Origin',(0.230711085943689,91.1582297317158,4.575));
#2500=CARTESIAN_POINT('',(64.3557110859437,91.1582297317157,4.725));
#2501=CARTESIAN_POINT('',(64.3557110859437,91.3082297317158,4.575));
#2502=CARTESIAN_POINT('Origin',(0.230711085943696,89.8332297317158,4.575));
#2503=CARTESIAN_POINT('',(-1.2442889140563,89.8332297317158,4.575));
#2504=CARTESIAN_POINT('',(-1.09428891405631,89.8332297317158,4.725));
#2505=CARTESIAN_POINT('Origin',(-1.09428891405631,89.8332297317158,4.575));
#2506=CARTESIAN_POINT('Origin',(0.230711085943696,89.8332297317158,4.725));
#2507=CARTESIAN_POINT('Origin',(0.230711085943696,89.8332297317158,4.575));
#2508=CARTESIAN_POINT('Origin',(-1.0942889140563,77.4582297317158,4.575));
#2509=CARTESIAN_POINT('',(-1.24428891405629,40.3332297317158,4.575));
#2510=CARTESIAN_POINT('',(-1.09428891405629,40.3332297317158,4.725));
#2511=CARTESIAN_POINT('Origin',(-1.09428891405629,40.3332297317158,4.575));
#2512=CARTESIAN_POINT('',(-1.0942889140563,77.4582297317158,4.725));
#2513=CARTESIAN_POINT('',(-1.2442889140563,77.4582297317158,4.575));
#2514=CARTESIAN_POINT('Origin',(0.230711085943703,40.3332297317158,4.575));
#2515=CARTESIAN_POINT('Origin',(0.230711085943703,40.3332297317158,4.725));
#2516=CARTESIAN_POINT('Origin',(0.230711085943703,40.3332297317158,4.575));
#2517=CARTESIAN_POINT('Origin',(85.7307110859437,89.8332297317157,4.));
#2518=CARTESIAN_POINT('',(87.2057110859437,89.8332297317158,4.125));
#2519=CARTESIAN_POINT('',(87.2057110859437,89.8332297317158,4.));
#2520=CARTESIAN_POINT('',(85.7307110859437,91.3082297317158,4.125));
#2521=CARTESIAN_POINT('Origin',(85.7307110859437,89.8332297317157,4.125));
#2522=CARTESIAN_POINT('',(85.7307110859437,91.3082297317158,4.));
#2523=CARTESIAN_POINT('Origin',(87.2057110859437,40.3332297317158,4.));
#2524=CARTESIAN_POINT('',(87.2057110859437,40.3332297317158,4.125));
#2525=CARTESIAN_POINT('',(87.2057110859437,40.3332297317158,4.));
#2526=CARTESIAN_POINT('',(87.2057110859437,52.7020389699962,4.125));
#2527=CARTESIAN_POINT('Origin',(85.7307110859437,40.3332297317158,4.));
#2528=CARTESIAN_POINT('',(85.7307110859437,38.8582297317158,4.125));
#2529=CARTESIAN_POINT('',(85.7307110859437,38.8582297317158,4.));
#2530=CARTESIAN_POINT('Origin',(85.7307110859437,40.3332297317158,4.125));
#2531=CARTESIAN_POINT('Origin',(0.230711085943704,38.8582297317158,4.));
#2532=CARTESIAN_POINT('',(0.230711085943704,38.8582297317158,4.125));
#2533=CARTESIAN_POINT('',(0.230711085943704,38.8582297317158,4.));
#2534=CARTESIAN_POINT('',(21.6032740889347,38.8582297317158,4.125));
#2535=CARTESIAN_POINT('Origin',(42.9807110859437,65.0832297317158,4.725));
#2536=CARTESIAN_POINT('',(86.2307110859437,39.8332297317158,4.725));
#2537=CARTESIAN_POINT('',(-0.2692889140563,39.8332297317158,4.725));
#2538=CARTESIAN_POINT('',(20.3557110859437,39.8332297317158,4.725));
#2539=CARTESIAN_POINT('',(-0.269288914056318,90.3332297317158,4.725));
#2540=CARTESIAN_POINT('',(-0.269288914056309,78.7082297317158,4.725));
#2541=CARTESIAN_POINT('',(86.2307110859437,90.3332297317158,4.725));
#2542=CARTESIAN_POINT('',(65.6057110859437,90.3332297317158,4.725));
#2543=CARTESIAN_POINT('',(86.2307110859437,51.4582297317158,4.725));
#2544=CARTESIAN_POINT('Origin',(64.3532740889347,91.4582297317158,4.125));
#2545=CARTESIAN_POINT('',(0.230711085943689,91.4582297317158,3.975));
#2546=CARTESIAN_POINT('',(0.230711085943689,91.3082297317158,4.125));
#2547=CARTESIAN_POINT('Origin',(0.230711085943689,91.4582297317158,4.125));
#2548=CARTESIAN_POINT('',(64.3532740889347,91.3082297317158,4.125));
#2549=CARTESIAN_POINT('',(85.7307110859437,91.4582297317157,3.975));
#2550=CARTESIAN_POINT('Origin',(85.7307110859437,91.4582297317157,4.125));
#2551=CARTESIAN_POINT('',(64.3532740889347,91.4582297317158,3.975));
#2552=CARTESIAN_POINT('Origin',(85.7307110859437,89.8332297317157,4.125));
#2553=CARTESIAN_POINT('',(87.3557110859437,89.8332297317158,3.975));
#2554=CARTESIAN_POINT('Origin',(87.3557110859437,89.8332297317158,4.125));
#2555=CARTESIAN_POINT('Origin',(85.7307110859437,89.8332297317157,3.975));
#2556=CARTESIAN_POINT('Origin',(87.3557110859437,52.7020389699962,4.125));
#2557=CARTESIAN_POINT('',(87.3557110859437,40.3332297317158,3.975));
#2558=CARTESIAN_POINT('Origin',(87.3557110859437,40.3332297317158,4.125));
#2559=CARTESIAN_POINT('',(87.3557110859437,52.7020389699962,3.975));
#2560=CARTESIAN_POINT('Origin',(85.7307110859437,40.3332297317158,4.125));
#2561=CARTESIAN_POINT('',(85.7307110859437,38.7082297317158,3.975));
#2562=CARTESIAN_POINT('Origin',(85.7307110859437,38.7082297317158,4.125));
#2563=CARTESIAN_POINT('Origin',(85.7307110859437,40.3332297317158,3.975));
#2564=CARTESIAN_POINT('Origin',(21.6032740889347,38.7082297317158,4.125));
#2565=CARTESIAN_POINT('',(0.230711085943702,38.7082297317158,3.975));
#2566=CARTESIAN_POINT('Origin',(0.230711085943702,38.7082297317158,4.125));
#2567=CARTESIAN_POINT('',(21.6032740889347,38.7082297317158,3.975));
#2568=CARTESIAN_POINT('Origin',(0.230711085943703,40.3332297317158,4.125));
#2569=CARTESIAN_POINT('',(-1.24428891405629,40.3332297317158,4.125));
#2570=CARTESIAN_POINT('',(-1.39428891405629,40.3332297317158,3.975));
#2571=CARTESIAN_POINT('Origin',(-1.39428891405629,40.3332297317158,4.125));
#2572=CARTESIAN_POINT('Origin',(0.230711085943703,40.3332297317158,3.975));
#2573=CARTESIAN_POINT('Origin',(0.230711085943703,40.3332297317158,4.125));
#2574=CARTESIAN_POINT('Origin',(-1.3942889140563,77.4520389699962,4.125));
#2575=CARTESIAN_POINT('',(-1.2442889140563,89.8332297317158,4.125));
#2576=CARTESIAN_POINT('',(-1.3942889140563,89.8332297317158,3.975));
#2577=CARTESIAN_POINT('Origin',(-1.3942889140563,89.8332297317158,4.125));
#2578=CARTESIAN_POINT('',(-1.3942889140563,77.4520389699962,3.975));
#2579=CARTESIAN_POINT('',(-1.2442889140563,77.4520389699962,4.125));
#2580=CARTESIAN_POINT('Origin',(0.230711085943696,89.8332297317158,4.125));
#2581=CARTESIAN_POINT('Origin',(0.230711085943696,89.8332297317158,3.975));
#2582=CARTESIAN_POINT('Origin',(0.230711085943696,89.8332297317158,4.125));
#2583=CARTESIAN_POINT('Origin',(85.7307110859437,91.3082297317158,4.));
#2584=CARTESIAN_POINT('',(0.230711085943689,91.3082297317158,4.));
#2585=CARTESIAN_POINT('Origin',(42.9758370919256,65.0708482082765,3.975));
#2586=CARTESIAN_POINT('',(85.7307110859437,92.3332297317158,3.975));
#2587=CARTESIAN_POINT('',(88.2307110859437,89.8332297317158,3.975));
#2588=CARTESIAN_POINT('Origin',(85.7307110859437,89.8332297317158,3.975));
#2589=CARTESIAN_POINT('',(0.230711085943689,92.3332297317158,3.975));
#2590=CARTESIAN_POINT('',(65.6032740889347,92.3332297317158,3.975));
#2591=CARTESIAN_POINT('',(-2.26928891405631,89.8332297317158,3.975));
#2592=CARTESIAN_POINT('Origin',(0.230711085943689,89.8332297317158,3.975));
#2593=CARTESIAN_POINT('',(-2.26928891405629,40.3332297317158,3.975));
#2594=CARTESIAN_POINT('',(-2.26928891405631,78.7020389699962,3.975));
#2595=CARTESIAN_POINT('',(0.230711085943706,37.8332297317158,3.975));
#2596=CARTESIAN_POINT('Origin',(0.230711085943705,40.3332297317158,3.975));
#2597=CARTESIAN_POINT('',(85.7307110859437,37.8332297317158,3.975));
#2598=CARTESIAN_POINT('',(20.3532740889347,37.8332297317158,3.975));
#2599=CARTESIAN_POINT('',(88.2307110859437,40.3332297317158,3.975));
#2600=CARTESIAN_POINT('Origin',(85.7307110859437,40.3332297317158,3.975));
#2601=CARTESIAN_POINT('',(88.2307110859437,51.4520389699961,3.975));
#2602=CARTESIAN_POINT('Origin',(0.230711085943703,40.3332297317158,4.));
#2603=CARTESIAN_POINT('',(-1.24428891405629,40.3332297317158,4.));
#2604=CARTESIAN_POINT('Origin',(-1.2442889140563,89.8332297317158,4.));
#2605=CARTESIAN_POINT('',(-1.2442889140563,89.8332297317158,4.));
#2606=CARTESIAN_POINT('Origin',(0.230711085943696,89.8332297317158,4.));
#2607=CARTESIAN_POINT('Origin',(29.4807110859437,40.8332289866577,1.25));
#2608=CARTESIAN_POINT('',(76.2307110859437,40.8332289866577,0.));
#2609=CARTESIAN_POINT('',(14.7307110859437,40.8332289866577,0.));
#2610=CARTESIAN_POINT('',(29.4807110859437,40.8332289866577,0.));
#2611=CARTESIAN_POINT('',(15.9807110859437,42.0832289866577,1.25));
#2612=CARTESIAN_POINT('Origin',(14.7307110859437,40.8332289866577,1.25));
#2613=CARTESIAN_POINT('',(74.9807110859437,42.0832289866577,1.25));
#2614=CARTESIAN_POINT('',(29.4807110859437,42.0832289866577,1.25));
#2615=CARTESIAN_POINT('Origin',(76.2307110859437,40.8332289866577,1.25));
#2616=CARTESIAN_POINT('Origin',(58.9807110859437,89.3332289866577,1.25));
#2617=CARTESIAN_POINT('',(14.7307110859437,89.3332289866577,0.));
#2618=CARTESIAN_POINT('',(76.2307110859437,89.3332289866577,0.));
#2619=CARTESIAN_POINT('',(58.9807110859437,89.3332289866577,0.));
#2620=CARTESIAN_POINT('',(74.9807110859437,88.0832289866577,1.25));
#2621=CARTESIAN_POINT('Origin',(76.2307110859437,89.3332289866577,1.25));
#2622=CARTESIAN_POINT('',(15.9807110859437,88.0832289866577,1.25));
#2623=CARTESIAN_POINT('',(58.9807110859437,88.0832289866577,1.25));
#2624=CARTESIAN_POINT('Origin',(14.7307110859437,89.3332289866577,1.25));
#2625=CARTESIAN_POINT('Origin',(76.2307110859437,53.5832293591868,1.25));
#2626=CARTESIAN_POINT('',(74.9807110859437,53.5832293591868,1.25));
#2627=CARTESIAN_POINT('',(76.2307110859437,53.5832293591868,0.));
#2628=CARTESIAN_POINT('Origin',(14.7307110859437,76.5832293591867,1.25));
#2629=CARTESIAN_POINT('',(14.7307110859437,76.5832293591867,0.));
#2630=CARTESIAN_POINT('',(15.9807110859437,76.5832293591867,1.25));
#2631=CARTESIAN_POINT('Origin',(15.9807110859437,88.0832289866577,0.));
#2632=CARTESIAN_POINT('',(15.9807110859437,88.0832289866577,1.4));
#2633=CARTESIAN_POINT('',(15.9807110859437,88.0832289866577,0.));
#2634=CARTESIAN_POINT('',(15.9807110859437,42.0832289866577,1.4));
#2635=CARTESIAN_POINT('',(15.9807110859437,76.5832289866577,1.4));
#2636=CARTESIAN_POINT('',(15.9807110859437,42.0832289866577,0.));
#2637=CARTESIAN_POINT('Origin',(74.9807110859437,88.0832289866577,0.));
#2638=CARTESIAN_POINT('',(74.9807110859437,88.0832289866577,1.4));
#2639=CARTESIAN_POINT('',(74.9807110859437,88.0832289866577,0.));
#2640=CARTESIAN_POINT('',(58.7307110859437,88.0832289866577,1.4));
#2641=CARTESIAN_POINT('Origin',(42.9807110859437,65.0832297317158,0.));
#2642=CARTESIAN_POINT('',(85.7307110859437,89.8332297317158,0.));
#2643=CARTESIAN_POINT('',(0.230711085943685,89.8332297317158,0.));
#2644=CARTESIAN_POINT('',(65.6057110859437,89.8332297317158,0.));
#2645=CARTESIAN_POINT('',(85.7307110859437,40.3332297317158,0.));
#2646=CARTESIAN_POINT('',(85.7307110859437,51.4582297317158,0.));
#2647=CARTESIAN_POINT('',(0.230711085943702,40.3332297317158,0.));
#2648=CARTESIAN_POINT('',(20.3557110859437,40.3332297317158,0.));
#2649=CARTESIAN_POINT('',(0.230711085943689,78.7082297317158,0.));
#2650=CARTESIAN_POINT('',(84.380711085946,44.0832297317158,0.));
#2651=CARTESIAN_POINT('Ctrl Pts',(84.380711085946,44.0832297317158,0.));
#2652=CARTESIAN_POINT('Ctrl Pts',(84.380711085946,44.8691964995941,0.));
#2653=CARTESIAN_POINT('Ctrl Pts',(83.9664754339661,45.6435153607204,0.));
#2654=CARTESIAN_POINT('Ctrl Pts',(82.7660929188343,46.4443437998543,0.));
#2655=CARTESIAN_POINT('Ctrl Pts',(82.065955410425,46.570078473378,0.));
#2656=CARTESIAN_POINT('Ctrl Pts',(80.7953718746529,46.2686243949306,0.));
#2657=CARTESIAN_POINT('Ctrl Pts',(80.2323335034109,45.8507574764124,0.));
#2658=CARTESIAN_POINT('Ctrl Pts',(79.5908604628482,44.747890859432,0.));
#2659=CARTESIAN_POINT('Ctrl Pts',(79.5001570743508,44.0797027924251,0.));
#2660=CARTESIAN_POINT('Ctrl Pts',(79.8057072773612,42.916942138011,0.));
#2661=CARTESIAN_POINT('Ctrl Pts',(80.1594429840451,42.4177415232187,0.));
#2662=CARTESIAN_POINT('Ctrl Pts',(81.0741565928269,41.7988947585241,0.));
#2663=CARTESIAN_POINT('Ctrl Pts',(81.6125715138654,41.6533119000518,0.));
#2664=CARTESIAN_POINT('Ctrl Pts',(82.6548949750975,41.7228944584322,0.));
#2665=CARTESIAN_POINT('Ctrl Pts',(83.156339828093,41.9283274232087,0.));
#2666=CARTESIAN_POINT('Ctrl Pts',(83.8676494062443,42.540946633117,0.));
#2667=CARTESIAN_POINT('Ctrl Pts',(84.1132304852269,42.9035961923842,0.));
#2668=CARTESIAN_POINT('Ctrl Pts',(84.3365737045588,43.5541727654426,0.));
#2669=CARTESIAN_POINT('Ctrl Pts',(84.3807110859437,43.8186758077434,0.));
#2670=CARTESIAN_POINT('Ctrl Pts',(84.380711085946,44.0832297317158,0.));
#2671=CARTESIAN_POINT('',(84.380711085946,86.0832297317158,0.));
#2672=CARTESIAN_POINT('Ctrl Pts',(84.380711085946,86.0832297317158,0.));
#2673=CARTESIAN_POINT('Ctrl Pts',(84.3807110859437,86.3477836556881,0.));
#2674=CARTESIAN_POINT('Ctrl Pts',(84.3365737045588,86.6122866979889,0.));
#2675=CARTESIAN_POINT('Ctrl Pts',(84.1132304852269,87.2628632710473,0.));
#2676=CARTESIAN_POINT('Ctrl Pts',(83.8676494062443,87.6255128303146,0.));
#2677=CARTESIAN_POINT('Ctrl Pts',(83.156339828093,88.2381320402229,0.));
#2678=CARTESIAN_POINT('Ctrl Pts',(82.6548949750975,88.4435650049993,0.));
#2679=CARTESIAN_POINT('Ctrl Pts',(81.6125715138654,88.5131475633797,0.));
#2680=CARTESIAN_POINT('Ctrl Pts',(81.0741565928269,88.3675647049074,0.));
#2681=CARTESIAN_POINT('Ctrl Pts',(80.1594429840451,87.7487179402129,0.));
#2682=CARTESIAN_POINT('Ctrl Pts',(79.8057072773612,87.2495173254205,0.));
#2683=CARTESIAN_POINT('Ctrl Pts',(79.5001570743508,86.0867566710064,0.));
#2684=CARTESIAN_POINT('Ctrl Pts',(79.5908604628482,85.4185686039995,0.));
#2685=CARTESIAN_POINT('Ctrl Pts',(80.232333503411,84.3157019870191,0.));
#2686=CARTESIAN_POINT('Ctrl Pts',(80.7953718746529,83.8978350685009,0.));
#2687=CARTESIAN_POINT('Ctrl Pts',(82.065955410425,83.5963809900535,0.));
#2688=CARTESIAN_POINT('Ctrl Pts',(82.7660929188343,83.7221156635772,0.));
#2689=CARTESIAN_POINT('Ctrl Pts',(83.9664754339661,84.5229441027111,0.));
#2690=CARTESIAN_POINT('Ctrl Pts',(84.380711085946,85.2972629638374,0.));
#2691=CARTESIAN_POINT('Ctrl Pts',(84.380711085946,86.0832297317158,0.));
#2692=CARTESIAN_POINT('',(6.380711085946,86.0832297317158,0.));
#2693=CARTESIAN_POINT('',(6.32047984316959,86.6172801426958,0.));
#2694=CARTESIAN_POINT('Ctrl Pts',(6.380711085946,86.0832297317158,0.));
#2695=CARTESIAN_POINT('Ctrl Pts',(6.380711085946,86.2627521745711,0.));
#2696=CARTESIAN_POINT('Ctrl Pts',(6.36038678359738,86.4422511875232,0.));
#2697=CARTESIAN_POINT('Ctrl Pts',(6.32047984316959,86.6172801426958,0.));
#2698=CARTESIAN_POINT('',(6.28834610285605,86.7425621052868,0.));
#2699=CARTESIAN_POINT('Ctrl Pts',(6.32047984316914,86.6172801426979,0.));
#2700=CARTESIAN_POINT('Ctrl Pts',(6.31471912474414,86.6426821439332,0.));
#2701=CARTESIAN_POINT('Ctrl Pts',(6.3085283653512,86.6679909851034,0.));
#2702=CARTESIAN_POINT('Ctrl Pts',(6.29756785497737,86.7097008255467,0.));
#2703=CARTESIAN_POINT('Ctrl Pts',(6.29304723891635,86.7261581775599,0.));
#2704=CARTESIAN_POINT('Ctrl Pts',(6.28834610285513,86.74256210529,0.));
#2705=CARTESIAN_POINT('',(5.43160492605829,87.9948530262324,0.));
#2706=CARTESIAN_POINT('Ctrl Pts',(6.28834610285605,86.7425621052868,0.));
#2707=CARTESIAN_POINT('Ctrl Pts',(6.27684278591549,86.7828649561301,0.));
#2708=CARTESIAN_POINT('Ctrl Pts',(6.26428176091931,86.8228659360489,0.));
#2709=CARTESIAN_POINT('Ctrl Pts',(6.11323048522693,87.2628632710474,0.));
#2710=CARTESIAN_POINT('Ctrl Pts',(5.86764940624437,87.6255128303146,0.));
#2711=CARTESIAN_POINT('Ctrl Pts',(5.50947015503205,87.933996641897,0.));
#2712=CARTESIAN_POINT('Ctrl Pts',(5.47100392148701,87.9650444055234,0.));
#2713=CARTESIAN_POINT('Ctrl Pts',(5.43160492605829,87.9948530262324,0.));
#2714=CARTESIAN_POINT('',(4.79980199139719,88.3380288286715,0.));
#2715=CARTESIAN_POINT('Ctrl Pts',(5.43160492605973,87.9948530262313,0.));
#2716=CARTESIAN_POINT('Ctrl Pts',(5.39698344203741,88.0212274179531,0.));
#2717=CARTESIAN_POINT('Ctrl Pts',(5.36162212945333,88.0466401950892,0.));
#2718=CARTESIAN_POINT('Ctrl Pts',(5.16229407074772,88.1814949988863,0.));
#2719=CARTESIAN_POINT('Ctrl Pts',(4.98513771424817,88.2710064122322,0.));
#2720=CARTESIAN_POINT('Ctrl Pts',(4.79980199139953,88.3380288286706,0.));
#2721=CARTESIAN_POINT('',(3.98071108593457,88.4830772278983,0.));
#2722=CARTESIAN_POINT('Ctrl Pts',(4.79980199139719,88.3380288286715,0.));
#2723=CARTESIAN_POINT('Ctrl Pts',(4.58798680322165,88.4151404053456,0.));
#2724=CARTESIAN_POINT('Ctrl Pts',(4.36551121832547,88.4628834439476,0.));
#2725=CARTESIAN_POINT('Ctrl Pts',(4.08735340677023,88.481452470628,0.));
#2726=CARTESIAN_POINT('Ctrl Pts',(4.03402855137604,88.4831681056775,0.));
#2727=CARTESIAN_POINT('Ctrl Pts',(3.98071108593457,88.4830772278983,0.));
#2728=CARTESIAN_POINT('',(3.16162018049721,88.338028828674,0.));
#2729=CARTESIAN_POINT('Ctrl Pts',(3.98071108594158,88.4830772278983,0.));
#2730=CARTESIAN_POINT('Ctrl Pts',(3.92739362050096,88.4831681056774,0.));
#2731=CARTESIAN_POINT('Ctrl Pts',(3.87406876511461,88.4814524706278,0.));
#2732=CARTESIAN_POINT('Ctrl Pts',(3.59591095356271,88.4628834439474,0.));
#2733=CARTESIAN_POINT('Ctrl Pts',(3.37343536866695,88.4151404053455,0.));
#2734=CARTESIAN_POINT('Ctrl Pts',(3.16162018049314,88.3380288286725,0.));
#2735=CARTESIAN_POINT('',(2.52981724581341,87.9948530262205,0.));
#2736=CARTESIAN_POINT('Ctrl Pts',(3.16162018049721,88.338028828674,0.));
#2737=CARTESIAN_POINT('Ctrl Pts',(2.97628445764218,88.2710064122331,0.));
#2738=CARTESIAN_POINT('Ctrl Pts',(2.79912810112996,88.1814949988816,0.));
#2739=CARTESIAN_POINT('Ctrl Pts',(2.59980004241862,88.0466401950784,0.));
#2740=CARTESIAN_POINT('Ctrl Pts',(2.56443872983556,88.0212274179426,0.));
#2741=CARTESIAN_POINT('Ctrl Pts',(2.52981724581341,87.9948530262205,0.));
#2742=CARTESIAN_POINT('',(1.67307606903719,86.742562105307,0.));
#2743=CARTESIAN_POINT('Ctrl Pts',(2.52981724581255,87.9948530262198,0.));
#2744=CARTESIAN_POINT('Ctrl Pts',(2.49041825038911,87.9650444055143,0.));
#2745=CARTESIAN_POINT('Ctrl Pts',(2.45195201685056,87.9339966418928,0.));
#2746=CARTESIAN_POINT('Ctrl Pts',(2.09377276564304,87.6255128303145,0.));
#2747=CARTESIAN_POINT('Ctrl Pts',(1.84819168666049,87.2628632710473,0.));
#2748=CARTESIAN_POINT('Ctrl Pts',(1.69714041096947,86.8228659360527,0.));
#2749=CARTESIAN_POINT('Ctrl Pts',(1.68457938597525,86.7828649561406,0.));
#2750=CARTESIAN_POINT('Ctrl Pts',(1.67307606903572,86.7425621053019,0.));
#2751=CARTESIAN_POINT('',(1.64094232871163,86.6172801426685,0.));
#2752=CARTESIAN_POINT('Ctrl Pts',(1.67307606903719,86.742562105307,0.));
#2753=CARTESIAN_POINT('Ctrl Pts',(1.66837493297452,86.7261581775721,0.));
#2754=CARTESIAN_POINT('Ctrl Pts',(1.66385431690976,86.7097008255458,0.));
#2755=CARTESIAN_POINT('Ctrl Pts',(1.65289380653243,86.6679909850887,0.));
#2756=CARTESIAN_POINT('Ctrl Pts',(1.6467030471383,86.6426821439129,0.));
#2757=CARTESIAN_POINT('Ctrl Pts',(1.64094232871163,86.6172801426685,0.));
#2758=CARTESIAN_POINT('',(1.58071108594141,86.0832297317157,0.));
#2759=CARTESIAN_POINT('Ctrl Pts',(1.64094232871083,86.6172801426651,0.));
#2760=CARTESIAN_POINT('Ctrl Pts',(1.60103538828851,86.4422511875028,0.));
#2761=CARTESIAN_POINT('Ctrl Pts',(1.58071108594294,86.2627521745598,0.));
#2762=CARTESIAN_POINT('Ctrl Pts',(1.58071108594141,86.0832297317157,0.));
#2763=CARTESIAN_POINT('',(1.62766219942952,85.6222898951778,0.));
#2764=CARTESIAN_POINT('Ctrl Pts',(1.58071108594141,86.0832297317157,0.));
#2765=CARTESIAN_POINT('Ctrl Pts',(1.58071108594141,85.9282969262502,0.));
#2766=CARTESIAN_POINT('Ctrl Pts',(1.59680737925001,85.7738167330178,0.));
#2767=CARTESIAN_POINT('Ctrl Pts',(1.6276621994296,85.6222898951774,0.));
#2768=CARTESIAN_POINT('',(2.30408256009725,84.368919397219,0.));
#2769=CARTESIAN_POINT('Ctrl Pts',(1.62766219942952,85.6222898951778,0.));
#2770=CARTESIAN_POINT('Ctrl Pts',(1.67853647937707,85.3605242460227,0.));
#2771=CARTESIAN_POINT('Ctrl Pts',(1.77200893652608,85.1071251111235,0.));
#2772=CARTESIAN_POINT('Ctrl Pts',(2.01463337813131,84.6899877098842,0.));
#2773=CARTESIAN_POINT('Ctrl Pts',(2.1493571917098,84.5192395618093,0.));
#2774=CARTESIAN_POINT('Ctrl Pts',(2.30408256009725,84.368919397219,0.));
#2775=CARTESIAN_POINT('',(3.01901648815429,83.8856993719992,0.));
#2776=CARTESIAN_POINT('Ctrl Pts',(2.30408256009763,84.3689193972186,0.));
#2777=CARTESIAN_POINT('Ctrl Pts',(2.4095832356779,84.2642024123442,0.));
#2778=CARTESIAN_POINT('Ctrl Pts',(2.5248753025477,84.1694052432954,0.));
#2779=CARTESIAN_POINT('Ctrl Pts',(2.7658419533407,84.0086456983959,0.));
#2780=CARTESIAN_POINT('Ctrl Pts',(2.88995977001134,83.9415029012542,0.));
#2781=CARTESIAN_POINT('Ctrl Pts',(3.01901648815378,83.8856993719995,0.));
#2782=CARTESIAN_POINT('',(3.98071108594133,83.6850685061395,0.));
#2783=CARTESIAN_POINT('Ctrl Pts',(3.01901648815429,83.8856993719992,0.));
#2784=CARTESIAN_POINT('Ctrl Pts',(3.15033150493107,83.8275688056295,0.));
#2785=CARTESIAN_POINT('Ctrl Pts',(3.28682867422018,83.7812337963766,0.));
#2786=CARTESIAN_POINT('Ctrl Pts',(3.60808685209719,83.7050132369039,0.));
#2787=CARTESIAN_POINT('Ctrl Pts',(3.79439871635038,83.6843113420142,0.));
#2788=CARTESIAN_POINT('Ctrl Pts',(3.98071108594133,83.6850685061395,0.));
#2789=CARTESIAN_POINT('',(4.94240568375339,83.8856993720081,0.));
#2790=CARTESIAN_POINT('Ctrl Pts',(3.98071108594128,83.6850685061395,0.));
#2791=CARTESIAN_POINT('Ctrl Pts',(4.1670234555381,83.6843113420139,0.));
#2792=CARTESIAN_POINT('Ctrl Pts',(4.35333531979715,83.7050132369045,0.));
#2793=CARTESIAN_POINT('Ctrl Pts',(4.67459349768221,83.7812337963809,0.));
#2794=CARTESIAN_POINT('Ctrl Pts',(4.81109066697423,83.8275688056359,0.));
#2795=CARTESIAN_POINT('Ctrl Pts',(4.94240568375299,83.8856993720079,0.));
#2796=CARTESIAN_POINT('',(5.6573396118,84.3689193972285,0.));
#2797=CARTESIAN_POINT('Ctrl Pts',(4.94240568375339,83.8856993720081,0.));
#2798=CARTESIAN_POINT('Ctrl Pts',(5.07146240189322,83.941502901263,0.));
#2799=CARTESIAN_POINT('Ctrl Pts',(5.19558021856092,84.0086456984044,0.));
#2800=CARTESIAN_POINT('Ctrl Pts',(5.43654686935131,84.1694052433042,0.));
#2801=CARTESIAN_POINT('Ctrl Pts',(5.55183893622015,84.2642024123533,0.));
#2802=CARTESIAN_POINT('Ctrl Pts',(5.6573396118,84.3689193972285,0.));
#2803=CARTESIAN_POINT('',(6.33375997246004,85.6222898951883,0.));
#2804=CARTESIAN_POINT('Ctrl Pts',(5.65733961180067,84.3689193972292,0.));
#2805=CARTESIAN_POINT('Ctrl Pts',(5.81206498018778,84.5192395618211,0.));
#2806=CARTESIAN_POINT('Ctrl Pts',(5.946788793766,84.6899877098979,0.));
#2807=CARTESIAN_POINT('Ctrl Pts',(6.18941323536764,85.1071251111381,0.));
#2808=CARTESIAN_POINT('Ctrl Pts',(6.28288569251418,85.3605242460364,0.));
#2809=CARTESIAN_POINT('Ctrl Pts',(6.33375997246022,85.6222898951892,0.));
#2810=CARTESIAN_POINT('Ctrl Pts',(6.33375997246004,85.6222898951883,0.));
#2811=CARTESIAN_POINT('Ctrl Pts',(6.36461479263811,85.773816733025,0.));
#2812=CARTESIAN_POINT('Ctrl Pts',(6.380711085946,85.9282969262542,0.));
#2813=CARTESIAN_POINT('Ctrl Pts',(6.380711085946,86.0832297317158,0.));
#2814=CARTESIAN_POINT('',(6.38071108594601,44.0832297317158,0.));
#2815=CARTESIAN_POINT('',(6.13632997771126,45.1377941367749,0.));
#2816=CARTESIAN_POINT('Ctrl Pts',(6.38071108594601,44.0832297317158,0.));
#2817=CARTESIAN_POINT('Ctrl Pts',(6.38071108594601,44.3477836556881,0.));
#2818=CARTESIAN_POINT('Ctrl Pts',(6.3365737045589,44.612286697989,0.));
#2819=CARTESIAN_POINT('Ctrl Pts',(6.21838390645684,44.9565618188084,0.));
#2820=CARTESIAN_POINT('Ctrl Pts',(6.18012717525863,45.0485342366332,0.));
#2821=CARTESIAN_POINT('Ctrl Pts',(6.13632997771126,45.1377941367749,0.));
#2822=CARTESIAN_POINT('',(5.92585445423443,45.4882706394707,0.));
#2823=CARTESIAN_POINT('Ctrl Pts',(6.13632997771067,45.1377941367761,0.));
#2824=CARTESIAN_POINT('Ctrl Pts',(6.11122250407768,45.1894602244211,0.));
#2825=CARTESIAN_POINT('Ctrl Pts',(6.08420808168588,45.2402106239262,0.));
#2826=CARTESIAN_POINT('Ctrl Pts',(6.01556830194498,45.3582210731366,0.));
#2827=CARTESIAN_POINT('Ctrl Pts',(5.97231610531788,45.4244198161013,0.));
#2828=CARTESIAN_POINT('Ctrl Pts',(5.92585445423498,45.4882706394699,0.));
#2829=CARTESIAN_POINT('',(4.90290318893917,46.2978248029846,0.));
#2830=CARTESIAN_POINT('Ctrl Pts',(5.92585445423443,45.4882706394707,0.));
#2831=CARTESIAN_POINT('Ctrl Pts',(5.81618061587262,45.6402157893367,0.));
#2832=CARTESIAN_POINT('Ctrl Pts',(5.68891401215346,45.7794496523031,0.));
#2833=CARTESIAN_POINT('Ctrl Pts',(5.35511404311164,46.0669366756513,0.));
#2834=CARTESIAN_POINT('Ctrl Pts',(5.13657451294571,46.2005479445557,0.));
#2835=CARTESIAN_POINT('Ctrl Pts',(4.90290318893917,46.2978248029846,0.));
#2836=CARTESIAN_POINT('',(4.36822580726693,46.4514662170865,0.));
#2837=CARTESIAN_POINT('Ctrl Pts',(4.90290318894108,46.2978248029838,0.));
#2838=CARTESIAN_POINT('Ctrl Pts',(4.783789197127,46.3480157537775,0.));
#2839=CARTESIAN_POINT('Ctrl Pts',(4.6606248694999,46.3885398135174,0.));
#2840=CARTESIAN_POINT('Ctrl Pts',(4.47964590207833,46.4314782322096,0.));
#2841=CARTESIAN_POINT('Ctrl Pts',(4.4240932571958,46.4424903259184,0.));
#2842=CARTESIAN_POINT('Ctrl Pts',(4.3682258072697,46.4514662170861,0.));
#2843=CARTESIAN_POINT('',(2.67172411939642,46.0948190874188,0.));
#2844=CARTESIAN_POINT('Ctrl Pts',(4.36822580726693,46.4514662170865,0.));
#2845=CARTESIAN_POINT('Ctrl Pts',(4.29283764425953,46.4639530568867,0.));
#2846=CARTESIAN_POINT('Ctrl Pts',(4.21684666284166,46.4728078680785,0.));
#2847=CARTESIAN_POINT('Ctrl Pts',(3.62688359049807,46.5121921297305,0.));
#2848=CARTESIAN_POINT('Ctrl Pts',(3.10333766000071,46.375324224319,0.));
#2849=CARTESIAN_POINT('Ctrl Pts',(2.67172411939642,46.0948190874188,0.));
#2850=CARTESIAN_POINT('',(1.5959056541105,44.3451364659008,0.));
#2851=CARTESIAN_POINT('Ctrl Pts',(2.67172411939642,46.0948190874188,0.));
#2852=CARTESIAN_POINT('Ctrl Pts',(2.65969877409602,46.0870038295262,0.));
#2853=CARTESIAN_POINT('Ctrl Pts',(2.64774479186413,46.0790770723633,0.));
#2854=CARTESIAN_POINT('Ctrl Pts',(2.15944298403776,45.7487179402036,0.));
#2855=CARTESIAN_POINT('Ctrl Pts',(1.80570727735821,45.2495173254132,0.));
#2856=CARTESIAN_POINT('Ctrl Pts',(1.6294948402209,44.5789470338389,0.));
#2857=CARTESIAN_POINT('Ctrl Pts',(1.6083481009967,44.4625092944007,0.));
#2858=CARTESIAN_POINT('Ctrl Pts',(1.5959056541105,44.3451364659008,0.));
#2859=CARTESIAN_POINT('',(1.58071108594147,44.0832297317157,0.));
#2860=CARTESIAN_POINT('Ctrl Pts',(1.59590565411049,44.3451364659007,0.));
#2861=CARTESIAN_POINT('Ctrl Pts',(1.58585653648529,44.2582802236172,0.));
#2862=CARTESIAN_POINT('Ctrl Pts',(1.58071108594147,44.1708273202181,0.));
#2863=CARTESIAN_POINT('Ctrl Pts',(1.58071108594147,44.0832297317157,0.));
#2864=CARTESIAN_POINT('',(1.82509219418315,43.0286653266425,0.));
#2865=CARTESIAN_POINT('Ctrl Pts',(1.58071108594147,44.0832297317157,0.));
#2866=CARTESIAN_POINT('Ctrl Pts',(1.58071108594147,43.8186758077433,0.));
#2867=CARTESIAN_POINT('Ctrl Pts',(1.62484846732861,43.5541727654426,0.));
#2868=CARTESIAN_POINT('Ctrl Pts',(1.74303826543222,43.2098976446186,0.));
#2869=CARTESIAN_POINT('Ctrl Pts',(1.78129499663316,43.1179252267882,0.));
#2870=CARTESIAN_POINT('Ctrl Pts',(1.82509219418318,43.0286653266425,0.));
#2871=CARTESIAN_POINT('',(2.03556771766384,42.6781888239459,0.));
#2872=CARTESIAN_POINT('Ctrl Pts',(1.82509219418315,43.0286653266425,0.));
#2873=CARTESIAN_POINT('Ctrl Pts',(1.85019966781731,42.9769992389959,0.));
#2874=CARTESIAN_POINT('Ctrl Pts',(1.87721409021044,42.9262488394891,0.));
#2875=CARTESIAN_POINT('Ctrl Pts',(1.94585386995291,42.8082383902784,0.));
#2876=CARTESIAN_POINT('Ctrl Pts',(1.98910606658099,42.7420396473135,0.));
#2877=CARTESIAN_POINT('Ctrl Pts',(2.03556771766384,42.6781888239459,0.));
#2878=CARTESIAN_POINT('',(3.05851898296134,41.8686346604415,0.));
#2879=CARTESIAN_POINT('Ctrl Pts',(2.03556771766291,42.6781888239472,0.));
#2880=CARTESIAN_POINT('Ctrl Pts',(2.14524155602305,42.5262436740851,0.));
#2881=CARTESIAN_POINT('Ctrl Pts',(2.27250815973689,42.3870098111259,0.));
#2882=CARTESIAN_POINT('Ctrl Pts',(2.60630812877993,42.0995227877767,0.));
#2883=CARTESIAN_POINT('Ctrl Pts',(2.82484765894893,41.9659115188711,0.));
#2884=CARTESIAN_POINT('Ctrl Pts',(3.05851898296108,41.8686346604416,0.));
#2885=CARTESIAN_POINT('',(3.59319636462529,41.7149932463442,0.));
#2886=CARTESIAN_POINT('Ctrl Pts',(3.05851898296134,41.8686346604415,0.));
#2887=CARTESIAN_POINT('Ctrl Pts',(3.17763297477632,41.8184437096484,0.));
#2888=CARTESIAN_POINT('Ctrl Pts',(3.30079730240419,41.7779196499092,0.));
#2889=CARTESIAN_POINT('Ctrl Pts',(3.48177626982428,41.7349812312187,0.));
#2890=CARTESIAN_POINT('Ctrl Pts',(3.53732891470165,41.7239691375112,0.));
#2891=CARTESIAN_POINT('Ctrl Pts',(3.59319636462529,41.7149932463442,0.));
#2892=CARTESIAN_POINT('',(5.28969805255605,42.0716403760549,0.));
#2893=CARTESIAN_POINT('Ctrl Pts',(3.59319636462803,41.7149932463438,0.));
#2894=CARTESIAN_POINT('Ctrl Pts',(3.66858452763183,41.7025064065445,0.));
#2895=CARTESIAN_POINT('Ctrl Pts',(3.74457550904828,41.6936515953529,0.));
#2896=CARTESIAN_POINT('Ctrl Pts',(4.33453858141246,41.6542673336991,0.));
#2897=CARTESIAN_POINT('Ctrl Pts',(4.85808451193971,41.7911352391276,0.));
#2898=CARTESIAN_POINT('Ctrl Pts',(5.28969805255605,42.0716403760549,0.));
#2899=CARTESIAN_POINT('',(6.36551651777689,43.8213229975298,0.));
#2900=CARTESIAN_POINT('Ctrl Pts',(5.28969805255605,42.0716403760549,0.));
#2901=CARTESIAN_POINT('Ctrl Pts',(5.30172339783178,42.079455633932,0.));
#2902=CARTESIAN_POINT('Ctrl Pts',(5.31367738003533,42.0873823910764,0.));
#2903=CARTESIAN_POINT('Ctrl Pts',(5.80197918784233,42.4177415232187,0.));
#2904=CARTESIAN_POINT('Ctrl Pts',(6.15571489452621,42.916942138011,0.));
#2905=CARTESIAN_POINT('Ctrl Pts',(6.33192733166593,43.5875124295892,0.));
#2906=CARTESIAN_POINT('Ctrl Pts',(6.3530740708905,43.7039501690288,0.));
#2907=CARTESIAN_POINT('Ctrl Pts',(6.36551651777688,43.8213229975297,0.));
#2908=CARTESIAN_POINT('Ctrl Pts',(6.36551651777689,43.8213229975298,0.));
#2909=CARTESIAN_POINT('Ctrl Pts',(6.37556563540215,43.9081792398137,0.));
#2910=CARTESIAN_POINT('Ctrl Pts',(6.38071108594601,43.995632143213,0.));
#2911=CARTESIAN_POINT('Ctrl Pts',(6.38071108594601,44.0832297317158,0.));
#2912=CARTESIAN_POINT('Origin',(42.9807110859437,65.0832297317158,2.));
#2913=CARTESIAN_POINT('',(77.2807110859437,90.3332297317158,2.));
#2914=CARTESIAN_POINT('',(77.2807110859437,39.8332297317158,2.));
#2915=CARTESIAN_POINT('',(77.2807110859437,52.4332293591867,2.));
#2916=CARTESIAN_POINT('',(86.2307110859437,39.8332297317158,2.));
#2917=CARTESIAN_POINT('',(20.3557110859437,39.8332297317158,2.));
#2918=CARTESIAN_POINT('',(86.2307110859437,90.3332297317158,2.));
#2919=CARTESIAN_POINT('',(86.2307110859437,51.4582297317158,2.));
#2920=CARTESIAN_POINT('',(65.6057110859437,90.3332297317158,2.));
#2921=CARTESIAN_POINT('',(85.3807110859437,44.0832297317158,2.));
#2922=CARTESIAN_POINT('Origin',(81.9807110859437,44.0832297317158,2.));
#2923=CARTESIAN_POINT('',(85.3807110859437,86.0832297317158,2.));
#2924=CARTESIAN_POINT('Origin',(81.9807110859437,86.0832297317158,2.));
#2925=CARTESIAN_POINT('Origin',(42.9807110859437,65.0832297317158,2.));
#2926=CARTESIAN_POINT('',(7.68071108594366,39.8332297317158,2.));
#2927=CARTESIAN_POINT('',(7.68071108594365,90.3332297317158,2.));
#2928=CARTESIAN_POINT('',(7.68071108594365,77.7332293591867,2.));
#2929=CARTESIAN_POINT('',(-0.269288914056317,90.3332297317158,2.));
#2930=CARTESIAN_POINT('',(65.6057110859437,90.3332297317158,2.));
#2931=CARTESIAN_POINT('',(-0.269288914056294,39.8332297317158,2.));
#2932=CARTESIAN_POINT('',(-0.269288914056314,78.7082297317158,2.));
#2933=CARTESIAN_POINT('',(20.3557110859437,39.8332297317158,2.));
#2934=CARTESIAN_POINT('',(0.580711085943744,44.0832297317157,2.));
#2935=CARTESIAN_POINT('Origin',(3.98071108594374,44.0832297317157,2.));
#2936=CARTESIAN_POINT('',(0.58071108594369,86.0832297317157,2.));
#2937=CARTESIAN_POINT('Origin',(3.98071108594369,86.0832297317157,2.));
#2938=CARTESIAN_POINT('Origin',(-2.26928891405629,39.8332297317158,0.));
#2939=CARTESIAN_POINT('',(86.2307110859437,39.8332297317158,0.));
#2940=CARTESIAN_POINT('',(77.2807110859437,39.8332297317158,2.1));
#2941=CARTESIAN_POINT('',(77.2807110859437,39.8332297317158,0.7));
#2942=CARTESIAN_POINT('',(7.68071108594366,39.8332297317158,2.1));
#2943=CARTESIAN_POINT('',(20.1057110859437,39.8332297317158,2.1));
#2944=CARTESIAN_POINT('',(7.68071108594366,39.8332297317158,0.7));
#2945=CARTESIAN_POINT('',(-0.2692889140563,39.8332297317158,4.));
#2946=CARTESIAN_POINT('Origin',(86.2307110859437,37.8332297317158,0.));
#2947=CARTESIAN_POINT('',(86.2307110859437,90.3332297317158,0.));
#2948=CARTESIAN_POINT('Origin',(0.230711085943705,40.3332297317158,0.));
#2949=CARTESIAN_POINT('',(-2.2692889140563,40.3332297317158,2.5));
#2950=CARTESIAN_POINT('',(-2.2692889140563,40.3332297317158,0.));
#2951=CARTESIAN_POINT('',(0.230711085943704,37.8332297317158,2.5));
#2952=CARTESIAN_POINT('Origin',(0.230711085943705,40.3332297317158,2.5));
#2953=CARTESIAN_POINT('',(0.230711085943704,37.8332297317158,0.));
#2954=CARTESIAN_POINT('Origin',(-2.26928891405632,92.3332297317158,0.));
#2955=CARTESIAN_POINT('',(-2.26928891405631,89.8332297317158,2.5));
#2956=CARTESIAN_POINT('',(-2.26928891405631,89.8332297317158,0.));
#2957=CARTESIAN_POINT('',(-2.26928891405631,78.7082297317158,2.5));
#2958=CARTESIAN_POINT('Origin',(0.230711085943689,89.8332297317158,0.));
#2959=CARTESIAN_POINT('',(0.230711085943689,92.3332297317158,2.5));
#2960=CARTESIAN_POINT('',(0.230711085943689,92.3332297317158,0.));
#2961=CARTESIAN_POINT('Origin',(0.230711085943689,89.8332297317158,2.5));
#2962=CARTESIAN_POINT('Origin',(88.2307110859437,92.3332297317158,0.));
#2963=CARTESIAN_POINT('',(85.7307110859437,92.3332297317158,2.5));
#2964=CARTESIAN_POINT('',(85.7307110859437,92.3332297317158,0.));
#2965=CARTESIAN_POINT('',(65.6057110859437,92.3332297317158,2.5));
#2966=CARTESIAN_POINT('Origin',(77.2807110859437,39.7832289866577,1.4));
#2967=CARTESIAN_POINT('',(77.2807110859437,90.3332297317158,2.1));
#2968=CARTESIAN_POINT('',(77.2807110859437,90.3332297317158,0.7));
#2969=CARTESIAN_POINT('',(77.2807110859437,90.3832289866577,2.1));
#2970=CARTESIAN_POINT('',(77.2807110859437,90.3832289866577,2.1));
#2971=CARTESIAN_POINT('',(77.2807110859437,90.3832289866577,1.4));
#2972=CARTESIAN_POINT('',(77.2807110859437,90.3832289866577,1.4));
#2973=CARTESIAN_POINT('',(77.2807110859437,39.7832289866577,1.4));
#2974=CARTESIAN_POINT('',(77.2807110859437,90.3832289866577,1.4));
#2975=CARTESIAN_POINT('',(77.2807110859437,39.7832289866577,2.1));
#2976=CARTESIAN_POINT('',(77.2807110859437,39.7832289866577,1.4));
#2977=CARTESIAN_POINT('',(77.2807110859437,90.3832289866577,2.1));
#2978=CARTESIAN_POINT('Origin',(42.4807110859437,65.0832289866577,2.1));
#2979=CARTESIAN_POINT('',(7.68071108594366,39.7832289866577,2.1));
#2980=CARTESIAN_POINT('',(77.2807110859437,39.7832289866577,2.1));
#2981=CARTESIAN_POINT('',(7.68071108594366,39.7832289866577,2.1));
#2982=CARTESIAN_POINT('Origin',(42.4807110859437,65.0832289866577,2.1));
#2983=CARTESIAN_POINT('',(7.68071108594365,90.3332297317158,2.1));
#2984=CARTESIAN_POINT('',(65.3557110859437,90.3332297317158,2.1));
#2985=CARTESIAN_POINT('',(7.68071108594365,90.3832289866577,2.1));
#2986=CARTESIAN_POINT('',(7.68071108594366,39.7832289866577,2.1));
#2987=CARTESIAN_POINT('',(7.68071108594365,90.3832289866577,2.1));
#2988=CARTESIAN_POINT('Origin',(7.68071108594365,39.7832289866577,1.4));
#2989=CARTESIAN_POINT('',(7.68071108594366,39.7832289866577,1.4));
#2990=CARTESIAN_POINT('',(77.2807110859437,39.7832289866577,1.4));
#2991=CARTESIAN_POINT('',(7.68071108594366,39.7832289866577,1.4));
#2992=CARTESIAN_POINT('Origin',(7.68071108594365,90.3832289866577,1.4));
#2993=CARTESIAN_POINT('',(7.68071108594365,90.3332297317158,0.7));
#2994=CARTESIAN_POINT('',(7.68071108594365,90.3832289866577,1.4));
#2995=CARTESIAN_POINT('',(7.68071108594366,39.7832289866577,1.4));
#2996=CARTESIAN_POINT('',(7.68071108594365,90.3832289866577,1.4));
#2997=CARTESIAN_POINT('Origin',(77.2807110859437,90.3832289866577,1.4));
#2998=CARTESIAN_POINT('',(7.68071108594365,90.3832289866577,1.4));
#2999=CARTESIAN_POINT('Origin',(42.4807110859437,65.0832289866577,1.4));
#3000=CARTESIAN_POINT('',(74.9807110859437,42.0832289866577,1.4));
#3001=CARTESIAN_POINT('',(74.9807110859437,53.5832289866577,1.4));
#3002=CARTESIAN_POINT('',(29.2307110859437,42.0832289866577,1.4));
#3003=CARTESIAN_POINT('Origin',(74.9807110859437,42.0832289866577,0.));
#3004=CARTESIAN_POINT('',(74.9807110859437,42.0832289866577,0.));
#3005=CARTESIAN_POINT('Origin',(88.2307110859437,90.3332297317158,0.));
#3006=CARTESIAN_POINT('',(-0.269288914056318,90.3332297317158,0.));
#3007=CARTESIAN_POINT('Origin',(15.9807110859437,42.0832289866577,0.));
#3008=CARTESIAN_POINT('Origin',(85.7307110859437,89.8332297317158,2.5));
#3009=CARTESIAN_POINT('',(88.2307110859437,89.8332297317158,2.5));
#3010=CARTESIAN_POINT('Origin',(85.7307110859437,89.8332297317158,2.5));
#3011=CARTESIAN_POINT('Origin',(85.7307110859437,89.8332297317158,2.5));
#3012=CARTESIAN_POINT('Origin',(85.7307110859437,89.8332297317158,2.5));
#3013=CARTESIAN_POINT('Origin',(85.7307110859437,40.3332297317158,2.5));
#3014=CARTESIAN_POINT('',(85.7307110859437,37.8332297317158,2.5));
#3015=CARTESIAN_POINT('',(88.2307110859437,40.3332297317158,2.5));
#3016=CARTESIAN_POINT('Origin',(85.7307110859437,40.3332297317158,2.5));
#3017=CARTESIAN_POINT('Origin',(85.7307110859437,40.3332297317158,2.5));
#3018=CARTESIAN_POINT('Origin',(85.7307110859437,40.3332297317158,2.5));
#3019=CARTESIAN_POINT('Origin',(0.230711085943689,89.8332297317158,2.5));
#3020=CARTESIAN_POINT('Origin',(0.230711085943689,89.8332297317158,2.5));
#3021=CARTESIAN_POINT('Origin',(0.230711085943685,89.8332297317158,2.5));
#3022=CARTESIAN_POINT('Origin',(65.6057110859437,89.8332297317158,2.5));
#3023=CARTESIAN_POINT('Origin',(0.230711085943704,40.3332297317158,2.5));
#3024=CARTESIAN_POINT('Origin',(0.230711085943704,40.3332297317158,2.5));
#3025=CARTESIAN_POINT('Origin',(0.230711085943702,40.3332297317158,2.5));
#3026=CARTESIAN_POINT('Origin',(0.230711085943689,78.7082297317158,2.5));
#3027=CARTESIAN_POINT('Origin',(20.3557110859437,40.3332297317158,2.5));
#3028=CARTESIAN_POINT('',(20.3557110859437,37.8332297317158,2.5));
#3029=CARTESIAN_POINT('Origin',(85.7307110859437,51.4582297317158,2.5));
#3030=CARTESIAN_POINT('',(88.2307110859437,51.4582297317158,2.5));
#3031=CARTESIAN_POINT('Origin',(85.7307110859437,40.3332297317158,0.));
#3032=CARTESIAN_POINT('',(85.7307110859437,37.8332297317158,0.));
#3033=CARTESIAN_POINT('',(88.2307110859437,40.3332297317158,0.));
#3034=CARTESIAN_POINT('Origin',(85.7307110859437,89.8332297317158,0.));
#3035=CARTESIAN_POINT('',(88.2307110859437,89.8332297317158,0.));
#3036=CARTESIAN_POINT('Origin',(-2.26928891405629,37.8332297317158,0.));
#3037=CARTESIAN_POINT('Origin',(88.2307110859437,37.8332297317158,0.));
#3038=CARTESIAN_POINT('Origin',(-0.269288914056315,92.3332297317158,0.));
#3039=CARTESIAN_POINT('Ctrl Pts',(6.380711085946,86.0832297317158,0.));
#3040=CARTESIAN_POINT('Ctrl Pts',(6.380711085946,86.0832297317158,2.));
#3041=CARTESIAN_POINT('Ctrl Pts',(6.38071108594375,86.3477836556882,0.));
#3042=CARTESIAN_POINT('Ctrl Pts',(6.38071108594375,86.3477836556882,2.));
#3043=CARTESIAN_POINT('Ctrl Pts',(6.33657370455888,86.612286697989,0.));
#3044=CARTESIAN_POINT('Ctrl Pts',(6.33657370455888,86.612286697989,2.));
#3045=CARTESIAN_POINT('Ctrl Pts',(6.11323048522693,87.2628632710474,0.));
#3046=CARTESIAN_POINT('Ctrl Pts',(6.11323048522693,87.2628632710474,2.));
#3047=CARTESIAN_POINT('Ctrl Pts',(5.86764940624437,87.6255128303146,0.));
#3048=CARTESIAN_POINT('Ctrl Pts',(5.86764940624437,87.6255128303146,2.));
#3049=CARTESIAN_POINT('Ctrl Pts',(5.15633982809258,88.2381320402232,0.));
#3050=CARTESIAN_POINT('Ctrl Pts',(5.15633982809258,88.2381320402232,2.));
#3051=CARTESIAN_POINT('Ctrl Pts',(4.65489497509656,88.4435650049998,0.));
#3052=CARTESIAN_POINT('Ctrl Pts',(4.65489497509656,88.4435650049998,2.));
#3053=CARTESIAN_POINT('Ctrl Pts',(3.61257151385787,88.5131475633798,0.));
#3054=CARTESIAN_POINT('Ctrl Pts',(3.61257151385787,88.5131475633798,2.));
#3055=CARTESIAN_POINT('Ctrl Pts',(3.07415659281368,88.3675647049034,0.));
#3056=CARTESIAN_POINT('Ctrl Pts',(3.07415659281368,88.3675647049034,2.));
#3057=CARTESIAN_POINT('Ctrl Pts',(2.15944298403564,87.7487179402009,0.));
#3058=CARTESIAN_POINT('Ctrl Pts',(2.15944298403564,87.7487179402009,2.));
#3059=CARTESIAN_POINT('Ctrl Pts',(1.80570727735725,87.2495173254109,0.));
#3060=CARTESIAN_POINT('Ctrl Pts',(1.80570727735725,87.2495173254109,2.));
#3061=CARTESIAN_POINT('Ctrl Pts',(1.50015707434983,86.0867566709965,0.));
#3062=CARTESIAN_POINT('Ctrl Pts',(1.50015707434983,86.0867566709965,2.));
#3063=CARTESIAN_POINT('Ctrl Pts',(1.59086046285127,85.4185686039852,0.));
#3064=CARTESIAN_POINT('Ctrl Pts',(1.59086046285127,85.4185686039852,2.));
#3065=CARTESIAN_POINT('Ctrl Pts',(2.23233350342322,84.3157019870077,0.));
#3066=CARTESIAN_POINT('Ctrl Pts',(2.23233350342322,84.3157019870077,2.));
#3067=CARTESIAN_POINT('Ctrl Pts',(2.79537187466621,83.8978350684942,0.));
#3068=CARTESIAN_POINT('Ctrl Pts',(2.79537187466621,83.8978350684942,2.));
#3069=CARTESIAN_POINT('Ctrl Pts',(4.06595541043863,83.5963809900539,0.));
#3070=CARTESIAN_POINT('Ctrl Pts',(4.06595541043863,83.5963809900539,2.));
#3071=CARTESIAN_POINT('Ctrl Pts',(4.766092918848,83.7221156635816,0.));
#3072=CARTESIAN_POINT('Ctrl Pts',(4.766092918848,83.7221156635816,2.));
#3073=CARTESIAN_POINT('Ctrl Pts',(5.96647543397135,84.5229441027202,0.));
#3074=CARTESIAN_POINT('Ctrl Pts',(5.96647543397135,84.5229441027202,2.));
#3075=CARTESIAN_POINT('Ctrl Pts',(6.380711085946,85.2972629638422,0.));
#3076=CARTESIAN_POINT('Ctrl Pts',(6.380711085946,85.2972629638422,2.));
#3077=CARTESIAN_POINT('Ctrl Pts',(6.380711085946,86.0832297317158,0.));
#3078=CARTESIAN_POINT('Ctrl Pts',(6.380711085946,86.0832297317158,2.));
#3079=CARTESIAN_POINT('',(6.37987439342769,86.0832322924251,2.));
#3080=CARTESIAN_POINT('',(6.380711085946,86.0832297317158,0.));
#3081=CARTESIAN_POINT('',(6.32047984316999,86.6172801426941,2.));
#3082=CARTESIAN_POINT('Ctrl Pts',(6.32047984316999,86.6172801426941,2.));
#3083=CARTESIAN_POINT('Ctrl Pts',(6.34331632703929,86.5165822177713,2.));
#3084=CARTESIAN_POINT('Ctrl Pts',(6.35955301122083,86.4138801155783,2.));
#3085=CARTESIAN_POINT('Ctrl Pts',(6.3758576877725,86.2341953387085,2.));
#3086=CARTESIAN_POINT('Ctrl Pts',(6.37913873542255,86.1587776006972,2.));
#3087=CARTESIAN_POINT('Ctrl Pts',(6.37890753699659,86.0832352515028,2.));
#3088=CARTESIAN_POINT('Ctrl Pts',(6.32047984317068,86.6172801426911,0.));
#3089=CARTESIAN_POINT('Ctrl Pts',(6.32047984317068,86.6172801426911,0.00571877200070794));
#3090=CARTESIAN_POINT('Ctrl Pts',(6.32047984317068,86.6172801426911,0.0114375440014159));
#3091=CARTESIAN_POINT('Ctrl Pts',(6.32047984317068,86.6172801426911,0.350489649335457));
#3092=CARTESIAN_POINT('Ctrl Pts',(6.32047984317068,86.6172801426911,0.68382298266879));
#3093=CARTESIAN_POINT('Ctrl Pts',(6.32047984317068,86.6172801426911,1.34477087733475));
#3094=CARTESIAN_POINT('Ctrl Pts',(6.32047984316999,86.6172801426941,1.67238543866737));
#3095=CARTESIAN_POINT('Ctrl Pts',(6.32047984316999,86.6172801426941,2.));
#3096=CARTESIAN_POINT('Ctrl Pts',(6.380711085946,86.0832297317158,0.));
#3097=CARTESIAN_POINT('Ctrl Pts',(6.380711085946,86.0832297317158,2.));
#3098=CARTESIAN_POINT('Ctrl Pts',(6.38071108594375,86.3477836556882,0.));
#3099=CARTESIAN_POINT('Ctrl Pts',(6.38071108594375,86.3477836556882,2.));
#3100=CARTESIAN_POINT('Ctrl Pts',(6.33657370455888,86.612286697989,0.));
#3101=CARTESIAN_POINT('Ctrl Pts',(6.33657370455888,86.612286697989,2.));
#3102=CARTESIAN_POINT('Ctrl Pts',(6.11323048522693,87.2628632710474,0.));
#3103=CARTESIAN_POINT('Ctrl Pts',(6.11323048522693,87.2628632710474,2.));
#3104=CARTESIAN_POINT('Ctrl Pts',(5.86764940624437,87.6255128303146,0.));
#3105=CARTESIAN_POINT('Ctrl Pts',(5.86764940624437,87.6255128303146,2.));
#3106=CARTESIAN_POINT('Ctrl Pts',(5.15633982809258,88.2381320402232,0.));
#3107=CARTESIAN_POINT('Ctrl Pts',(5.15633982809258,88.2381320402232,2.));
#3108=CARTESIAN_POINT('Ctrl Pts',(4.65489497509656,88.4435650049998,0.));
#3109=CARTESIAN_POINT('Ctrl Pts',(4.65489497509656,88.4435650049998,2.));
#3110=CARTESIAN_POINT('Ctrl Pts',(3.61257151385787,88.5131475633798,0.));
#3111=CARTESIAN_POINT('Ctrl Pts',(3.61257151385787,88.5131475633798,2.));
#3112=CARTESIAN_POINT('Ctrl Pts',(3.07415659281368,88.3675647049034,0.));
#3113=CARTESIAN_POINT('Ctrl Pts',(3.07415659281368,88.3675647049034,2.));
#3114=CARTESIAN_POINT('Ctrl Pts',(2.15944298403564,87.7487179402009,0.));
#3115=CARTESIAN_POINT('Ctrl Pts',(2.15944298403564,87.7487179402009,2.));
#3116=CARTESIAN_POINT('Ctrl Pts',(1.80570727735725,87.2495173254109,0.));
#3117=CARTESIAN_POINT('Ctrl Pts',(1.80570727735725,87.2495173254109,2.));
#3118=CARTESIAN_POINT('Ctrl Pts',(1.50015707434983,86.0867566709965,0.));
#3119=CARTESIAN_POINT('Ctrl Pts',(1.50015707434983,86.0867566709965,2.));
#3120=CARTESIAN_POINT('Ctrl Pts',(1.59086046285127,85.4185686039852,0.));
#3121=CARTESIAN_POINT('Ctrl Pts',(1.59086046285127,85.4185686039852,2.));
#3122=CARTESIAN_POINT('Ctrl Pts',(2.23233350342322,84.3157019870077,0.));
#3123=CARTESIAN_POINT('Ctrl Pts',(2.23233350342322,84.3157019870077,2.));
#3124=CARTESIAN_POINT('Ctrl Pts',(2.79537187466621,83.8978350684942,0.));
#3125=CARTESIAN_POINT('Ctrl Pts',(2.79537187466621,83.8978350684942,2.));
#3126=CARTESIAN_POINT('Ctrl Pts',(4.06595541043863,83.5963809900539,0.));
#3127=CARTESIAN_POINT('Ctrl Pts',(4.06595541043863,83.5963809900539,2.));
#3128=CARTESIAN_POINT('Ctrl Pts',(4.766092918848,83.7221156635816,0.));
#3129=CARTESIAN_POINT('Ctrl Pts',(4.766092918848,83.7221156635816,2.));
#3130=CARTESIAN_POINT('Ctrl Pts',(5.96647543397135,84.5229441027202,0.));
#3131=CARTESIAN_POINT('Ctrl Pts',(5.96647543397135,84.5229441027202,2.));
#3132=CARTESIAN_POINT('Ctrl Pts',(6.380711085946,85.2972629638422,0.));
#3133=CARTESIAN_POINT('Ctrl Pts',(6.380711085946,85.2972629638422,2.));
#3134=CARTESIAN_POINT('Ctrl Pts',(6.380711085946,86.0832297317158,0.));
#3135=CARTESIAN_POINT('Ctrl Pts',(6.380711085946,86.0832297317158,2.));
#3136=CARTESIAN_POINT('',(4.79980199138772,88.3380288286749,2.));
#3137=CARTESIAN_POINT('',(5.43160492606195,87.9948530262296,2.));
#3138=CARTESIAN_POINT('Ctrl Pts',(4.79980199138771,88.3380288286749,2.));
#3139=CARTESIAN_POINT('Ctrl Pts',(5.02586791116154,88.2557292558447,2.));
#3140=CARTESIAN_POINT('Ctrl Pts',(5.23979073676519,88.1399764323764,2.));
#3141=CARTESIAN_POINT('Ctrl Pts',(5.43160492606195,87.9948530262296,2.));
#3142=CARTESIAN_POINT('Ctrl Pts',(4.79980199138772,88.3380288286749,2.));
#3143=CARTESIAN_POINT('Ctrl Pts',(4.79980199138772,88.3380288286749,1.66666666666667));
#3144=CARTESIAN_POINT('Ctrl Pts',(4.79980199138772,88.3380288286749,1.33333333333333));
#3145=CARTESIAN_POINT('Ctrl Pts',(4.79980199138772,88.3380288286749,0.666666666666667));
#3146=CARTESIAN_POINT('Ctrl Pts',(4.79980199139719,88.3380288286715,0.333333333333333));
#3147=CARTESIAN_POINT('Ctrl Pts',(4.79980199139719,88.3380288286715,0.));
#3148=CARTESIAN_POINT('Ctrl Pts',(5.43160492605472,87.9948530262351,0.));
#3149=CARTESIAN_POINT('Ctrl Pts',(5.43160492605472,87.9948530262351,0.0319114504929783));
#3150=CARTESIAN_POINT('Ctrl Pts',(5.43160492605472,87.9948530262351,0.0638229009859566));
#3151=CARTESIAN_POINT('Ctrl Pts',(5.43160492605472,87.9948530262351,0.429067684812268));
#3152=CARTESIAN_POINT('Ctrl Pts',(5.43160492605472,87.9948530262351,0.762401018145602));
#3153=CARTESIAN_POINT('Ctrl Pts',(5.43160492605472,87.9948530262351,1.39715623431929));
#3154=CARTESIAN_POINT('Ctrl Pts',(5.43160492606195,87.9948530262296,1.69857811715965));
#3155=CARTESIAN_POINT('Ctrl Pts',(5.43160492606195,87.9948530262296,2.));
#3156=CARTESIAN_POINT('Ctrl Pts',(6.380711085946,86.0832297317158,0.));
#3157=CARTESIAN_POINT('Ctrl Pts',(6.380711085946,86.0832297317158,2.));
#3158=CARTESIAN_POINT('Ctrl Pts',(6.38071108594375,86.3477836556882,0.));
#3159=CARTESIAN_POINT('Ctrl Pts',(6.38071108594375,86.3477836556882,2.));
#3160=CARTESIAN_POINT('Ctrl Pts',(6.33657370455888,86.612286697989,0.));
#3161=CARTESIAN_POINT('Ctrl Pts',(6.33657370455888,86.612286697989,2.));
#3162=CARTESIAN_POINT('Ctrl Pts',(6.11323048522693,87.2628632710474,0.));
#3163=CARTESIAN_POINT('Ctrl Pts',(6.11323048522693,87.2628632710474,2.));
#3164=CARTESIAN_POINT('Ctrl Pts',(5.86764940624437,87.6255128303146,0.));
#3165=CARTESIAN_POINT('Ctrl Pts',(5.86764940624437,87.6255128303146,2.));
#3166=CARTESIAN_POINT('Ctrl Pts',(5.15633982809258,88.2381320402232,0.));
#3167=CARTESIAN_POINT('Ctrl Pts',(5.15633982809258,88.2381320402232,2.));
#3168=CARTESIAN_POINT('Ctrl Pts',(4.65489497509656,88.4435650049998,0.));
#3169=CARTESIAN_POINT('Ctrl Pts',(4.65489497509656,88.4435650049998,2.));
#3170=CARTESIAN_POINT('Ctrl Pts',(3.61257151385787,88.5131475633798,0.));
#3171=CARTESIAN_POINT('Ctrl Pts',(3.61257151385787,88.5131475633798,2.));
#3172=CARTESIAN_POINT('Ctrl Pts',(3.07415659281368,88.3675647049034,0.));
#3173=CARTESIAN_POINT('Ctrl Pts',(3.07415659281368,88.3675647049034,2.));
#3174=CARTESIAN_POINT('Ctrl Pts',(2.15944298403564,87.7487179402009,0.));
#3175=CARTESIAN_POINT('Ctrl Pts',(2.15944298403564,87.7487179402009,2.));
#3176=CARTESIAN_POINT('Ctrl Pts',(1.80570727735725,87.2495173254109,0.));
#3177=CARTESIAN_POINT('Ctrl Pts',(1.80570727735725,87.2495173254109,2.));
#3178=CARTESIAN_POINT('Ctrl Pts',(1.50015707434983,86.0867566709965,0.));
#3179=CARTESIAN_POINT('Ctrl Pts',(1.50015707434983,86.0867566709965,2.));
#3180=CARTESIAN_POINT('Ctrl Pts',(1.59086046285127,85.4185686039852,0.));
#3181=CARTESIAN_POINT('Ctrl Pts',(1.59086046285127,85.4185686039852,2.));
#3182=CARTESIAN_POINT('Ctrl Pts',(2.23233350342322,84.3157019870077,0.));
#3183=CARTESIAN_POINT('Ctrl Pts',(2.23233350342322,84.3157019870077,2.));
#3184=CARTESIAN_POINT('Ctrl Pts',(2.79537187466621,83.8978350684942,0.));
#3185=CARTESIAN_POINT('Ctrl Pts',(2.79537187466621,83.8978350684942,2.));
#3186=CARTESIAN_POINT('Ctrl Pts',(4.06595541043863,83.5963809900539,0.));
#3187=CARTESIAN_POINT('Ctrl Pts',(4.06595541043863,83.5963809900539,2.));
#3188=CARTESIAN_POINT('Ctrl Pts',(4.766092918848,83.7221156635816,0.));
#3189=CARTESIAN_POINT('Ctrl Pts',(4.766092918848,83.7221156635816,2.));
#3190=CARTESIAN_POINT('Ctrl Pts',(5.96647543397135,84.5229441027202,0.));
#3191=CARTESIAN_POINT('Ctrl Pts',(5.96647543397135,84.5229441027202,2.));
#3192=CARTESIAN_POINT('Ctrl Pts',(6.380711085946,85.2972629638422,0.));
#3193=CARTESIAN_POINT('Ctrl Pts',(6.380711085946,85.2972629638422,2.));
#3194=CARTESIAN_POINT('Ctrl Pts',(6.380711085946,86.0832297317158,0.));
#3195=CARTESIAN_POINT('Ctrl Pts',(6.380711085946,86.0832297317158,2.));
#3196=CARTESIAN_POINT('',(3.16162018049824,88.3380288286743,2.));
#3197=CARTESIAN_POINT('',(3.98071108593457,88.4830772278983,2.));
#3198=CARTESIAN_POINT('Ctrl Pts',(3.16162018049824,88.3380288286743,2.));
#3199=CARTESIAN_POINT('Ctrl Pts',(3.42368101141871,88.4327971219745,2.));
#3200=CARTESIAN_POINT('Ctrl Pts',(3.7020951503029,88.4826023366533,2.));
#3201=CARTESIAN_POINT('Ctrl Pts',(3.98071108593457,88.4830772278983,2.));
#3202=CARTESIAN_POINT('Ctrl Pts',(3.16162018049824,88.3380288286743,2.));
#3203=CARTESIAN_POINT('Ctrl Pts',(3.16162018049824,88.3380288286743,1.66666666666667));
#3204=CARTESIAN_POINT('Ctrl Pts',(3.16162018049824,88.3380288286743,1.33333333333333));
#3205=CARTESIAN_POINT('Ctrl Pts',(3.16162018049824,88.3380288286743,0.666666666666667));
#3206=CARTESIAN_POINT('Ctrl Pts',(3.16162018048244,88.3380288286686,0.333333333333333));
#3207=CARTESIAN_POINT('Ctrl Pts',(3.16162018048244,88.3380288286686,0.));
#3208=CARTESIAN_POINT('Ctrl Pts',(3.98071108593638,88.4830772278983,0.));
#3209=CARTESIAN_POINT('Ctrl Pts',(3.98071108593638,88.4830772278983,0.0369664619666541));
#3210=CARTESIAN_POINT('Ctrl Pts',(3.98071108593638,88.4830772278983,0.0739329239333083));
#3211=CARTESIAN_POINT('Ctrl Pts',(3.98071108593638,88.4830772278983,0.740599590599975));
#3212=CARTESIAN_POINT('Ctrl Pts',(3.98071108593458,88.4830772278983,1.37029979529999));
#3213=CARTESIAN_POINT('Ctrl Pts',(3.98071108593458,88.4830772278983,2.));
#3214=CARTESIAN_POINT('Ctrl Pts',(6.380711085946,86.0832297317158,0.));
#3215=CARTESIAN_POINT('Ctrl Pts',(6.380711085946,86.0832297317158,2.));
#3216=CARTESIAN_POINT('Ctrl Pts',(6.38071108594375,86.3477836556882,0.));
#3217=CARTESIAN_POINT('Ctrl Pts',(6.38071108594375,86.3477836556882,2.));
#3218=CARTESIAN_POINT('Ctrl Pts',(6.33657370455888,86.612286697989,0.));
#3219=CARTESIAN_POINT('Ctrl Pts',(6.33657370455888,86.612286697989,2.));
#3220=CARTESIAN_POINT('Ctrl Pts',(6.11323048522693,87.2628632710474,0.));
#3221=CARTESIAN_POINT('Ctrl Pts',(6.11323048522693,87.2628632710474,2.));
#3222=CARTESIAN_POINT('Ctrl Pts',(5.86764940624437,87.6255128303146,0.));
#3223=CARTESIAN_POINT('Ctrl Pts',(5.86764940624437,87.6255128303146,2.));
#3224=CARTESIAN_POINT('Ctrl Pts',(5.15633982809258,88.2381320402232,0.));
#3225=CARTESIAN_POINT('Ctrl Pts',(5.15633982809258,88.2381320402232,2.));
#3226=CARTESIAN_POINT('Ctrl Pts',(4.65489497509656,88.4435650049998,0.));
#3227=CARTESIAN_POINT('Ctrl Pts',(4.65489497509656,88.4435650049998,2.));
#3228=CARTESIAN_POINT('Ctrl Pts',(3.61257151385787,88.5131475633798,0.));
#3229=CARTESIAN_POINT('Ctrl Pts',(3.61257151385787,88.5131475633798,2.));
#3230=CARTESIAN_POINT('Ctrl Pts',(3.07415659281368,88.3675647049034,0.));
#3231=CARTESIAN_POINT('Ctrl Pts',(3.07415659281368,88.3675647049034,2.));
#3232=CARTESIAN_POINT('Ctrl Pts',(2.15944298403564,87.7487179402009,0.));
#3233=CARTESIAN_POINT('Ctrl Pts',(2.15944298403564,87.7487179402009,2.));
#3234=CARTESIAN_POINT('Ctrl Pts',(1.80570727735725,87.2495173254109,0.));
#3235=CARTESIAN_POINT('Ctrl Pts',(1.80570727735725,87.2495173254109,2.));
#3236=CARTESIAN_POINT('Ctrl Pts',(1.50015707434983,86.0867566709965,0.));
#3237=CARTESIAN_POINT('Ctrl Pts',(1.50015707434983,86.0867566709965,2.));
#3238=CARTESIAN_POINT('Ctrl Pts',(1.59086046285127,85.4185686039852,0.));
#3239=CARTESIAN_POINT('Ctrl Pts',(1.59086046285127,85.4185686039852,2.));
#3240=CARTESIAN_POINT('Ctrl Pts',(2.23233350342322,84.3157019870077,0.));
#3241=CARTESIAN_POINT('Ctrl Pts',(2.23233350342322,84.3157019870077,2.));
#3242=CARTESIAN_POINT('Ctrl Pts',(2.79537187466621,83.8978350684942,0.));
#3243=CARTESIAN_POINT('Ctrl Pts',(2.79537187466621,83.8978350684942,2.));
#3244=CARTESIAN_POINT('Ctrl Pts',(4.06595541043863,83.5963809900539,0.));
#3245=CARTESIAN_POINT('Ctrl Pts',(4.06595541043863,83.5963809900539,2.));
#3246=CARTESIAN_POINT('Ctrl Pts',(4.766092918848,83.7221156635816,0.));
#3247=CARTESIAN_POINT('Ctrl Pts',(4.766092918848,83.7221156635816,2.));
#3248=CARTESIAN_POINT('Ctrl Pts',(5.96647543397135,84.5229441027202,0.));
#3249=CARTESIAN_POINT('Ctrl Pts',(5.96647543397135,84.5229441027202,2.));
#3250=CARTESIAN_POINT('Ctrl Pts',(6.380711085946,85.2972629638422,0.));
#3251=CARTESIAN_POINT('Ctrl Pts',(6.380711085946,85.2972629638422,2.));
#3252=CARTESIAN_POINT('Ctrl Pts',(6.380711085946,86.0832297317158,0.));
#3253=CARTESIAN_POINT('Ctrl Pts',(6.380711085946,86.0832297317158,2.));
#3254=CARTESIAN_POINT('',(1.67307606903584,86.7425621053023,2.));
#3255=CARTESIAN_POINT('',(2.5298172458122,87.9948530262196,2.));
#3256=CARTESIAN_POINT('Ctrl Pts',(1.6730760690349,86.742562105299,2.));
#3257=CARTESIAN_POINT('Ctrl Pts',(1.81481477560748,87.237138622307,2.));
#3258=CARTESIAN_POINT('Ctrl Pts',(2.12064896056474,87.6831516379002,2.));
#3259=CARTESIAN_POINT('Ctrl Pts',(2.52981724581221,87.9948530262196,2.));
#3260=CARTESIAN_POINT('Ctrl Pts',(1.67307606903584,86.7425621053023,2.));
#3261=CARTESIAN_POINT('Ctrl Pts',(1.67307606903584,86.7425621053023,1.66666666666667));
#3262=CARTESIAN_POINT('Ctrl Pts',(1.67307606903584,86.7425621053023,1.33333333333333));
#3263=CARTESIAN_POINT('Ctrl Pts',(1.67307606903584,86.7425621053023,0.666666666666667));
#3264=CARTESIAN_POINT('Ctrl Pts',(1.67307606903721,86.7425621053071,0.333333333333333));
#3265=CARTESIAN_POINT('Ctrl Pts',(1.67307606903721,86.7425621053071,0.));
#3266=CARTESIAN_POINT('Ctrl Pts',(2.52981724581341,87.9948530262205,0.));
#3267=CARTESIAN_POINT('Ctrl Pts',(2.52981724581341,87.9948530262205,0.0682510561893352));
#3268=CARTESIAN_POINT('Ctrl Pts',(2.52981724581341,87.9948530262205,0.136502112378671));
#3269=CARTESIAN_POINT('Ctrl Pts',(2.52981724581341,87.9948530262205,0.803168779045337));
#3270=CARTESIAN_POINT('Ctrl Pts',(2.5298172458122,87.9948530262196,1.40158438952267));
#3271=CARTESIAN_POINT('Ctrl Pts',(2.5298172458122,87.9948530262196,2.));
#3272=CARTESIAN_POINT('Ctrl Pts',(6.380711085946,86.0832297317158,0.));
#3273=CARTESIAN_POINT('Ctrl Pts',(6.380711085946,86.0832297317158,2.));
#3274=CARTESIAN_POINT('Ctrl Pts',(6.38071108594375,86.3477836556882,0.));
#3275=CARTESIAN_POINT('Ctrl Pts',(6.38071108594375,86.3477836556882,2.));
#3276=CARTESIAN_POINT('Ctrl Pts',(6.33657370455888,86.612286697989,0.));
#3277=CARTESIAN_POINT('Ctrl Pts',(6.33657370455888,86.612286697989,2.));
#3278=CARTESIAN_POINT('Ctrl Pts',(6.11323048522693,87.2628632710474,0.));
#3279=CARTESIAN_POINT('Ctrl Pts',(6.11323048522693,87.2628632710474,2.));
#3280=CARTESIAN_POINT('Ctrl Pts',(5.86764940624437,87.6255128303146,0.));
#3281=CARTESIAN_POINT('Ctrl Pts',(5.86764940624437,87.6255128303146,2.));
#3282=CARTESIAN_POINT('Ctrl Pts',(5.15633982809258,88.2381320402232,0.));
#3283=CARTESIAN_POINT('Ctrl Pts',(5.15633982809258,88.2381320402232,2.));
#3284=CARTESIAN_POINT('Ctrl Pts',(4.65489497509656,88.4435650049998,0.));
#3285=CARTESIAN_POINT('Ctrl Pts',(4.65489497509656,88.4435650049998,2.));
#3286=CARTESIAN_POINT('Ctrl Pts',(3.61257151385787,88.5131475633798,0.));
#3287=CARTESIAN_POINT('Ctrl Pts',(3.61257151385787,88.5131475633798,2.));
#3288=CARTESIAN_POINT('Ctrl Pts',(3.07415659281368,88.3675647049034,0.));
#3289=CARTESIAN_POINT('Ctrl Pts',(3.07415659281368,88.3675647049034,2.));
#3290=CARTESIAN_POINT('Ctrl Pts',(2.15944298403564,87.7487179402009,0.));
#3291=CARTESIAN_POINT('Ctrl Pts',(2.15944298403564,87.7487179402009,2.));
#3292=CARTESIAN_POINT('Ctrl Pts',(1.80570727735725,87.2495173254109,0.));
#3293=CARTESIAN_POINT('Ctrl Pts',(1.80570727735725,87.2495173254109,2.));
#3294=CARTESIAN_POINT('Ctrl Pts',(1.50015707434983,86.0867566709965,0.));
#3295=CARTESIAN_POINT('Ctrl Pts',(1.50015707434983,86.0867566709965,2.));
#3296=CARTESIAN_POINT('Ctrl Pts',(1.59086046285127,85.4185686039852,0.));
#3297=CARTESIAN_POINT('Ctrl Pts',(1.59086046285127,85.4185686039852,2.));
#3298=CARTESIAN_POINT('Ctrl Pts',(2.23233350342322,84.3157019870077,0.));
#3299=CARTESIAN_POINT('Ctrl Pts',(2.23233350342322,84.3157019870077,2.));
#3300=CARTESIAN_POINT('Ctrl Pts',(2.79537187466621,83.8978350684942,0.));
#3301=CARTESIAN_POINT('Ctrl Pts',(2.79537187466621,83.8978350684942,2.));
#3302=CARTESIAN_POINT('Ctrl Pts',(4.06595541043863,83.5963809900539,0.));
#3303=CARTESIAN_POINT('Ctrl Pts',(4.06595541043863,83.5963809900539,2.));
#3304=CARTESIAN_POINT('Ctrl Pts',(4.766092918848,83.7221156635816,0.));
#3305=CARTESIAN_POINT('Ctrl Pts',(4.766092918848,83.7221156635816,2.));
#3306=CARTESIAN_POINT('Ctrl Pts',(5.96647543397135,84.5229441027202,0.));
#3307=CARTESIAN_POINT('Ctrl Pts',(5.96647543397135,84.5229441027202,2.));
#3308=CARTESIAN_POINT('Ctrl Pts',(6.380711085946,85.2972629638422,0.));
#3309=CARTESIAN_POINT('Ctrl Pts',(6.380711085946,85.2972629638422,2.));
#3310=CARTESIAN_POINT('Ctrl Pts',(6.380711085946,86.0832297317158,0.));
#3311=CARTESIAN_POINT('Ctrl Pts',(6.380711085946,86.0832297317158,2.));
#3312=CARTESIAN_POINT('',(1.58167793814606,86.0832326907806,2.));
#3313=CARTESIAN_POINT('',(1.6409423287121,86.6172801426706,2.));
#3314=CARTESIAN_POINT('Ctrl Pts',(1.58251463489087,86.0832352515028,2.));
#3315=CARTESIAN_POINT('Ctrl Pts',(1.5819652839496,86.2627315454799,2.));
#3316=CARTESIAN_POINT('Ctrl Pts',(1.6012414104078,86.4422181622955,2.));
#3317=CARTESIAN_POINT('Ctrl Pts',(1.6409423287121,86.6172801426706,2.));
#3318=CARTESIAN_POINT('',(1.58071108594141,86.0832297317157,0.));
#3319=CARTESIAN_POINT('Ctrl Pts',(1.64094232871163,86.6172801426685,0.));
#3320=CARTESIAN_POINT('Ctrl Pts',(1.64094232871163,86.6172801426685,0.00571975033419325));
#3321=CARTESIAN_POINT('Ctrl Pts',(1.64094232871163,86.6172801426685,0.0114395006683865));
#3322=CARTESIAN_POINT('Ctrl Pts',(1.64094232871163,86.6172801426685,0.350492584335913));
#3323=CARTESIAN_POINT('Ctrl Pts',(1.64094232871163,86.6172801426685,0.683825917669246));
#3324=CARTESIAN_POINT('Ctrl Pts',(1.64094232871163,86.6172801426685,1.34477283400172));
#3325=CARTESIAN_POINT('Ctrl Pts',(1.6409423287121,86.6172801426706,1.67238641700086));
#3326=CARTESIAN_POINT('Ctrl Pts',(1.6409423287121,86.6172801426706,2.));
#3327=CARTESIAN_POINT('Ctrl Pts',(6.380711085946,86.0832297317158,0.));
#3328=CARTESIAN_POINT('Ctrl Pts',(6.380711085946,86.0832297317158,2.));
#3329=CARTESIAN_POINT('Ctrl Pts',(6.38071108594375,86.3477836556882,0.));
#3330=CARTESIAN_POINT('Ctrl Pts',(6.38071108594375,86.3477836556882,2.));
#3331=CARTESIAN_POINT('Ctrl Pts',(6.33657370455888,86.612286697989,0.));
#3332=CARTESIAN_POINT('Ctrl Pts',(6.33657370455888,86.612286697989,2.));
#3333=CARTESIAN_POINT('Ctrl Pts',(6.11323048522693,87.2628632710474,0.));
#3334=CARTESIAN_POINT('Ctrl Pts',(6.11323048522693,87.2628632710474,2.));
#3335=CARTESIAN_POINT('Ctrl Pts',(5.86764940624437,87.6255128303146,0.));
#3336=CARTESIAN_POINT('Ctrl Pts',(5.86764940624437,87.6255128303146,2.));
#3337=CARTESIAN_POINT('Ctrl Pts',(5.15633982809258,88.2381320402232,0.));
#3338=CARTESIAN_POINT('Ctrl Pts',(5.15633982809258,88.2381320402232,2.));
#3339=CARTESIAN_POINT('Ctrl Pts',(4.65489497509656,88.4435650049998,0.));
#3340=CARTESIAN_POINT('Ctrl Pts',(4.65489497509656,88.4435650049998,2.));
#3341=CARTESIAN_POINT('Ctrl Pts',(3.61257151385787,88.5131475633798,0.));
#3342=CARTESIAN_POINT('Ctrl Pts',(3.61257151385787,88.5131475633798,2.));
#3343=CARTESIAN_POINT('Ctrl Pts',(3.07415659281368,88.3675647049034,0.));
#3344=CARTESIAN_POINT('Ctrl Pts',(3.07415659281368,88.3675647049034,2.));
#3345=CARTESIAN_POINT('Ctrl Pts',(2.15944298403564,87.7487179402009,0.));
#3346=CARTESIAN_POINT('Ctrl Pts',(2.15944298403564,87.7487179402009,2.));
#3347=CARTESIAN_POINT('Ctrl Pts',(1.80570727735725,87.2495173254109,0.));
#3348=CARTESIAN_POINT('Ctrl Pts',(1.80570727735725,87.2495173254109,2.));
#3349=CARTESIAN_POINT('Ctrl Pts',(1.50015707434983,86.0867566709965,0.));
#3350=CARTESIAN_POINT('Ctrl Pts',(1.50015707434983,86.0867566709965,2.));
#3351=CARTESIAN_POINT('Ctrl Pts',(1.59086046285127,85.4185686039852,0.));
#3352=CARTESIAN_POINT('Ctrl Pts',(1.59086046285127,85.4185686039852,2.));
#3353=CARTESIAN_POINT('Ctrl Pts',(2.23233350342322,84.3157019870077,0.));
#3354=CARTESIAN_POINT('Ctrl Pts',(2.23233350342322,84.3157019870077,2.));
#3355=CARTESIAN_POINT('Ctrl Pts',(2.79537187466621,83.8978350684942,0.));
#3356=CARTESIAN_POINT('Ctrl Pts',(2.79537187466621,83.8978350684942,2.));
#3357=CARTESIAN_POINT('Ctrl Pts',(4.06595541043863,83.5963809900539,0.));
#3358=CARTESIAN_POINT('Ctrl Pts',(4.06595541043863,83.5963809900539,2.));
#3359=CARTESIAN_POINT('Ctrl Pts',(4.766092918848,83.7221156635816,0.));
#3360=CARTESIAN_POINT('Ctrl Pts',(4.766092918848,83.7221156635816,2.));
#3361=CARTESIAN_POINT('Ctrl Pts',(5.96647543397135,84.5229441027202,0.));
#3362=CARTESIAN_POINT('Ctrl Pts',(5.96647543397135,84.5229441027202,2.));
#3363=CARTESIAN_POINT('Ctrl Pts',(6.380711085946,85.2972629638422,0.));
#3364=CARTESIAN_POINT('Ctrl Pts',(6.380711085946,85.2972629638422,2.));
#3365=CARTESIAN_POINT('Ctrl Pts',(6.380711085946,86.0832297317158,0.));
#3366=CARTESIAN_POINT('Ctrl Pts',(6.380711085946,86.0832297317158,2.));
#3367=CARTESIAN_POINT('',(1.6276621994296,85.6222898951774,2.));
#3368=CARTESIAN_POINT('Ctrl Pts',(1.6276621994296,85.6222898951774,2.));
#3369=CARTESIAN_POINT('Ctrl Pts',(1.59816451720677,85.7740656047019,2.));
#3370=CARTESIAN_POINT('Ctrl Pts',(1.58298773294198,85.9286540166653,2.));
#3371=CARTESIAN_POINT('Ctrl Pts',(1.58251463489087,86.0832352515028,2.));
#3372=CARTESIAN_POINT('Ctrl Pts',(1.6276621994296,85.6222898951774,2.));
#3373=CARTESIAN_POINT('Ctrl Pts',(1.6276621994296,85.6222898951774,1.66666666666667));
#3374=CARTESIAN_POINT('Ctrl Pts',(1.6276621994296,85.6222898951774,1.33333333333333));
#3375=CARTESIAN_POINT('Ctrl Pts',(1.6276621994296,85.6222898951774,0.666666666666667));
#3376=CARTESIAN_POINT('Ctrl Pts',(1.62766219942966,85.6222898951771,0.333333333333333));
#3377=CARTESIAN_POINT('Ctrl Pts',(1.62766219942966,85.6222898951771,0.));
#3378=CARTESIAN_POINT('Ctrl Pts',(6.380711085946,86.0832297317158,0.));
#3379=CARTESIAN_POINT('Ctrl Pts',(6.380711085946,86.0832297317158,2.));
#3380=CARTESIAN_POINT('Ctrl Pts',(6.38071108594375,86.3477836556882,0.));
#3381=CARTESIAN_POINT('Ctrl Pts',(6.38071108594375,86.3477836556882,2.));
#3382=CARTESIAN_POINT('Ctrl Pts',(6.33657370455888,86.612286697989,0.));
#3383=CARTESIAN_POINT('Ctrl Pts',(6.33657370455888,86.612286697989,2.));
#3384=CARTESIAN_POINT('Ctrl Pts',(6.11323048522693,87.2628632710474,0.));
#3385=CARTESIAN_POINT('Ctrl Pts',(6.11323048522693,87.2628632710474,2.));
#3386=CARTESIAN_POINT('Ctrl Pts',(5.86764940624437,87.6255128303146,0.));
#3387=CARTESIAN_POINT('Ctrl Pts',(5.86764940624437,87.6255128303146,2.));
#3388=CARTESIAN_POINT('Ctrl Pts',(5.15633982809258,88.2381320402232,0.));
#3389=CARTESIAN_POINT('Ctrl Pts',(5.15633982809258,88.2381320402232,2.));
#3390=CARTESIAN_POINT('Ctrl Pts',(4.65489497509656,88.4435650049998,0.));
#3391=CARTESIAN_POINT('Ctrl Pts',(4.65489497509656,88.4435650049998,2.));
#3392=CARTESIAN_POINT('Ctrl Pts',(3.61257151385787,88.5131475633798,0.));
#3393=CARTESIAN_POINT('Ctrl Pts',(3.61257151385787,88.5131475633798,2.));
#3394=CARTESIAN_POINT('Ctrl Pts',(3.07415659281368,88.3675647049034,0.));
#3395=CARTESIAN_POINT('Ctrl Pts',(3.07415659281368,88.3675647049034,2.));
#3396=CARTESIAN_POINT('Ctrl Pts',(2.15944298403564,87.7487179402009,0.));
#3397=CARTESIAN_POINT('Ctrl Pts',(2.15944298403564,87.7487179402009,2.));
#3398=CARTESIAN_POINT('Ctrl Pts',(1.80570727735725,87.2495173254109,0.));
#3399=CARTESIAN_POINT('Ctrl Pts',(1.80570727735725,87.2495173254109,2.));
#3400=CARTESIAN_POINT('Ctrl Pts',(1.50015707434983,86.0867566709965,0.));
#3401=CARTESIAN_POINT('Ctrl Pts',(1.50015707434983,86.0867566709965,2.));
#3402=CARTESIAN_POINT('Ctrl Pts',(1.59086046285127,85.4185686039852,0.));
#3403=CARTESIAN_POINT('Ctrl Pts',(1.59086046285127,85.4185686039852,2.));
#3404=CARTESIAN_POINT('Ctrl Pts',(2.23233350342322,84.3157019870077,0.));
#3405=CARTESIAN_POINT('Ctrl Pts',(2.23233350342322,84.3157019870077,2.));
#3406=CARTESIAN_POINT('Ctrl Pts',(2.79537187466621,83.8978350684942,0.));
#3407=CARTESIAN_POINT('Ctrl Pts',(2.79537187466621,83.8978350684942,2.));
#3408=CARTESIAN_POINT('Ctrl Pts',(4.06595541043863,83.5963809900539,0.));
#3409=CARTESIAN_POINT('Ctrl Pts',(4.06595541043863,83.5963809900539,2.));
#3410=CARTESIAN_POINT('Ctrl Pts',(4.766092918848,83.7221156635816,0.));
#3411=CARTESIAN_POINT('Ctrl Pts',(4.766092918848,83.7221156635816,2.));
#3412=CARTESIAN_POINT('Ctrl Pts',(5.96647543397135,84.5229441027202,0.));
#3413=CARTESIAN_POINT('Ctrl Pts',(5.96647543397135,84.5229441027202,2.));
#3414=CARTESIAN_POINT('Ctrl Pts',(6.380711085946,85.2972629638422,0.));
#3415=CARTESIAN_POINT('Ctrl Pts',(6.380711085946,85.2972629638422,2.));
#3416=CARTESIAN_POINT('Ctrl Pts',(6.380711085946,86.0832297317158,0.));
#3417=CARTESIAN_POINT('Ctrl Pts',(6.380711085946,86.0832297317158,2.));
#3418=CARTESIAN_POINT('',(3.01901648815512,83.8856993719988,2.));
#3419=CARTESIAN_POINT('',(2.30408256009731,84.3689193972189,2.));
#3420=CARTESIAN_POINT('Ctrl Pts',(3.01901648815512,83.8856993719989,2.));
#3421=CARTESIAN_POINT('Ctrl Pts',(2.75473663642326,84.0026908466858,2.));
#3422=CARTESIAN_POINT('Ctrl Pts',(2.51144664326046,84.1674592007684,2.));
#3423=CARTESIAN_POINT('Ctrl Pts',(2.3040825600973,84.3689193972189,2.));
#3424=CARTESIAN_POINT('Ctrl Pts',(3.01901648815512,83.8856993719988,2.));
#3425=CARTESIAN_POINT('Ctrl Pts',(3.01901648815512,83.8856993719988,1.66666666666667));
#3426=CARTESIAN_POINT('Ctrl Pts',(3.01901648815512,83.8856993719988,1.33333333333333));
#3427=CARTESIAN_POINT('Ctrl Pts',(3.01901648815512,83.8856993719988,0.666666666666667));
#3428=CARTESIAN_POINT('Ctrl Pts',(3.01901648815404,83.8856993719993,0.333333333333333));
#3429=CARTESIAN_POINT('Ctrl Pts',(3.01901648815404,83.8856993719993,0.));
#3430=CARTESIAN_POINT('Ctrl Pts',(2.30408256009725,84.368919397219,0.));
#3431=CARTESIAN_POINT('Ctrl Pts',(2.30408256009725,84.368919397219,0.0383648505643618));
#3432=CARTESIAN_POINT('Ctrl Pts',(2.30408256009725,84.368919397219,0.0767297011287235));
#3433=CARTESIAN_POINT('Ctrl Pts',(2.30408256009725,84.368919397219,0.74339636779539));
#3434=CARTESIAN_POINT('Ctrl Pts',(2.30408256009731,84.3689193972189,1.3716981838977));
#3435=CARTESIAN_POINT('Ctrl Pts',(2.30408256009731,84.3689193972189,2.));
#3436=CARTESIAN_POINT('Ctrl Pts',(6.380711085946,86.0832297317158,0.));
#3437=CARTESIAN_POINT('Ctrl Pts',(6.380711085946,86.0832297317158,2.));
#3438=CARTESIAN_POINT('Ctrl Pts',(6.38071108594375,86.3477836556882,0.));
#3439=CARTESIAN_POINT('Ctrl Pts',(6.38071108594375,86.3477836556882,2.));
#3440=CARTESIAN_POINT('Ctrl Pts',(6.33657370455888,86.612286697989,0.));
#3441=CARTESIAN_POINT('Ctrl Pts',(6.33657370455888,86.612286697989,2.));
#3442=CARTESIAN_POINT('Ctrl Pts',(6.11323048522693,87.2628632710474,0.));
#3443=CARTESIAN_POINT('Ctrl Pts',(6.11323048522693,87.2628632710474,2.));
#3444=CARTESIAN_POINT('Ctrl Pts',(5.86764940624437,87.6255128303146,0.));
#3445=CARTESIAN_POINT('Ctrl Pts',(5.86764940624437,87.6255128303146,2.));
#3446=CARTESIAN_POINT('Ctrl Pts',(5.15633982809258,88.2381320402232,0.));
#3447=CARTESIAN_POINT('Ctrl Pts',(5.15633982809258,88.2381320402232,2.));
#3448=CARTESIAN_POINT('Ctrl Pts',(4.65489497509656,88.4435650049998,0.));
#3449=CARTESIAN_POINT('Ctrl Pts',(4.65489497509656,88.4435650049998,2.));
#3450=CARTESIAN_POINT('Ctrl Pts',(3.61257151385787,88.5131475633798,0.));
#3451=CARTESIAN_POINT('Ctrl Pts',(3.61257151385787,88.5131475633798,2.));
#3452=CARTESIAN_POINT('Ctrl Pts',(3.07415659281368,88.3675647049034,0.));
#3453=CARTESIAN_POINT('Ctrl Pts',(3.07415659281368,88.3675647049034,2.));
#3454=CARTESIAN_POINT('Ctrl Pts',(2.15944298403564,87.7487179402009,0.));
#3455=CARTESIAN_POINT('Ctrl Pts',(2.15944298403564,87.7487179402009,2.));
#3456=CARTESIAN_POINT('Ctrl Pts',(1.80570727735725,87.2495173254109,0.));
#3457=CARTESIAN_POINT('Ctrl Pts',(1.80570727735725,87.2495173254109,2.));
#3458=CARTESIAN_POINT('Ctrl Pts',(1.50015707434983,86.0867566709965,0.));
#3459=CARTESIAN_POINT('Ctrl Pts',(1.50015707434983,86.0867566709965,2.));
#3460=CARTESIAN_POINT('Ctrl Pts',(1.59086046285127,85.4185686039852,0.));
#3461=CARTESIAN_POINT('Ctrl Pts',(1.59086046285127,85.4185686039852,2.));
#3462=CARTESIAN_POINT('Ctrl Pts',(2.23233350342322,84.3157019870077,0.));
#3463=CARTESIAN_POINT('Ctrl Pts',(2.23233350342322,84.3157019870077,2.));
#3464=CARTESIAN_POINT('Ctrl Pts',(2.79537187466621,83.8978350684942,0.));
#3465=CARTESIAN_POINT('Ctrl Pts',(2.79537187466621,83.8978350684942,2.));
#3466=CARTESIAN_POINT('Ctrl Pts',(4.06595541043863,83.5963809900539,0.));
#3467=CARTESIAN_POINT('Ctrl Pts',(4.06595541043863,83.5963809900539,2.));
#3468=CARTESIAN_POINT('Ctrl Pts',(4.766092918848,83.7221156635816,0.));
#3469=CARTESIAN_POINT('Ctrl Pts',(4.766092918848,83.7221156635816,2.));
#3470=CARTESIAN_POINT('Ctrl Pts',(5.96647543397135,84.5229441027202,0.));
#3471=CARTESIAN_POINT('Ctrl Pts',(5.96647543397135,84.5229441027202,2.));
#3472=CARTESIAN_POINT('Ctrl Pts',(6.380711085946,85.2972629638422,0.));
#3473=CARTESIAN_POINT('Ctrl Pts',(6.380711085946,85.2972629638422,2.));
#3474=CARTESIAN_POINT('Ctrl Pts',(6.380711085946,86.0832297317158,0.));
#3475=CARTESIAN_POINT('Ctrl Pts',(6.380711085946,86.0832297317158,2.));
#3476=CARTESIAN_POINT('',(4.94240568375346,83.8856993720081,2.));
#3477=CARTESIAN_POINT('',(3.98071108594544,83.6850685061395,2.));
#3478=CARTESIAN_POINT('Ctrl Pts',(4.94240568375346,83.8856993720081,2.));
#3479=CARTESIAN_POINT('Ctrl Pts',(4.63992729230442,83.754909111652,2.));
#3480=CARTESIAN_POINT('Ctrl Pts',(4.31031839833329,83.6864080137257,2.));
#3481=CARTESIAN_POINT('Ctrl Pts',(3.98071108594544,83.6850685061395,2.));
#3482=CARTESIAN_POINT('Ctrl Pts',(4.94240568375346,83.8856993720081,2.));
#3483=CARTESIAN_POINT('Ctrl Pts',(4.94240568375346,83.8856993720081,1.66666666666667));
#3484=CARTESIAN_POINT('Ctrl Pts',(4.94240568375346,83.8856993720081,1.33333333333333));
#3485=CARTESIAN_POINT('Ctrl Pts',(4.94240568375346,83.8856993720081,0.666666666666667));
#3486=CARTESIAN_POINT('Ctrl Pts',(4.94240568375339,83.8856993720081,0.333333333333333));
#3487=CARTESIAN_POINT('Ctrl Pts',(4.94240568375339,83.8856993720081,0.));
#3488=CARTESIAN_POINT('Ctrl Pts',(3.98071108594133,83.6850685061395,0.));
#3489=CARTESIAN_POINT('Ctrl Pts',(3.98071108594133,83.6850685061395,0.0437471274034812));
#3490=CARTESIAN_POINT('Ctrl Pts',(3.98071108594133,83.6850685061395,0.0874942548069623));
#3491=CARTESIAN_POINT('Ctrl Pts',(3.98071108594133,83.6850685061395,0.754160921473629));
#3492=CARTESIAN_POINT('Ctrl Pts',(3.98071108594544,83.6850685061395,1.37708046073681));
#3493=CARTESIAN_POINT('Ctrl Pts',(3.98071108594544,83.6850685061395,2.));
#3494=CARTESIAN_POINT('Ctrl Pts',(6.380711085946,86.0832297317158,0.));
#3495=CARTESIAN_POINT('Ctrl Pts',(6.380711085946,86.0832297317158,2.));
#3496=CARTESIAN_POINT('Ctrl Pts',(6.38071108594375,86.3477836556882,0.));
#3497=CARTESIAN_POINT('Ctrl Pts',(6.38071108594375,86.3477836556882,2.));
#3498=CARTESIAN_POINT('Ctrl Pts',(6.33657370455888,86.612286697989,0.));
#3499=CARTESIAN_POINT('Ctrl Pts',(6.33657370455888,86.612286697989,2.));
#3500=CARTESIAN_POINT('Ctrl Pts',(6.11323048522693,87.2628632710474,0.));
#3501=CARTESIAN_POINT('Ctrl Pts',(6.11323048522693,87.2628632710474,2.));
#3502=CARTESIAN_POINT('Ctrl Pts',(5.86764940624437,87.6255128303146,0.));
#3503=CARTESIAN_POINT('Ctrl Pts',(5.86764940624437,87.6255128303146,2.));
#3504=CARTESIAN_POINT('Ctrl Pts',(5.15633982809258,88.2381320402232,0.));
#3505=CARTESIAN_POINT('Ctrl Pts',(5.15633982809258,88.2381320402232,2.));
#3506=CARTESIAN_POINT('Ctrl Pts',(4.65489497509656,88.4435650049998,0.));
#3507=CARTESIAN_POINT('Ctrl Pts',(4.65489497509656,88.4435650049998,2.));
#3508=CARTESIAN_POINT('Ctrl Pts',(3.61257151385787,88.5131475633798,0.));
#3509=CARTESIAN_POINT('Ctrl Pts',(3.61257151385787,88.5131475633798,2.));
#3510=CARTESIAN_POINT('Ctrl Pts',(3.07415659281368,88.3675647049034,0.));
#3511=CARTESIAN_POINT('Ctrl Pts',(3.07415659281368,88.3675647049034,2.));
#3512=CARTESIAN_POINT('Ctrl Pts',(2.15944298403564,87.7487179402009,0.));
#3513=CARTESIAN_POINT('Ctrl Pts',(2.15944298403564,87.7487179402009,2.));
#3514=CARTESIAN_POINT('Ctrl Pts',(1.80570727735725,87.2495173254109,0.));
#3515=CARTESIAN_POINT('Ctrl Pts',(1.80570727735725,87.2495173254109,2.));
#3516=CARTESIAN_POINT('Ctrl Pts',(1.50015707434983,86.0867566709965,0.));
#3517=CARTESIAN_POINT('Ctrl Pts',(1.50015707434983,86.0867566709965,2.));
#3518=CARTESIAN_POINT('Ctrl Pts',(1.59086046285127,85.4185686039852,0.));
#3519=CARTESIAN_POINT('Ctrl Pts',(1.59086046285127,85.4185686039852,2.));
#3520=CARTESIAN_POINT('Ctrl Pts',(2.23233350342322,84.3157019870077,0.));
#3521=CARTESIAN_POINT('Ctrl Pts',(2.23233350342322,84.3157019870077,2.));
#3522=CARTESIAN_POINT('Ctrl Pts',(2.79537187466621,83.8978350684942,0.));
#3523=CARTESIAN_POINT('Ctrl Pts',(2.79537187466621,83.8978350684942,2.));
#3524=CARTESIAN_POINT('Ctrl Pts',(4.06595541043863,83.5963809900539,0.));
#3525=CARTESIAN_POINT('Ctrl Pts',(4.06595541043863,83.5963809900539,2.));
#3526=CARTESIAN_POINT('Ctrl Pts',(4.766092918848,83.7221156635816,0.));
#3527=CARTESIAN_POINT('Ctrl Pts',(4.766092918848,83.7221156635816,2.));
#3528=CARTESIAN_POINT('Ctrl Pts',(5.96647543397135,84.5229441027202,0.));
#3529=CARTESIAN_POINT('Ctrl Pts',(5.96647543397135,84.5229441027202,2.));
#3530=CARTESIAN_POINT('Ctrl Pts',(6.380711085946,85.2972629638422,0.));
#3531=CARTESIAN_POINT('Ctrl Pts',(6.380711085946,85.2972629638422,2.));
#3532=CARTESIAN_POINT('Ctrl Pts',(6.380711085946,86.0832297317158,0.));
#3533=CARTESIAN_POINT('Ctrl Pts',(6.380711085946,86.0832297317158,2.));
#3534=CARTESIAN_POINT('',(6.33375997246018,85.622289895189,2.));
#3535=CARTESIAN_POINT('',(5.65733961179962,84.3689193972282,2.));
#3536=CARTESIAN_POINT('Ctrl Pts',(6.33375997246018,85.6222898951889,2.));
#3537=CARTESIAN_POINT('Ctrl Pts',(6.23775017779368,85.1507894779701,2.));
#3538=CARTESIAN_POINT('Ctrl Pts',(5.99884175721537,84.7078847621396,2.));
#3539=CARTESIAN_POINT('Ctrl Pts',(5.65733961179963,84.3689193972282,2.));
#3540=CARTESIAN_POINT('Ctrl Pts',(6.33375997246018,85.622289895189,2.));
#3541=CARTESIAN_POINT('Ctrl Pts',(6.33375997246018,85.622289895189,1.66666666666667));
#3542=CARTESIAN_POINT('Ctrl Pts',(6.33375997246018,85.622289895189,1.33333333333333));
#3543=CARTESIAN_POINT('Ctrl Pts',(6.33375997246018,85.622289895189,0.666666666666667));
#3544=CARTESIAN_POINT('Ctrl Pts',(6.33375997246004,85.6222898951883,0.333333333333333));
#3545=CARTESIAN_POINT('Ctrl Pts',(6.33375997246004,85.6222898951883,0.));
#3546=CARTESIAN_POINT('Ctrl Pts',(5.6573396118,84.3689193972285,0.));
#3547=CARTESIAN_POINT('Ctrl Pts',(5.6573396118,84.3689193972285,0.0639406193404991));
#3548=CARTESIAN_POINT('Ctrl Pts',(5.6573396118,84.3689193972285,0.127881238680998));
#3549=CARTESIAN_POINT('Ctrl Pts',(5.6573396118,84.3689193972285,0.794547905347665));
#3550=CARTESIAN_POINT('Ctrl Pts',(5.65733961179962,84.3689193972282,1.39727395267383));
#3551=CARTESIAN_POINT('Ctrl Pts',(5.65733961179962,84.3689193972282,2.));
#3552=CARTESIAN_POINT('Ctrl Pts',(6.380711085946,86.0832297317158,0.));
#3553=CARTESIAN_POINT('Ctrl Pts',(6.380711085946,86.0832297317158,2.));
#3554=CARTESIAN_POINT('Ctrl Pts',(6.38071108594375,86.3477836556882,0.));
#3555=CARTESIAN_POINT('Ctrl Pts',(6.38071108594375,86.3477836556882,2.));
#3556=CARTESIAN_POINT('Ctrl Pts',(6.33657370455888,86.612286697989,0.));
#3557=CARTESIAN_POINT('Ctrl Pts',(6.33657370455888,86.612286697989,2.));
#3558=CARTESIAN_POINT('Ctrl Pts',(6.11323048522693,87.2628632710474,0.));
#3559=CARTESIAN_POINT('Ctrl Pts',(6.11323048522693,87.2628632710474,2.));
#3560=CARTESIAN_POINT('Ctrl Pts',(5.86764940624437,87.6255128303146,0.));
#3561=CARTESIAN_POINT('Ctrl Pts',(5.86764940624437,87.6255128303146,2.));
#3562=CARTESIAN_POINT('Ctrl Pts',(5.15633982809258,88.2381320402232,0.));
#3563=CARTESIAN_POINT('Ctrl Pts',(5.15633982809258,88.2381320402232,2.));
#3564=CARTESIAN_POINT('Ctrl Pts',(4.65489497509656,88.4435650049998,0.));
#3565=CARTESIAN_POINT('Ctrl Pts',(4.65489497509656,88.4435650049998,2.));
#3566=CARTESIAN_POINT('Ctrl Pts',(3.61257151385787,88.5131475633798,0.));
#3567=CARTESIAN_POINT('Ctrl Pts',(3.61257151385787,88.5131475633798,2.));
#3568=CARTESIAN_POINT('Ctrl Pts',(3.07415659281368,88.3675647049034,0.));
#3569=CARTESIAN_POINT('Ctrl Pts',(3.07415659281368,88.3675647049034,2.));
#3570=CARTESIAN_POINT('Ctrl Pts',(2.15944298403564,87.7487179402009,0.));
#3571=CARTESIAN_POINT('Ctrl Pts',(2.15944298403564,87.7487179402009,2.));
#3572=CARTESIAN_POINT('Ctrl Pts',(1.80570727735725,87.2495173254109,0.));
#3573=CARTESIAN_POINT('Ctrl Pts',(1.80570727735725,87.2495173254109,2.));
#3574=CARTESIAN_POINT('Ctrl Pts',(1.50015707434983,86.0867566709965,0.));
#3575=CARTESIAN_POINT('Ctrl Pts',(1.50015707434983,86.0867566709965,2.));
#3576=CARTESIAN_POINT('Ctrl Pts',(1.59086046285127,85.4185686039852,0.));
#3577=CARTESIAN_POINT('Ctrl Pts',(1.59086046285127,85.4185686039852,2.));
#3578=CARTESIAN_POINT('Ctrl Pts',(2.23233350342322,84.3157019870077,0.));
#3579=CARTESIAN_POINT('Ctrl Pts',(2.23233350342322,84.3157019870077,2.));
#3580=CARTESIAN_POINT('Ctrl Pts',(2.79537187466621,83.8978350684942,0.));
#3581=CARTESIAN_POINT('Ctrl Pts',(2.79537187466621,83.8978350684942,2.));
#3582=CARTESIAN_POINT('Ctrl Pts',(4.06595541043863,83.5963809900539,0.));
#3583=CARTESIAN_POINT('Ctrl Pts',(4.06595541043863,83.5963809900539,2.));
#3584=CARTESIAN_POINT('Ctrl Pts',(4.766092918848,83.7221156635816,0.));
#3585=CARTESIAN_POINT('Ctrl Pts',(4.766092918848,83.7221156635816,2.));
#3586=CARTESIAN_POINT('Ctrl Pts',(5.96647543397135,84.5229441027202,0.));
#3587=CARTESIAN_POINT('Ctrl Pts',(5.96647543397135,84.5229441027202,2.));
#3588=CARTESIAN_POINT('Ctrl Pts',(6.380711085946,85.2972629638422,0.));
#3589=CARTESIAN_POINT('Ctrl Pts',(6.380711085946,85.2972629638422,2.));
#3590=CARTESIAN_POINT('Ctrl Pts',(6.380711085946,86.0832297317158,0.));
#3591=CARTESIAN_POINT('Ctrl Pts',(6.380711085946,86.0832297317158,2.));
#3592=CARTESIAN_POINT('',(6.28834610285598,86.742562105287,2.));
#3593=CARTESIAN_POINT('Ctrl Pts',(6.28834610285598,86.742562105287,2.));
#3594=CARTESIAN_POINT('Ctrl Pts',(6.30018018385655,86.7011003943824,2.));
#3595=CARTESIAN_POINT('Ctrl Pts',(6.31089485606027,86.6593192030983,2.));
#3596=CARTESIAN_POINT('Ctrl Pts',(6.32047984316993,86.6172801426944,2.));
#3597=CARTESIAN_POINT('Ctrl Pts',(6.28834610285598,86.742562105287,2.));
#3598=CARTESIAN_POINT('Ctrl Pts',(6.28834610285598,86.742562105287,1.66666666666667));
#3599=CARTESIAN_POINT('Ctrl Pts',(6.28834610285598,86.742562105287,1.33333333333333));
#3600=CARTESIAN_POINT('Ctrl Pts',(6.28834610285598,86.742562105287,0.666666666666667));
#3601=CARTESIAN_POINT('Ctrl Pts',(6.28834610285601,86.7425621052869,0.333333333333333));
#3602=CARTESIAN_POINT('Ctrl Pts',(6.28834610285601,86.7425621052869,0.));
#3603=CARTESIAN_POINT('Ctrl Pts',(6.380711085946,86.0832297317158,0.));
#3604=CARTESIAN_POINT('Ctrl Pts',(6.380711085946,86.0832297317158,2.));
#3605=CARTESIAN_POINT('Ctrl Pts',(6.38071108594375,86.3477836556882,0.));
#3606=CARTESIAN_POINT('Ctrl Pts',(6.38071108594375,86.3477836556882,2.));
#3607=CARTESIAN_POINT('Ctrl Pts',(6.33657370455888,86.612286697989,0.));
#3608=CARTESIAN_POINT('Ctrl Pts',(6.33657370455888,86.612286697989,2.));
#3609=CARTESIAN_POINT('Ctrl Pts',(6.11323048522693,87.2628632710474,0.));
#3610=CARTESIAN_POINT('Ctrl Pts',(6.11323048522693,87.2628632710474,2.));
#3611=CARTESIAN_POINT('Ctrl Pts',(5.86764940624437,87.6255128303146,0.));
#3612=CARTESIAN_POINT('Ctrl Pts',(5.86764940624437,87.6255128303146,2.));
#3613=CARTESIAN_POINT('Ctrl Pts',(5.15633982809258,88.2381320402232,0.));
#3614=CARTESIAN_POINT('Ctrl Pts',(5.15633982809258,88.2381320402232,2.));
#3615=CARTESIAN_POINT('Ctrl Pts',(4.65489497509656,88.4435650049998,0.));
#3616=CARTESIAN_POINT('Ctrl Pts',(4.65489497509656,88.4435650049998,2.));
#3617=CARTESIAN_POINT('Ctrl Pts',(3.61257151385787,88.5131475633798,0.));
#3618=CARTESIAN_POINT('Ctrl Pts',(3.61257151385787,88.5131475633798,2.));
#3619=CARTESIAN_POINT('Ctrl Pts',(3.07415659281368,88.3675647049034,0.));
#3620=CARTESIAN_POINT('Ctrl Pts',(3.07415659281368,88.3675647049034,2.));
#3621=CARTESIAN_POINT('Ctrl Pts',(2.15944298403564,87.7487179402009,0.));
#3622=CARTESIAN_POINT('Ctrl Pts',(2.15944298403564,87.7487179402009,2.));
#3623=CARTESIAN_POINT('Ctrl Pts',(1.80570727735725,87.2495173254109,0.));
#3624=CARTESIAN_POINT('Ctrl Pts',(1.80570727735725,87.2495173254109,2.));
#3625=CARTESIAN_POINT('Ctrl Pts',(1.50015707434983,86.0867566709965,0.));
#3626=CARTESIAN_POINT('Ctrl Pts',(1.50015707434983,86.0867566709965,2.));
#3627=CARTESIAN_POINT('Ctrl Pts',(1.59086046285127,85.4185686039852,0.));
#3628=CARTESIAN_POINT('Ctrl Pts',(1.59086046285127,85.4185686039852,2.));
#3629=CARTESIAN_POINT('Ctrl Pts',(2.23233350342322,84.3157019870077,0.));
#3630=CARTESIAN_POINT('Ctrl Pts',(2.23233350342322,84.3157019870077,2.));
#3631=CARTESIAN_POINT('Ctrl Pts',(2.79537187466621,83.8978350684942,0.));
#3632=CARTESIAN_POINT('Ctrl Pts',(2.79537187466621,83.8978350684942,2.));
#3633=CARTESIAN_POINT('Ctrl Pts',(4.06595541043863,83.5963809900539,0.));
#3634=CARTESIAN_POINT('Ctrl Pts',(4.06595541043863,83.5963809900539,2.));
#3635=CARTESIAN_POINT('Ctrl Pts',(4.766092918848,83.7221156635816,0.));
#3636=CARTESIAN_POINT('Ctrl Pts',(4.766092918848,83.7221156635816,2.));
#3637=CARTESIAN_POINT('Ctrl Pts',(5.96647543397135,84.5229441027202,0.));
#3638=CARTESIAN_POINT('Ctrl Pts',(5.96647543397135,84.5229441027202,2.));
#3639=CARTESIAN_POINT('Ctrl Pts',(6.380711085946,85.2972629638422,0.));
#3640=CARTESIAN_POINT('Ctrl Pts',(6.380711085946,85.2972629638422,2.));
#3641=CARTESIAN_POINT('Ctrl Pts',(6.380711085946,86.0832297317158,0.));
#3642=CARTESIAN_POINT('Ctrl Pts',(6.380711085946,86.0832297317158,2.));
#3643=CARTESIAN_POINT('Ctrl Pts',(3.98071108591199,88.4830772278983,2.));
#3644=CARTESIAN_POINT('Ctrl Pts',(4.25932702155395,88.4826023366581,2.));
#3645=CARTESIAN_POINT('Ctrl Pts',(4.53774116044929,88.4327971219803,2.));
#3646=CARTESIAN_POINT('Ctrl Pts',(4.79980199137987,88.3380288286777,2.));
#3647=CARTESIAN_POINT('Ctrl Pts',(6.380711085946,86.0832297317158,0.));
#3648=CARTESIAN_POINT('Ctrl Pts',(6.380711085946,86.0832297317158,2.));
#3649=CARTESIAN_POINT('Ctrl Pts',(6.38071108594375,86.3477836556882,0.));
#3650=CARTESIAN_POINT('Ctrl Pts',(6.38071108594375,86.3477836556882,2.));
#3651=CARTESIAN_POINT('Ctrl Pts',(6.33657370455888,86.612286697989,0.));
#3652=CARTESIAN_POINT('Ctrl Pts',(6.33657370455888,86.612286697989,2.));
#3653=CARTESIAN_POINT('Ctrl Pts',(6.11323048522693,87.2628632710474,0.));
#3654=CARTESIAN_POINT('Ctrl Pts',(6.11323048522693,87.2628632710474,2.));
#3655=CARTESIAN_POINT('Ctrl Pts',(5.86764940624437,87.6255128303146,0.));
#3656=CARTESIAN_POINT('Ctrl Pts',(5.86764940624437,87.6255128303146,2.));
#3657=CARTESIAN_POINT('Ctrl Pts',(5.15633982809258,88.2381320402232,0.));
#3658=CARTESIAN_POINT('Ctrl Pts',(5.15633982809258,88.2381320402232,2.));
#3659=CARTESIAN_POINT('Ctrl Pts',(4.65489497509656,88.4435650049998,0.));
#3660=CARTESIAN_POINT('Ctrl Pts',(4.65489497509656,88.4435650049998,2.));
#3661=CARTESIAN_POINT('Ctrl Pts',(3.61257151385787,88.5131475633798,0.));
#3662=CARTESIAN_POINT('Ctrl Pts',(3.61257151385787,88.5131475633798,2.));
#3663=CARTESIAN_POINT('Ctrl Pts',(3.07415659281368,88.3675647049034,0.));
#3664=CARTESIAN_POINT('Ctrl Pts',(3.07415659281368,88.3675647049034,2.));
#3665=CARTESIAN_POINT('Ctrl Pts',(2.15944298403564,87.7487179402009,0.));
#3666=CARTESIAN_POINT('Ctrl Pts',(2.15944298403564,87.7487179402009,2.));
#3667=CARTESIAN_POINT('Ctrl Pts',(1.80570727735725,87.2495173254109,0.));
#3668=CARTESIAN_POINT('Ctrl Pts',(1.80570727735725,87.2495173254109,2.));
#3669=CARTESIAN_POINT('Ctrl Pts',(1.50015707434983,86.0867566709965,0.));
#3670=CARTESIAN_POINT('Ctrl Pts',(1.50015707434983,86.0867566709965,2.));
#3671=CARTESIAN_POINT('Ctrl Pts',(1.59086046285127,85.4185686039852,0.));
#3672=CARTESIAN_POINT('Ctrl Pts',(1.59086046285127,85.4185686039852,2.));
#3673=CARTESIAN_POINT('Ctrl Pts',(2.23233350342322,84.3157019870077,0.));
#3674=CARTESIAN_POINT('Ctrl Pts',(2.23233350342322,84.3157019870077,2.));
#3675=CARTESIAN_POINT('Ctrl Pts',(2.79537187466621,83.8978350684942,0.));
#3676=CARTESIAN_POINT('Ctrl Pts',(2.79537187466621,83.8978350684942,2.));
#3677=CARTESIAN_POINT('Ctrl Pts',(4.06595541043863,83.5963809900539,0.));
#3678=CARTESIAN_POINT('Ctrl Pts',(4.06595541043863,83.5963809900539,2.));
#3679=CARTESIAN_POINT('Ctrl Pts',(4.766092918848,83.7221156635816,0.));
#3680=CARTESIAN_POINT('Ctrl Pts',(4.766092918848,83.7221156635816,2.));
#3681=CARTESIAN_POINT('Ctrl Pts',(5.96647543397135,84.5229441027202,0.));
#3682=CARTESIAN_POINT('Ctrl Pts',(5.96647543397135,84.5229441027202,2.));
#3683=CARTESIAN_POINT('Ctrl Pts',(6.380711085946,85.2972629638422,0.));
#3684=CARTESIAN_POINT('Ctrl Pts',(6.380711085946,85.2972629638422,2.));
#3685=CARTESIAN_POINT('Ctrl Pts',(6.380711085946,86.0832297317158,0.));
#3686=CARTESIAN_POINT('Ctrl Pts',(6.380711085946,86.0832297317158,2.));
#3687=CARTESIAN_POINT('Ctrl Pts',(2.5298172458122,87.9948530262196,2.));
#3688=CARTESIAN_POINT('Ctrl Pts',(2.65245687026322,88.0876401140487,2.));
#3689=CARTESIAN_POINT('Ctrl Pts',(2.77793403321635,88.1638007228554,2.));
#3690=CARTESIAN_POINT('Ctrl Pts',(2.98580889930027,88.2681616799312,2.));
#3691=CARTESIAN_POINT('Ctrl Pts',(3.07268053510216,88.30565024268,2.));
#3692=CARTESIAN_POINT('Ctrl Pts',(3.16162018049823,88.3380288286743,2.));
#3693=CARTESIAN_POINT('Ctrl Pts',(6.380711085946,86.0832297317158,0.));
#3694=CARTESIAN_POINT('Ctrl Pts',(6.380711085946,86.0832297317158,2.));
#3695=CARTESIAN_POINT('Ctrl Pts',(6.38071108594375,86.3477836556882,0.));
#3696=CARTESIAN_POINT('Ctrl Pts',(6.38071108594375,86.3477836556882,2.));
#3697=CARTESIAN_POINT('Ctrl Pts',(6.33657370455888,86.612286697989,0.));
#3698=CARTESIAN_POINT('Ctrl Pts',(6.33657370455888,86.612286697989,2.));
#3699=CARTESIAN_POINT('Ctrl Pts',(6.11323048522693,87.2628632710474,0.));
#3700=CARTESIAN_POINT('Ctrl Pts',(6.11323048522693,87.2628632710474,2.));
#3701=CARTESIAN_POINT('Ctrl Pts',(5.86764940624437,87.6255128303146,0.));
#3702=CARTESIAN_POINT('Ctrl Pts',(5.86764940624437,87.6255128303146,2.));
#3703=CARTESIAN_POINT('Ctrl Pts',(5.15633982809258,88.2381320402232,0.));
#3704=CARTESIAN_POINT('Ctrl Pts',(5.15633982809258,88.2381320402232,2.));
#3705=CARTESIAN_POINT('Ctrl Pts',(4.65489497509656,88.4435650049998,0.));
#3706=CARTESIAN_POINT('Ctrl Pts',(4.65489497509656,88.4435650049998,2.));
#3707=CARTESIAN_POINT('Ctrl Pts',(3.61257151385787,88.5131475633798,0.));
#3708=CARTESIAN_POINT('Ctrl Pts',(3.61257151385787,88.5131475633798,2.));
#3709=CARTESIAN_POINT('Ctrl Pts',(3.07415659281368,88.3675647049034,0.));
#3710=CARTESIAN_POINT('Ctrl Pts',(3.07415659281368,88.3675647049034,2.));
#3711=CARTESIAN_POINT('Ctrl Pts',(2.15944298403564,87.7487179402009,0.));
#3712=CARTESIAN_POINT('Ctrl Pts',(2.15944298403564,87.7487179402009,2.));
#3713=CARTESIAN_POINT('Ctrl Pts',(1.80570727735725,87.2495173254109,0.));
#3714=CARTESIAN_POINT('Ctrl Pts',(1.80570727735725,87.2495173254109,2.));
#3715=CARTESIAN_POINT('Ctrl Pts',(1.50015707434983,86.0867566709965,0.));
#3716=CARTESIAN_POINT('Ctrl Pts',(1.50015707434983,86.0867566709965,2.));
#3717=CARTESIAN_POINT('Ctrl Pts',(1.59086046285127,85.4185686039852,0.));
#3718=CARTESIAN_POINT('Ctrl Pts',(1.59086046285127,85.4185686039852,2.));
#3719=CARTESIAN_POINT('Ctrl Pts',(2.23233350342322,84.3157019870077,0.));
#3720=CARTESIAN_POINT('Ctrl Pts',(2.23233350342322,84.3157019870077,2.));
#3721=CARTESIAN_POINT('Ctrl Pts',(2.79537187466621,83.8978350684942,0.));
#3722=CARTESIAN_POINT('Ctrl Pts',(2.79537187466621,83.8978350684942,2.));
#3723=CARTESIAN_POINT('Ctrl Pts',(4.06595541043863,83.5963809900539,0.));
#3724=CARTESIAN_POINT('Ctrl Pts',(4.06595541043863,83.5963809900539,2.));
#3725=CARTESIAN_POINT('Ctrl Pts',(4.766092918848,83.7221156635816,0.));
#3726=CARTESIAN_POINT('Ctrl Pts',(4.766092918848,83.7221156635816,2.));
#3727=CARTESIAN_POINT('Ctrl Pts',(5.96647543397135,84.5229441027202,0.));
#3728=CARTESIAN_POINT('Ctrl Pts',(5.96647543397135,84.5229441027202,2.));
#3729=CARTESIAN_POINT('Ctrl Pts',(6.380711085946,85.2972629638422,0.));
#3730=CARTESIAN_POINT('Ctrl Pts',(6.380711085946,85.2972629638422,2.));
#3731=CARTESIAN_POINT('Ctrl Pts',(6.380711085946,86.0832297317158,0.));
#3732=CARTESIAN_POINT('Ctrl Pts',(6.380711085946,86.0832297317158,2.));
#3733=CARTESIAN_POINT('Ctrl Pts',(1.64094232871119,86.6172801426666,2.));
#3734=CARTESIAN_POINT('Ctrl Pts',(1.65052731582364,86.6593192030851,2.));
#3735=CARTESIAN_POINT('Ctrl Pts',(1.66124198803093,86.7011003943835,2.));
#3736=CARTESIAN_POINT('Ctrl Pts',(1.67307606903584,86.7425621053023,2.));
#3737=CARTESIAN_POINT('Ctrl Pts',(6.380711085946,86.0832297317158,0.));
#3738=CARTESIAN_POINT('Ctrl Pts',(6.380711085946,86.0832297317158,2.));
#3739=CARTESIAN_POINT('Ctrl Pts',(6.38071108594375,86.3477836556882,0.));
#3740=CARTESIAN_POINT('Ctrl Pts',(6.38071108594375,86.3477836556882,2.));
#3741=CARTESIAN_POINT('Ctrl Pts',(6.33657370455888,86.612286697989,0.));
#3742=CARTESIAN_POINT('Ctrl Pts',(6.33657370455888,86.612286697989,2.));
#3743=CARTESIAN_POINT('Ctrl Pts',(6.11323048522693,87.2628632710474,0.));
#3744=CARTESIAN_POINT('Ctrl Pts',(6.11323048522693,87.2628632710474,2.));
#3745=CARTESIAN_POINT('Ctrl Pts',(5.86764940624437,87.6255128303146,0.));
#3746=CARTESIAN_POINT('Ctrl Pts',(5.86764940624437,87.6255128303146,2.));
#3747=CARTESIAN_POINT('Ctrl Pts',(5.15633982809258,88.2381320402232,0.));
#3748=CARTESIAN_POINT('Ctrl Pts',(5.15633982809258,88.2381320402232,2.));
#3749=CARTESIAN_POINT('Ctrl Pts',(4.65489497509656,88.4435650049998,0.));
#3750=CARTESIAN_POINT('Ctrl Pts',(4.65489497509656,88.4435650049998,2.));
#3751=CARTESIAN_POINT('Ctrl Pts',(3.61257151385787,88.5131475633798,0.));
#3752=CARTESIAN_POINT('Ctrl Pts',(3.61257151385787,88.5131475633798,2.));
#3753=CARTESIAN_POINT('Ctrl Pts',(3.07415659281368,88.3675647049034,0.));
#3754=CARTESIAN_POINT('Ctrl Pts',(3.07415659281368,88.3675647049034,2.));
#3755=CARTESIAN_POINT('Ctrl Pts',(2.15944298403564,87.7487179402009,0.));
#3756=CARTESIAN_POINT('Ctrl Pts',(2.15944298403564,87.7487179402009,2.));
#3757=CARTESIAN_POINT('Ctrl Pts',(1.80570727735725,87.2495173254109,0.));
#3758=CARTESIAN_POINT('Ctrl Pts',(1.80570727735725,87.2495173254109,2.));
#3759=CARTESIAN_POINT('Ctrl Pts',(1.50015707434983,86.0867566709965,0.));
#3760=CARTESIAN_POINT('Ctrl Pts',(1.50015707434983,86.0867566709965,2.));
#3761=CARTESIAN_POINT('Ctrl Pts',(1.59086046285127,85.4185686039852,0.));
#3762=CARTESIAN_POINT('Ctrl Pts',(1.59086046285127,85.4185686039852,2.));
#3763=CARTESIAN_POINT('Ctrl Pts',(2.23233350342322,84.3157019870077,0.));
#3764=CARTESIAN_POINT('Ctrl Pts',(2.23233350342322,84.3157019870077,2.));
#3765=CARTESIAN_POINT('Ctrl Pts',(2.79537187466621,83.8978350684942,0.));
#3766=CARTESIAN_POINT('Ctrl Pts',(2.79537187466621,83.8978350684942,2.));
#3767=CARTESIAN_POINT('Ctrl Pts',(4.06595541043863,83.5963809900539,0.));
#3768=CARTESIAN_POINT('Ctrl Pts',(4.06595541043863,83.5963809900539,2.));
#3769=CARTESIAN_POINT('Ctrl Pts',(4.766092918848,83.7221156635816,0.));
#3770=CARTESIAN_POINT('Ctrl Pts',(4.766092918848,83.7221156635816,2.));
#3771=CARTESIAN_POINT('Ctrl Pts',(5.96647543397135,84.5229441027202,0.));
#3772=CARTESIAN_POINT('Ctrl Pts',(5.96647543397135,84.5229441027202,2.));
#3773=CARTESIAN_POINT('Ctrl Pts',(6.380711085946,85.2972629638422,0.));
#3774=CARTESIAN_POINT('Ctrl Pts',(6.380711085946,85.2972629638422,2.));
#3775=CARTESIAN_POINT('Ctrl Pts',(6.380711085946,86.0832297317158,0.));
#3776=CARTESIAN_POINT('Ctrl Pts',(6.380711085946,86.0832297317158,2.));
#3777=CARTESIAN_POINT('Ctrl Pts',(2.3040825600973,84.3689193972189,2.));
#3778=CARTESIAN_POINT('Ctrl Pts',(1.96258041467944,84.7078847621287,2.));
#3779=CARTESIAN_POINT('Ctrl Pts',(1.72367199409867,85.1507894779584,2.));
#3780=CARTESIAN_POINT('Ctrl Pts',(1.62766219942967,85.6222898951771,2.));
#3781=CARTESIAN_POINT('Ctrl Pts',(6.380711085946,86.0832297317158,0.));
#3782=CARTESIAN_POINT('Ctrl Pts',(6.380711085946,86.0832297317158,2.));
#3783=CARTESIAN_POINT('Ctrl Pts',(6.38071108594375,86.3477836556882,0.));
#3784=CARTESIAN_POINT('Ctrl Pts',(6.38071108594375,86.3477836556882,2.));
#3785=CARTESIAN_POINT('Ctrl Pts',(6.33657370455888,86.612286697989,0.));
#3786=CARTESIAN_POINT('Ctrl Pts',(6.33657370455888,86.612286697989,2.));
#3787=CARTESIAN_POINT('Ctrl Pts',(6.11323048522693,87.2628632710474,0.));
#3788=CARTESIAN_POINT('Ctrl Pts',(6.11323048522693,87.2628632710474,2.));
#3789=CARTESIAN_POINT('Ctrl Pts',(5.86764940624437,87.6255128303146,0.));
#3790=CARTESIAN_POINT('Ctrl Pts',(5.86764940624437,87.6255128303146,2.));
#3791=CARTESIAN_POINT('Ctrl Pts',(5.15633982809258,88.2381320402232,0.));
#3792=CARTESIAN_POINT('Ctrl Pts',(5.15633982809258,88.2381320402232,2.));
#3793=CARTESIAN_POINT('Ctrl Pts',(4.65489497509656,88.4435650049998,0.));
#3794=CARTESIAN_POINT('Ctrl Pts',(4.65489497509656,88.4435650049998,2.));
#3795=CARTESIAN_POINT('Ctrl Pts',(3.61257151385787,88.5131475633798,0.));
#3796=CARTESIAN_POINT('Ctrl Pts',(3.61257151385787,88.5131475633798,2.));
#3797=CARTESIAN_POINT('Ctrl Pts',(3.07415659281368,88.3675647049034,0.));
#3798=CARTESIAN_POINT('Ctrl Pts',(3.07415659281368,88.3675647049034,2.));
#3799=CARTESIAN_POINT('Ctrl Pts',(2.15944298403564,87.7487179402009,0.));
#3800=CARTESIAN_POINT('Ctrl Pts',(2.15944298403564,87.7487179402009,2.));
#3801=CARTESIAN_POINT('Ctrl Pts',(1.80570727735725,87.2495173254109,0.));
#3802=CARTESIAN_POINT('Ctrl Pts',(1.80570727735725,87.2495173254109,2.));
#3803=CARTESIAN_POINT('Ctrl Pts',(1.50015707434983,86.0867566709965,0.));
#3804=CARTESIAN_POINT('Ctrl Pts',(1.50015707434983,86.0867566709965,2.));
#3805=CARTESIAN_POINT('Ctrl Pts',(1.59086046285127,85.4185686039852,0.));
#3806=CARTESIAN_POINT('Ctrl Pts',(1.59086046285127,85.4185686039852,2.));
#3807=CARTESIAN_POINT('Ctrl Pts',(2.23233350342322,84.3157019870077,0.));
#3808=CARTESIAN_POINT('Ctrl Pts',(2.23233350342322,84.3157019870077,2.));
#3809=CARTESIAN_POINT('Ctrl Pts',(2.79537187466621,83.8978350684942,0.));
#3810=CARTESIAN_POINT('Ctrl Pts',(2.79537187466621,83.8978350684942,2.));
#3811=CARTESIAN_POINT('Ctrl Pts',(4.06595541043863,83.5963809900539,0.));
#3812=CARTESIAN_POINT('Ctrl Pts',(4.06595541043863,83.5963809900539,2.));
#3813=CARTESIAN_POINT('Ctrl Pts',(4.766092918848,83.7221156635816,0.));
#3814=CARTESIAN_POINT('Ctrl Pts',(4.766092918848,83.7221156635816,2.));
#3815=CARTESIAN_POINT('Ctrl Pts',(5.96647543397135,84.5229441027202,0.));
#3816=CARTESIAN_POINT('Ctrl Pts',(5.96647543397135,84.5229441027202,2.));
#3817=CARTESIAN_POINT('Ctrl Pts',(6.380711085946,85.2972629638422,0.));
#3818=CARTESIAN_POINT('Ctrl Pts',(6.380711085946,85.2972629638422,2.));
#3819=CARTESIAN_POINT('Ctrl Pts',(6.380711085946,86.0832297317158,0.));
#3820=CARTESIAN_POINT('Ctrl Pts',(6.380711085946,86.0832297317158,2.));
#3821=CARTESIAN_POINT('Ctrl Pts',(3.98071108594544,83.6850685061395,2.));
#3822=CARTESIAN_POINT('Ctrl Pts',(3.74589440555397,83.6860227893511,2.));
#3823=CARTESIAN_POINT('Ctrl Pts',(3.50993079257185,83.7210644566142,2.));
#3824=CARTESIAN_POINT('Ctrl Pts',(3.19937827173964,83.8145135641696,2.));
#3825=CARTESIAN_POINT('Ctrl Pts',(3.11078253934608,83.8460201550164,2.));
#3826=CARTESIAN_POINT('Ctrl Pts',(3.01901648815512,83.8856993719989,2.));
#3827=CARTESIAN_POINT('Ctrl Pts',(6.380711085946,86.0832297317158,0.));
#3828=CARTESIAN_POINT('Ctrl Pts',(6.380711085946,86.0832297317158,2.));
#3829=CARTESIAN_POINT('Ctrl Pts',(6.38071108594375,86.3477836556882,0.));
#3830=CARTESIAN_POINT('Ctrl Pts',(6.38071108594375,86.3477836556882,2.));
#3831=CARTESIAN_POINT('Ctrl Pts',(6.33657370455888,86.612286697989,0.));
#3832=CARTESIAN_POINT('Ctrl Pts',(6.33657370455888,86.612286697989,2.));
#3833=CARTESIAN_POINT('Ctrl Pts',(6.11323048522693,87.2628632710474,0.));
#3834=CARTESIAN_POINT('Ctrl Pts',(6.11323048522693,87.2628632710474,2.));
#3835=CARTESIAN_POINT('Ctrl Pts',(5.86764940624437,87.6255128303146,0.));
#3836=CARTESIAN_POINT('Ctrl Pts',(5.86764940624437,87.6255128303146,2.));
#3837=CARTESIAN_POINT('Ctrl Pts',(5.15633982809258,88.2381320402232,0.));
#3838=CARTESIAN_POINT('Ctrl Pts',(5.15633982809258,88.2381320402232,2.));
#3839=CARTESIAN_POINT('Ctrl Pts',(4.65489497509656,88.4435650049998,0.));
#3840=CARTESIAN_POINT('Ctrl Pts',(4.65489497509656,88.4435650049998,2.));
#3841=CARTESIAN_POINT('Ctrl Pts',(3.61257151385787,88.5131475633798,0.));
#3842=CARTESIAN_POINT('Ctrl Pts',(3.61257151385787,88.5131475633798,2.));
#3843=CARTESIAN_POINT('Ctrl Pts',(3.07415659281368,88.3675647049034,0.));
#3844=CARTESIAN_POINT('Ctrl Pts',(3.07415659281368,88.3675647049034,2.));
#3845=CARTESIAN_POINT('Ctrl Pts',(2.15944298403564,87.7487179402009,0.));
#3846=CARTESIAN_POINT('Ctrl Pts',(2.15944298403564,87.7487179402009,2.));
#3847=CARTESIAN_POINT('Ctrl Pts',(1.80570727735725,87.2495173254109,0.));
#3848=CARTESIAN_POINT('Ctrl Pts',(1.80570727735725,87.2495173254109,2.));
#3849=CARTESIAN_POINT('Ctrl Pts',(1.50015707434983,86.0867566709965,0.));
#3850=CARTESIAN_POINT('Ctrl Pts',(1.50015707434983,86.0867566709965,2.));
#3851=CARTESIAN_POINT('Ctrl Pts',(1.59086046285127,85.4185686039852,0.));
#3852=CARTESIAN_POINT('Ctrl Pts',(1.59086046285127,85.4185686039852,2.));
#3853=CARTESIAN_POINT('Ctrl Pts',(2.23233350342322,84.3157019870077,0.));
#3854=CARTESIAN_POINT('Ctrl Pts',(2.23233350342322,84.3157019870077,2.));
#3855=CARTESIAN_POINT('Ctrl Pts',(2.79537187466621,83.8978350684942,0.));
#3856=CARTESIAN_POINT('Ctrl Pts',(2.79537187466621,83.8978350684942,2.));
#3857=CARTESIAN_POINT('Ctrl Pts',(4.06595541043863,83.5963809900539,0.));
#3858=CARTESIAN_POINT('Ctrl Pts',(4.06595541043863,83.5963809900539,2.));
#3859=CARTESIAN_POINT('Ctrl Pts',(4.766092918848,83.7221156635816,0.));
#3860=CARTESIAN_POINT('Ctrl Pts',(4.766092918848,83.7221156635816,2.));
#3861=CARTESIAN_POINT('Ctrl Pts',(5.96647543397135,84.5229441027202,0.));
#3862=CARTESIAN_POINT('Ctrl Pts',(5.96647543397135,84.5229441027202,2.));
#3863=CARTESIAN_POINT('Ctrl Pts',(6.380711085946,85.2972629638422,0.));
#3864=CARTESIAN_POINT('Ctrl Pts',(6.380711085946,85.2972629638422,2.));
#3865=CARTESIAN_POINT('Ctrl Pts',(6.380711085946,86.0832297317158,0.));
#3866=CARTESIAN_POINT('Ctrl Pts',(6.380711085946,86.0832297317158,2.));
#3867=CARTESIAN_POINT('Ctrl Pts',(5.65733961179941,84.368919397228,2.));
#3868=CARTESIAN_POINT('Ctrl Pts',(5.44997552864027,84.1674592007791,2.));
#3869=CARTESIAN_POINT('Ctrl Pts',(5.20668553548232,84.0026908466971,2.));
#3870=CARTESIAN_POINT('Ctrl Pts',(4.94240568375541,83.885699372009,2.));
#3871=CARTESIAN_POINT('Ctrl Pts',(6.380711085946,86.0832297317158,0.));
#3872=CARTESIAN_POINT('Ctrl Pts',(6.380711085946,86.0832297317158,2.));
#3873=CARTESIAN_POINT('Ctrl Pts',(6.38071108594375,86.3477836556882,0.));
#3874=CARTESIAN_POINT('Ctrl Pts',(6.38071108594375,86.3477836556882,2.));
#3875=CARTESIAN_POINT('Ctrl Pts',(6.33657370455888,86.612286697989,0.));
#3876=CARTESIAN_POINT('Ctrl Pts',(6.33657370455888,86.612286697989,2.));
#3877=CARTESIAN_POINT('Ctrl Pts',(6.11323048522693,87.2628632710474,0.));
#3878=CARTESIAN_POINT('Ctrl Pts',(6.11323048522693,87.2628632710474,2.));
#3879=CARTESIAN_POINT('Ctrl Pts',(5.86764940624437,87.6255128303146,0.));
#3880=CARTESIAN_POINT('Ctrl Pts',(5.86764940624437,87.6255128303146,2.));
#3881=CARTESIAN_POINT('Ctrl Pts',(5.15633982809258,88.2381320402232,0.));
#3882=CARTESIAN_POINT('Ctrl Pts',(5.15633982809258,88.2381320402232,2.));
#3883=CARTESIAN_POINT('Ctrl Pts',(4.65489497509656,88.4435650049998,0.));
#3884=CARTESIAN_POINT('Ctrl Pts',(4.65489497509656,88.4435650049998,2.));
#3885=CARTESIAN_POINT('Ctrl Pts',(3.61257151385787,88.5131475633798,0.));
#3886=CARTESIAN_POINT('Ctrl Pts',(3.61257151385787,88.5131475633798,2.));
#3887=CARTESIAN_POINT('Ctrl Pts',(3.07415659281368,88.3675647049034,0.));
#3888=CARTESIAN_POINT('Ctrl Pts',(3.07415659281368,88.3675647049034,2.));
#3889=CARTESIAN_POINT('Ctrl Pts',(2.15944298403564,87.7487179402009,0.));
#3890=CARTESIAN_POINT('Ctrl Pts',(2.15944298403564,87.7487179402009,2.));
#3891=CARTESIAN_POINT('Ctrl Pts',(1.80570727735725,87.2495173254109,0.));
#3892=CARTESIAN_POINT('Ctrl Pts',(1.80570727735725,87.2495173254109,2.));
#3893=CARTESIAN_POINT('Ctrl Pts',(1.50015707434983,86.0867566709965,0.));
#3894=CARTESIAN_POINT('Ctrl Pts',(1.50015707434983,86.0867566709965,2.));
#3895=CARTESIAN_POINT('Ctrl Pts',(1.59086046285127,85.4185686039852,0.));
#3896=CARTESIAN_POINT('Ctrl Pts',(1.59086046285127,85.4185686039852,2.));
#3897=CARTESIAN_POINT('Ctrl Pts',(2.23233350342322,84.3157019870077,0.));
#3898=CARTESIAN_POINT('Ctrl Pts',(2.23233350342322,84.3157019870077,2.));
#3899=CARTESIAN_POINT('Ctrl Pts',(2.79537187466621,83.8978350684942,0.));
#3900=CARTESIAN_POINT('Ctrl Pts',(2.79537187466621,83.8978350684942,2.));
#3901=CARTESIAN_POINT('Ctrl Pts',(4.06595541043863,83.5963809900539,0.));
#3902=CARTESIAN_POINT('Ctrl Pts',(4.06595541043863,83.5963809900539,2.));
#3903=CARTESIAN_POINT('Ctrl Pts',(4.766092918848,83.7221156635816,0.));
#3904=CARTESIAN_POINT('Ctrl Pts',(4.766092918848,83.7221156635816,2.));
#3905=CARTESIAN_POINT('Ctrl Pts',(5.96647543397135,84.5229441027202,0.));
#3906=CARTESIAN_POINT('Ctrl Pts',(5.96647543397135,84.5229441027202,2.));
#3907=CARTESIAN_POINT('Ctrl Pts',(6.380711085946,85.2972629638422,0.));
#3908=CARTESIAN_POINT('Ctrl Pts',(6.380711085946,85.2972629638422,2.));
#3909=CARTESIAN_POINT('Ctrl Pts',(6.380711085946,86.0832297317158,0.));
#3910=CARTESIAN_POINT('Ctrl Pts',(6.380711085946,86.0832297317158,2.));
#3911=CARTESIAN_POINT('Ctrl Pts',(6.33375997246018,85.622289895189,2.));
#3912=CARTESIAN_POINT('Ctrl Pts',(6.36461479263823,85.7738167330257,2.));
#3913=CARTESIAN_POINT('Ctrl Pts',(6.380711085946,85.9282969262541,2.));
#3914=CARTESIAN_POINT('Ctrl Pts',(6.380711085946,86.0832297317158,2.));
#3915=CARTESIAN_POINT('Ctrl Pts',(6.380711085946,86.0832297317158,0.));
#3916=CARTESIAN_POINT('Ctrl Pts',(6.380711085946,86.0832297317158,2.));
#3917=CARTESIAN_POINT('Ctrl Pts',(6.38071108594375,86.3477836556882,0.));
#3918=CARTESIAN_POINT('Ctrl Pts',(6.38071108594375,86.3477836556882,2.));
#3919=CARTESIAN_POINT('Ctrl Pts',(6.33657370455888,86.612286697989,0.));
#3920=CARTESIAN_POINT('Ctrl Pts',(6.33657370455888,86.612286697989,2.));
#3921=CARTESIAN_POINT('Ctrl Pts',(6.11323048522693,87.2628632710474,0.));
#3922=CARTESIAN_POINT('Ctrl Pts',(6.11323048522693,87.2628632710474,2.));
#3923=CARTESIAN_POINT('Ctrl Pts',(5.86764940624437,87.6255128303146,0.));
#3924=CARTESIAN_POINT('Ctrl Pts',(5.86764940624437,87.6255128303146,2.));
#3925=CARTESIAN_POINT('Ctrl Pts',(5.15633982809258,88.2381320402232,0.));
#3926=CARTESIAN_POINT('Ctrl Pts',(5.15633982809258,88.2381320402232,2.));
#3927=CARTESIAN_POINT('Ctrl Pts',(4.65489497509656,88.4435650049998,0.));
#3928=CARTESIAN_POINT('Ctrl Pts',(4.65489497509656,88.4435650049998,2.));
#3929=CARTESIAN_POINT('Ctrl Pts',(3.61257151385787,88.5131475633798,0.));
#3930=CARTESIAN_POINT('Ctrl Pts',(3.61257151385787,88.5131475633798,2.));
#3931=CARTESIAN_POINT('Ctrl Pts',(3.07415659281368,88.3675647049034,0.));
#3932=CARTESIAN_POINT('Ctrl Pts',(3.07415659281368,88.3675647049034,2.));
#3933=CARTESIAN_POINT('Ctrl Pts',(2.15944298403564,87.7487179402009,0.));
#3934=CARTESIAN_POINT('Ctrl Pts',(2.15944298403564,87.7487179402009,2.));
#3935=CARTESIAN_POINT('Ctrl Pts',(1.80570727735725,87.2495173254109,0.));
#3936=CARTESIAN_POINT('Ctrl Pts',(1.80570727735725,87.2495173254109,2.));
#3937=CARTESIAN_POINT('Ctrl Pts',(1.50015707434983,86.0867566709965,0.));
#3938=CARTESIAN_POINT('Ctrl Pts',(1.50015707434983,86.0867566709965,2.));
#3939=CARTESIAN_POINT('Ctrl Pts',(1.59086046285127,85.4185686039852,0.));
#3940=CARTESIAN_POINT('Ctrl Pts',(1.59086046285127,85.4185686039852,2.));
#3941=CARTESIAN_POINT('Ctrl Pts',(2.23233350342322,84.3157019870077,0.));
#3942=CARTESIAN_POINT('Ctrl Pts',(2.23233350342322,84.3157019870077,2.));
#3943=CARTESIAN_POINT('Ctrl Pts',(2.79537187466621,83.8978350684942,0.));
#3944=CARTESIAN_POINT('Ctrl Pts',(2.79537187466621,83.8978350684942,2.));
#3945=CARTESIAN_POINT('Ctrl Pts',(4.06595541043863,83.5963809900539,0.));
#3946=CARTESIAN_POINT('Ctrl Pts',(4.06595541043863,83.5963809900539,2.));
#3947=CARTESIAN_POINT('Ctrl Pts',(4.766092918848,83.7221156635816,0.));
#3948=CARTESIAN_POINT('Ctrl Pts',(4.766092918848,83.7221156635816,2.));
#3949=CARTESIAN_POINT('Ctrl Pts',(5.96647543397135,84.5229441027202,0.));
#3950=CARTESIAN_POINT('Ctrl Pts',(5.96647543397135,84.5229441027202,2.));
#3951=CARTESIAN_POINT('Ctrl Pts',(6.380711085946,85.2972629638422,0.));
#3952=CARTESIAN_POINT('Ctrl Pts',(6.380711085946,85.2972629638422,2.));
#3953=CARTESIAN_POINT('Ctrl Pts',(6.380711085946,86.0832297317158,0.));
#3954=CARTESIAN_POINT('Ctrl Pts',(6.380711085946,86.0832297317158,2.));
#3955=CARTESIAN_POINT('Ctrl Pts',(5.43160492605534,87.9948530262347,2.));
#3956=CARTESIAN_POINT('Ctrl Pts',(5.84077321131793,87.6831516379105,2.));
#3957=CARTESIAN_POINT('Ctrl Pts',(6.14660739628549,87.2371386223036,2.));
#3958=CARTESIAN_POINT('Ctrl Pts',(6.28834610285796,86.7425621052801,2.));
#3959=CARTESIAN_POINT('Ctrl Pts',(1.58071108594141,86.0832297317157,0.));
#3960=CARTESIAN_POINT('Ctrl Pts',(1.58071108594141,86.0832297317157,4.));
#3961=CARTESIAN_POINT('Ctrl Pts',(1.58071108594367,86.3477836556881,0.));
#3962=CARTESIAN_POINT('Ctrl Pts',(1.58071108594367,86.3477836556881,4.));
#3963=CARTESIAN_POINT('Ctrl Pts',(1.62484846732855,86.6122866979889,0.));
#3964=CARTESIAN_POINT('Ctrl Pts',(1.62484846732855,86.6122866979889,4.));
#3965=CARTESIAN_POINT('Ctrl Pts',(1.84819168666049,87.2628632710473,0.));
#3966=CARTESIAN_POINT('Ctrl Pts',(1.84819168666049,87.2628632710473,4.));
#3967=CARTESIAN_POINT('Ctrl Pts',(2.09377276564304,87.6255128303145,0.));
#3968=CARTESIAN_POINT('Ctrl Pts',(2.09377276564304,87.6255128303145,4.));
#3969=CARTESIAN_POINT('Ctrl Pts',(2.8050823437944,88.2381320402228,0.));
#3970=CARTESIAN_POINT('Ctrl Pts',(2.8050823437944,88.2381320402228,4.));
#3971=CARTESIAN_POINT('Ctrl Pts',(3.30652719678985,88.4435650049993,0.));
#3972=CARTESIAN_POINT('Ctrl Pts',(3.30652719678985,88.4435650049993,4.));
#3973=CARTESIAN_POINT('Ctrl Pts',(4.34885065802195,88.5131475633797,0.));
#3974=CARTESIAN_POINT('Ctrl Pts',(4.34885065802195,88.5131475633797,4.));
#3975=CARTESIAN_POINT('Ctrl Pts',(4.88726557906052,88.3675647049074,0.));
#3976=CARTESIAN_POINT('Ctrl Pts',(4.88726557906052,88.3675647049074,4.));
#3977=CARTESIAN_POINT('Ctrl Pts',(5.80197918784227,87.7487179402129,0.));
#3978=CARTESIAN_POINT('Ctrl Pts',(5.80197918784227,87.7487179402129,4.));
#3979=CARTESIAN_POINT('Ctrl Pts',(6.15571489452616,87.2495173254205,0.));
#3980=CARTESIAN_POINT('Ctrl Pts',(6.15571489452616,87.2495173254205,4.));
#3981=CARTESIAN_POINT('Ctrl Pts',(6.4612650975366,86.0867566710064,0.));
#3982=CARTESIAN_POINT('Ctrl Pts',(6.4612650975366,86.0867566710064,4.));
#3983=CARTESIAN_POINT('Ctrl Pts',(6.37056170903916,85.4185686039995,0.));
#3984=CARTESIAN_POINT('Ctrl Pts',(6.37056170903916,85.4185686039995,4.));
#3985=CARTESIAN_POINT('Ctrl Pts',(5.72908866847643,84.3157019870191,0.));
#3986=CARTESIAN_POINT('Ctrl Pts',(5.72908866847643,84.3157019870191,4.));
#3987=CARTESIAN_POINT('Ctrl Pts',(5.16605029723449,83.8978350685009,0.));
#3988=CARTESIAN_POINT('Ctrl Pts',(5.16605029723449,83.8978350685009,4.));
#3989=CARTESIAN_POINT('Ctrl Pts',(3.89546676146242,83.5963809900535,0.));
#3990=CARTESIAN_POINT('Ctrl Pts',(3.89546676146242,83.5963809900535,4.));
#3991=CARTESIAN_POINT('Ctrl Pts',(3.19532925305305,83.7221156635772,0.));
#3992=CARTESIAN_POINT('Ctrl Pts',(3.19532925305305,83.7221156635772,4.));
#3993=CARTESIAN_POINT('Ctrl Pts',(1.99494673792131,84.5229441027111,0.));
#3994=CARTESIAN_POINT('Ctrl Pts',(1.99494673792131,84.5229441027111,4.));
#3995=CARTESIAN_POINT('Ctrl Pts',(1.58071108594141,85.2972629638374,0.));
#3996=CARTESIAN_POINT('Ctrl Pts',(1.58071108594141,85.2972629638374,4.));
#3997=CARTESIAN_POINT('Ctrl Pts',(1.58071108594141,86.0832297317157,0.));
#3998=CARTESIAN_POINT('Ctrl Pts',(1.58071108594141,86.0832297317157,4.));
#3999=CARTESIAN_POINT('',(1.58071108594141,86.0832297317157,4.));
#4000=CARTESIAN_POINT('',(1.58071108594141,86.0832297317157,0.));
#4001=CARTESIAN_POINT('Ctrl Pts',(1.58071108594141,86.0832297317157,4.));
#4002=CARTESIAN_POINT('Ctrl Pts',(1.58071108594367,86.3477836556881,4.));
#4003=CARTESIAN_POINT('Ctrl Pts',(1.62484846732855,86.6122866979889,4.));
#4004=CARTESIAN_POINT('Ctrl Pts',(1.84819168666049,87.2628632710473,4.));
#4005=CARTESIAN_POINT('Ctrl Pts',(2.09377276564304,87.6255128303145,4.));
#4006=CARTESIAN_POINT('Ctrl Pts',(2.8050823437944,88.2381320402228,4.));
#4007=CARTESIAN_POINT('Ctrl Pts',(3.30652719678985,88.4435650049993,4.));
#4008=CARTESIAN_POINT('Ctrl Pts',(4.34885065802195,88.5131475633797,4.));
#4009=CARTESIAN_POINT('Ctrl Pts',(4.88726557906052,88.3675647049074,4.));
#4010=CARTESIAN_POINT('Ctrl Pts',(5.80197918784227,87.7487179402129,4.));
#4011=CARTESIAN_POINT('Ctrl Pts',(6.15571489452616,87.2495173254205,4.));
#4012=CARTESIAN_POINT('Ctrl Pts',(6.4612650975366,86.0867566710064,4.));
#4013=CARTESIAN_POINT('Ctrl Pts',(6.37056170903916,85.4185686039995,4.));
#4014=CARTESIAN_POINT('Ctrl Pts',(5.72908866847643,84.3157019870191,4.));
#4015=CARTESIAN_POINT('Ctrl Pts',(5.16605029723449,83.8978350685009,4.));
#4016=CARTESIAN_POINT('Ctrl Pts',(3.89546676146242,83.5963809900535,4.));
#4017=CARTESIAN_POINT('Ctrl Pts',(3.19532925305305,83.7221156635772,4.));
#4018=CARTESIAN_POINT('Ctrl Pts',(1.99494673792131,84.5229441027111,4.));
#4019=CARTESIAN_POINT('Ctrl Pts',(1.58071108594141,85.2972629638374,4.));
#4020=CARTESIAN_POINT('Ctrl Pts',(1.58071108594141,86.0832297317157,4.));
#4021=CARTESIAN_POINT('Origin',(3.98071108594369,86.0832297317157,0.));
#4022=CARTESIAN_POINT('',(2.48071108594369,86.0832297317157,4.));
#4023=CARTESIAN_POINT('Origin',(3.98071108594369,86.0832297317157,4.));
#4024=CARTESIAN_POINT('',(2.48071108594369,86.0832297317157,5.95));
#4025=CARTESIAN_POINT('',(2.48071108594369,86.0832297317157,0.));
#4026=CARTESIAN_POINT('Origin',(3.98071108594369,86.0832297317157,5.95));
#4027=CARTESIAN_POINT('Origin',(4.020988091739,86.0547642767166,4.));
#4028=CARTESIAN_POINT('Origin',(3.98071108594369,86.0832297317157,0.));
#4029=CARTESIAN_POINT('',(0.58071108594369,86.0832297317157,5.95));
#4030=CARTESIAN_POINT('Origin',(3.98071108594369,86.0832297317157,5.95));
#4031=CARTESIAN_POINT('',(0.58071108594369,86.0832297317157,0.));
#4032=CARTESIAN_POINT('Origin',(3.98071108594369,86.0832297317157,5.95));
#4033=CARTESIAN_POINT('Origin',(81.9807110859437,86.0832297317158,0.));
#4034=CARTESIAN_POINT('',(83.4807110859437,86.0832297317158,4.));
#4035=CARTESIAN_POINT('Origin',(81.9807110859437,86.0832297317158,4.));
#4036=CARTESIAN_POINT('',(83.4807110859437,86.0832297317158,5.95));
#4037=CARTESIAN_POINT('',(83.4807110859437,86.0832297317158,0.));
#4038=CARTESIAN_POINT('Origin',(81.9807110859437,86.0832297317158,5.95));
#4039=CARTESIAN_POINT('Ctrl Pts',(84.380711085946,86.0832297317158,0.));
#4040=CARTESIAN_POINT('Ctrl Pts',(84.380711085946,86.0832297317158,4.));
#4041=CARTESIAN_POINT('Ctrl Pts',(84.3807110859437,86.3477836556881,0.));
#4042=CARTESIAN_POINT('Ctrl Pts',(84.3807110859437,86.3477836556881,4.));
#4043=CARTESIAN_POINT('Ctrl Pts',(84.3365737045588,86.6122866979889,0.));
#4044=CARTESIAN_POINT('Ctrl Pts',(84.3365737045588,86.6122866979889,4.));
#4045=CARTESIAN_POINT('Ctrl Pts',(84.1132304852269,87.2628632710473,0.));
#4046=CARTESIAN_POINT('Ctrl Pts',(84.1132304852269,87.2628632710473,4.));
#4047=CARTESIAN_POINT('Ctrl Pts',(83.8676494062443,87.6255128303146,0.));
#4048=CARTESIAN_POINT('Ctrl Pts',(83.8676494062443,87.6255128303146,4.));
#4049=CARTESIAN_POINT('Ctrl Pts',(83.156339828093,88.2381320402229,0.));
#4050=CARTESIAN_POINT('Ctrl Pts',(83.156339828093,88.2381320402229,4.));
#4051=CARTESIAN_POINT('Ctrl Pts',(82.6548949750975,88.4435650049993,0.));
#4052=CARTESIAN_POINT('Ctrl Pts',(82.6548949750975,88.4435650049993,4.));
#4053=CARTESIAN_POINT('Ctrl Pts',(81.6125715138654,88.5131475633797,0.));
#4054=CARTESIAN_POINT('Ctrl Pts',(81.6125715138654,88.5131475633797,4.));
#4055=CARTESIAN_POINT('Ctrl Pts',(81.0741565928269,88.3675647049074,0.));
#4056=CARTESIAN_POINT('Ctrl Pts',(81.0741565928269,88.3675647049074,4.));
#4057=CARTESIAN_POINT('Ctrl Pts',(80.1594429840451,87.7487179402129,0.));
#4058=CARTESIAN_POINT('Ctrl Pts',(80.1594429840451,87.7487179402129,4.));
#4059=CARTESIAN_POINT('Ctrl Pts',(79.8057072773612,87.2495173254205,0.));
#4060=CARTESIAN_POINT('Ctrl Pts',(79.8057072773612,87.2495173254205,4.));
#4061=CARTESIAN_POINT('Ctrl Pts',(79.5001570743508,86.0867566710064,0.));
#4062=CARTESIAN_POINT('Ctrl Pts',(79.5001570743508,86.0867566710064,4.));
#4063=CARTESIAN_POINT('Ctrl Pts',(79.5908604628482,85.4185686039995,0.));
#4064=CARTESIAN_POINT('Ctrl Pts',(79.5908604628482,85.4185686039995,4.));
#4065=CARTESIAN_POINT('Ctrl Pts',(80.232333503411,84.3157019870191,0.));
#4066=CARTESIAN_POINT('Ctrl Pts',(80.232333503411,84.3157019870191,4.));
#4067=CARTESIAN_POINT('Ctrl Pts',(80.7953718746529,83.8978350685009,0.));
#4068=CARTESIAN_POINT('Ctrl Pts',(80.7953718746529,83.8978350685009,4.));
#4069=CARTESIAN_POINT('Ctrl Pts',(82.065955410425,83.5963809900535,0.));
#4070=CARTESIAN_POINT('Ctrl Pts',(82.065955410425,83.5963809900535,4.));
#4071=CARTESIAN_POINT('Ctrl Pts',(82.7660929188343,83.7221156635772,0.));
#4072=CARTESIAN_POINT('Ctrl Pts',(82.7660929188343,83.7221156635772,4.));
#4073=CARTESIAN_POINT('Ctrl Pts',(83.9664754339661,84.5229441027111,0.));
#4074=CARTESIAN_POINT('Ctrl Pts',(83.9664754339661,84.5229441027111,4.));
#4075=CARTESIAN_POINT('Ctrl Pts',(84.380711085946,85.2972629638374,0.));
#4076=CARTESIAN_POINT('Ctrl Pts',(84.380711085946,85.2972629638374,4.));
#4077=CARTESIAN_POINT('Ctrl Pts',(84.380711085946,86.0832297317158,0.));
#4078=CARTESIAN_POINT('Ctrl Pts',(84.380711085946,86.0832297317158,4.));
#4079=CARTESIAN_POINT('',(84.380711085946,86.0832297317158,4.));
#4080=CARTESIAN_POINT('',(84.380711085946,86.0832297317158,0.));
#4081=CARTESIAN_POINT('Ctrl Pts',(84.380711085946,86.0832297317158,4.));
#4082=CARTESIAN_POINT('Ctrl Pts',(84.3807110859437,86.3477836556881,4.));
#4083=CARTESIAN_POINT('Ctrl Pts',(84.3365737045588,86.6122866979889,4.));
#4084=CARTESIAN_POINT('Ctrl Pts',(84.1132304852269,87.2628632710473,4.));
#4085=CARTESIAN_POINT('Ctrl Pts',(83.8676494062443,87.6255128303146,4.));
#4086=CARTESIAN_POINT('Ctrl Pts',(83.156339828093,88.2381320402229,4.));
#4087=CARTESIAN_POINT('Ctrl Pts',(82.6548949750975,88.4435650049993,4.));
#4088=CARTESIAN_POINT('Ctrl Pts',(81.6125715138654,88.5131475633797,4.));
#4089=CARTESIAN_POINT('Ctrl Pts',(81.0741565928269,88.3675647049074,4.));
#4090=CARTESIAN_POINT('Ctrl Pts',(80.1594429840451,87.7487179402129,4.));
#4091=CARTESIAN_POINT('Ctrl Pts',(79.8057072773612,87.2495173254205,4.));
#4092=CARTESIAN_POINT('Ctrl Pts',(79.5001570743508,86.0867566710064,4.));
#4093=CARTESIAN_POINT('Ctrl Pts',(79.5908604628482,85.4185686039995,4.));
#4094=CARTESIAN_POINT('Ctrl Pts',(80.232333503411,84.3157019870191,4.));
#4095=CARTESIAN_POINT('Ctrl Pts',(80.7953718746529,83.8978350685009,4.));
#4096=CARTESIAN_POINT('Ctrl Pts',(82.065955410425,83.5963809900535,4.));
#4097=CARTESIAN_POINT('Ctrl Pts',(82.7660929188343,83.7221156635772,4.));
#4098=CARTESIAN_POINT('Ctrl Pts',(83.9664754339661,84.5229441027111,4.));
#4099=CARTESIAN_POINT('Ctrl Pts',(84.380711085946,85.2972629638374,4.));
#4100=CARTESIAN_POINT('Ctrl Pts',(84.380711085946,86.0832297317158,4.));
#4101=CARTESIAN_POINT('Origin',(81.9404340801484,86.0547642767166,4.));
#4102=CARTESIAN_POINT('Origin',(81.9807110859437,86.0832297317158,0.));
#4103=CARTESIAN_POINT('',(85.3807110859437,86.0832297317158,5.95));
#4104=CARTESIAN_POINT('Origin',(81.9807110859437,86.0832297317158,5.95));
#4105=CARTESIAN_POINT('',(85.3807110859437,86.0832297317158,0.));
#4106=CARTESIAN_POINT('Origin',(81.9807110859437,86.0832297317158,5.95));
#4107=CARTESIAN_POINT('Ctrl Pts',(6.38071108594601,44.0832297317158,0.));
#4108=CARTESIAN_POINT('Ctrl Pts',(6.38071108594601,44.0832297317158,2.));
#4109=CARTESIAN_POINT('Ctrl Pts',(6.38071108594375,44.3477836556881,0.));
#4110=CARTESIAN_POINT('Ctrl Pts',(6.38071108594375,44.3477836556881,2.));
#4111=CARTESIAN_POINT('Ctrl Pts',(6.3365737045589,44.612286697989,0.));
#4112=CARTESIAN_POINT('Ctrl Pts',(6.3365737045589,44.612286697989,2.));
#4113=CARTESIAN_POINT('Ctrl Pts',(6.11323048522695,45.2628632710474,0.));
#4114=CARTESIAN_POINT('Ctrl Pts',(6.11323048522695,45.2628632710474,2.));
#4115=CARTESIAN_POINT('Ctrl Pts',(5.86764940624439,45.6255128303146,0.));
#4116=CARTESIAN_POINT('Ctrl Pts',(5.86764940624439,45.6255128303146,2.));
#4117=CARTESIAN_POINT('Ctrl Pts',(5.15633982809267,46.2381320402232,0.));
#4118=CARTESIAN_POINT('Ctrl Pts',(5.15633982809267,46.2381320402232,2.));
#4119=CARTESIAN_POINT('Ctrl Pts',(4.65489497509672,46.4435650049997,0.));
#4120=CARTESIAN_POINT('Ctrl Pts',(4.65489497509672,46.4435650049997,2.));
#4121=CARTESIAN_POINT('Ctrl Pts',(3.61257151385945,46.5131475633798,0.));
#4122=CARTESIAN_POINT('Ctrl Pts',(3.61257151385945,46.5131475633798,2.));
#4123=CARTESIAN_POINT('Ctrl Pts',(3.07415659281666,46.3675647049043,0.));
#4124=CARTESIAN_POINT('Ctrl Pts',(3.07415659281666,46.3675647049043,2.));
#4125=CARTESIAN_POINT('Ctrl Pts',(2.15944298403776,45.7487179402036,0.));
#4126=CARTESIAN_POINT('Ctrl Pts',(2.15944298403776,45.7487179402036,2.));
#4127=CARTESIAN_POINT('Ctrl Pts',(1.80570727735821,45.2495173254132,0.));
#4128=CARTESIAN_POINT('Ctrl Pts',(1.80570727735821,45.2495173254132,2.));
#4129=CARTESIAN_POINT('Ctrl Pts',(1.50015707434947,44.0867566709965,0.));
#4130=CARTESIAN_POINT('Ctrl Pts',(1.50015707434947,44.0867566709965,2.));
#4131=CARTESIAN_POINT('Ctrl Pts',(1.59086046285131,43.4185686039838,0.));
#4132=CARTESIAN_POINT('Ctrl Pts',(1.59086046285131,43.4185686039838,2.));
#4133=CARTESIAN_POINT('Ctrl Pts',(2.23233350342562,42.3157019870049,0.));
#4134=CARTESIAN_POINT('Ctrl Pts',(2.23233350342562,42.3157019870049,2.));
#4135=CARTESIAN_POINT('Ctrl Pts',(2.79537187467012,41.8978350684919,0.));
#4136=CARTESIAN_POINT('Ctrl Pts',(2.79537187467012,41.8978350684919,2.));
#4137=CARTESIAN_POINT('Ctrl Pts',(4.06595541044459,41.596380990054,0.));
#4138=CARTESIAN_POINT('Ctrl Pts',(4.06595541044459,41.596380990054,2.));
#4139=CARTESIAN_POINT('Ctrl Pts',(4.76609291885427,41.7221156635836,0.));
#4140=CARTESIAN_POINT('Ctrl Pts',(4.76609291885427,41.7221156635836,2.));
#4141=CARTESIAN_POINT('Ctrl Pts',(5.96647543397388,42.5229441027245,0.));
#4142=CARTESIAN_POINT('Ctrl Pts',(5.96647543397388,42.5229441027245,2.));
#4143=CARTESIAN_POINT('Ctrl Pts',(6.38071108594601,43.2972629638444,0.));
#4144=CARTESIAN_POINT('Ctrl Pts',(6.38071108594601,43.2972629638444,2.));
#4145=CARTESIAN_POINT('Ctrl Pts',(6.38071108594601,44.0832297317158,0.));
#4146=CARTESIAN_POINT('Ctrl Pts',(6.38071108594601,44.0832297317158,2.));
#4147=CARTESIAN_POINT('',(6.37957811963997,44.0832262642564,2.));
#4148=CARTESIAN_POINT('',(6.38071108594601,44.0832297317158,0.));
#4149=CARTESIAN_POINT('',(6.13632997771126,45.1377941367749,2.));
#4150=CARTESIAN_POINT('Ctrl Pts',(6.13632997771126,45.1377941367749,2.));
#4151=CARTESIAN_POINT('Ctrl Pts',(6.2261394568022,44.9529844468036,2.));
#4152=CARTESIAN_POINT('Ctrl Pts',(6.2828868725741,44.7749489665979,2.));
#4153=CARTESIAN_POINT('Ctrl Pts',(6.35823951783608,44.4403468182105,2.));
#4154=CARTESIAN_POINT('Ctrl Pts',(6.37836163837591,44.2615924861036,2.));
#4155=CARTESIAN_POINT('Ctrl Pts',(6.37890753699663,44.0832242119288,2.));
#4156=CARTESIAN_POINT('Ctrl Pts',(6.13632997771067,45.1377941367761,0.));
#4157=CARTESIAN_POINT('Ctrl Pts',(6.13632997771067,45.1377941367761,0.0180967344669335));
#4158=CARTESIAN_POINT('Ctrl Pts',(6.13632997771067,45.1377941367761,0.0361934689338671));
#4159=CARTESIAN_POINT('Ctrl Pts',(6.13632997771067,45.1377941367761,0.387623536734134));
#4160=CARTESIAN_POINT('Ctrl Pts',(6.13632997771067,45.1377941367761,0.720956870067467));
#4161=CARTESIAN_POINT('Ctrl Pts',(6.13632997771067,45.1377941367761,1.3695268022672));
#4162=CARTESIAN_POINT('Ctrl Pts',(6.13632997771126,45.1377941367749,1.6847634011336));
#4163=CARTESIAN_POINT('Ctrl Pts',(6.13632997771126,45.1377941367749,2.));
#4164=CARTESIAN_POINT('Ctrl Pts',(6.38071108594601,44.0832297317158,0.));
#4165=CARTESIAN_POINT('Ctrl Pts',(6.38071108594601,44.0832297317158,2.));
#4166=CARTESIAN_POINT('Ctrl Pts',(6.38071108594375,44.3477836556881,0.));
#4167=CARTESIAN_POINT('Ctrl Pts',(6.38071108594375,44.3477836556881,2.));
#4168=CARTESIAN_POINT('Ctrl Pts',(6.3365737045589,44.612286697989,0.));
#4169=CARTESIAN_POINT('Ctrl Pts',(6.3365737045589,44.612286697989,2.));
#4170=CARTESIAN_POINT('Ctrl Pts',(6.11323048522695,45.2628632710474,0.));
#4171=CARTESIAN_POINT('Ctrl Pts',(6.11323048522695,45.2628632710474,2.));
#4172=CARTESIAN_POINT('Ctrl Pts',(5.86764940624439,45.6255128303146,0.));
#4173=CARTESIAN_POINT('Ctrl Pts',(5.86764940624439,45.6255128303146,2.));
#4174=CARTESIAN_POINT('Ctrl Pts',(5.15633982809267,46.2381320402232,0.));
#4175=CARTESIAN_POINT('Ctrl Pts',(5.15633982809267,46.2381320402232,2.));
#4176=CARTESIAN_POINT('Ctrl Pts',(4.65489497509672,46.4435650049997,0.));
#4177=CARTESIAN_POINT('Ctrl Pts',(4.65489497509672,46.4435650049997,2.));
#4178=CARTESIAN_POINT('Ctrl Pts',(3.61257151385945,46.5131475633798,0.));
#4179=CARTESIAN_POINT('Ctrl Pts',(3.61257151385945,46.5131475633798,2.));
#4180=CARTESIAN_POINT('Ctrl Pts',(3.07415659281666,46.3675647049043,0.));
#4181=CARTESIAN_POINT('Ctrl Pts',(3.07415659281666,46.3675647049043,2.));
#4182=CARTESIAN_POINT('Ctrl Pts',(2.15944298403776,45.7487179402036,0.));
#4183=CARTESIAN_POINT('Ctrl Pts',(2.15944298403776,45.7487179402036,2.));
#4184=CARTESIAN_POINT('Ctrl Pts',(1.80570727735821,45.2495173254132,0.));
#4185=CARTESIAN_POINT('Ctrl Pts',(1.80570727735821,45.2495173254132,2.));
#4186=CARTESIAN_POINT('Ctrl Pts',(1.50015707434947,44.0867566709965,0.));
#4187=CARTESIAN_POINT('Ctrl Pts',(1.50015707434947,44.0867566709965,2.));
#4188=CARTESIAN_POINT('Ctrl Pts',(1.59086046285131,43.4185686039838,0.));
#4189=CARTESIAN_POINT('Ctrl Pts',(1.59086046285131,43.4185686039838,2.));
#4190=CARTESIAN_POINT('Ctrl Pts',(2.23233350342562,42.3157019870049,0.));
#4191=CARTESIAN_POINT('Ctrl Pts',(2.23233350342562,42.3157019870049,2.));
#4192=CARTESIAN_POINT('Ctrl Pts',(2.79537187467012,41.8978350684919,0.));
#4193=CARTESIAN_POINT('Ctrl Pts',(2.79537187467012,41.8978350684919,2.));
#4194=CARTESIAN_POINT('Ctrl Pts',(4.06595541044459,41.596380990054,0.));
#4195=CARTESIAN_POINT('Ctrl Pts',(4.06595541044459,41.596380990054,2.));
#4196=CARTESIAN_POINT('Ctrl Pts',(4.76609291885427,41.7221156635836,0.));
#4197=CARTESIAN_POINT('Ctrl Pts',(4.76609291885427,41.7221156635836,2.));
#4198=CARTESIAN_POINT('Ctrl Pts',(5.96647543397388,42.5229441027245,0.));
#4199=CARTESIAN_POINT('Ctrl Pts',(5.96647543397388,42.5229441027245,2.));
#4200=CARTESIAN_POINT('Ctrl Pts',(6.38071108594601,43.2972629638444,0.));
#4201=CARTESIAN_POINT('Ctrl Pts',(6.38071108594601,43.2972629638444,2.));
#4202=CARTESIAN_POINT('Ctrl Pts',(6.38071108594601,44.0832297317158,0.));
#4203=CARTESIAN_POINT('Ctrl Pts',(6.38071108594601,44.0832297317158,2.));
#4204=CARTESIAN_POINT('',(4.36822580726693,46.4514662170865,2.));
#4205=CARTESIAN_POINT('',(4.90290318893917,46.2978248029846,2.));
#4206=CARTESIAN_POINT('Ctrl Pts',(4.36822580726692,46.4514662170865,2.));
#4207=CARTESIAN_POINT('Ctrl Pts',(4.55154806961935,46.4211018252447,2.));
#4208=CARTESIAN_POINT('Ctrl Pts',(4.73130573360669,46.3692604463613,2.));
#4209=CARTESIAN_POINT('Ctrl Pts',(4.90290318893942,46.2978248029845,2.));
#4210=CARTESIAN_POINT('Ctrl Pts',(4.36822580726693,46.4514662170865,2.));
#4211=CARTESIAN_POINT('Ctrl Pts',(4.36822580726693,46.4514662170865,1.66666666666667));
#4212=CARTESIAN_POINT('Ctrl Pts',(4.36822580726693,46.4514662170865,1.33333333333333));
#4213=CARTESIAN_POINT('Ctrl Pts',(4.36822580726693,46.4514662170865,0.666666666666667));
#4214=CARTESIAN_POINT('Ctrl Pts',(4.3682258072697,46.4514662170861,0.333333333333333));
#4215=CARTESIAN_POINT('Ctrl Pts',(4.3682258072697,46.4514662170861,0.));
#4216=CARTESIAN_POINT('Ctrl Pts',(4.90290318893917,46.2978248029846,0.));
#4217=CARTESIAN_POINT('Ctrl Pts',(4.90290318893917,46.2978248029846,0.0246543732184808));
#4218=CARTESIAN_POINT('Ctrl Pts',(4.90290318893917,46.2978248029846,0.0493087464369616));
#4219=CARTESIAN_POINT('Ctrl Pts',(4.90290318893917,46.2978248029846,0.407296452988776));
#4220=CARTESIAN_POINT('Ctrl Pts',(4.90290318893917,46.2978248029846,0.740629786322109));
#4221=CARTESIAN_POINT('Ctrl Pts',(4.90290318893917,46.2978248029846,1.3826420797703));
#4222=CARTESIAN_POINT('Ctrl Pts',(4.90290318893917,46.2978248029846,1.69132103988515));
#4223=CARTESIAN_POINT('Ctrl Pts',(4.90290318893917,46.2978248029846,2.));
#4224=CARTESIAN_POINT('Ctrl Pts',(6.38071108594601,44.0832297317158,0.));
#4225=CARTESIAN_POINT('Ctrl Pts',(6.38071108594601,44.0832297317158,2.));
#4226=CARTESIAN_POINT('Ctrl Pts',(6.38071108594375,44.3477836556881,0.));
#4227=CARTESIAN_POINT('Ctrl Pts',(6.38071108594375,44.3477836556881,2.));
#4228=CARTESIAN_POINT('Ctrl Pts',(6.3365737045589,44.612286697989,0.));
#4229=CARTESIAN_POINT('Ctrl Pts',(6.3365737045589,44.612286697989,2.));
#4230=CARTESIAN_POINT('Ctrl Pts',(6.11323048522695,45.2628632710474,0.));
#4231=CARTESIAN_POINT('Ctrl Pts',(6.11323048522695,45.2628632710474,2.));
#4232=CARTESIAN_POINT('Ctrl Pts',(5.86764940624439,45.6255128303146,0.));
#4233=CARTESIAN_POINT('Ctrl Pts',(5.86764940624439,45.6255128303146,2.));
#4234=CARTESIAN_POINT('Ctrl Pts',(5.15633982809267,46.2381320402232,0.));
#4235=CARTESIAN_POINT('Ctrl Pts',(5.15633982809267,46.2381320402232,2.));
#4236=CARTESIAN_POINT('Ctrl Pts',(4.65489497509672,46.4435650049997,0.));
#4237=CARTESIAN_POINT('Ctrl Pts',(4.65489497509672,46.4435650049997,2.));
#4238=CARTESIAN_POINT('Ctrl Pts',(3.61257151385945,46.5131475633798,0.));
#4239=CARTESIAN_POINT('Ctrl Pts',(3.61257151385945,46.5131475633798,2.));
#4240=CARTESIAN_POINT('Ctrl Pts',(3.07415659281666,46.3675647049043,0.));
#4241=CARTESIAN_POINT('Ctrl Pts',(3.07415659281666,46.3675647049043,2.));
#4242=CARTESIAN_POINT('Ctrl Pts',(2.15944298403776,45.7487179402036,0.));
#4243=CARTESIAN_POINT('Ctrl Pts',(2.15944298403776,45.7487179402036,2.));
#4244=CARTESIAN_POINT('Ctrl Pts',(1.80570727735821,45.2495173254132,0.));
#4245=CARTESIAN_POINT('Ctrl Pts',(1.80570727735821,45.2495173254132,2.));
#4246=CARTESIAN_POINT('Ctrl Pts',(1.50015707434947,44.0867566709965,0.));
#4247=CARTESIAN_POINT('Ctrl Pts',(1.50015707434947,44.0867566709965,2.));
#4248=CARTESIAN_POINT('Ctrl Pts',(1.59086046285131,43.4185686039838,0.));
#4249=CARTESIAN_POINT('Ctrl Pts',(1.59086046285131,43.4185686039838,2.));
#4250=CARTESIAN_POINT('Ctrl Pts',(2.23233350342562,42.3157019870049,0.));
#4251=CARTESIAN_POINT('Ctrl Pts',(2.23233350342562,42.3157019870049,2.));
#4252=CARTESIAN_POINT('Ctrl Pts',(2.79537187467012,41.8978350684919,0.));
#4253=CARTESIAN_POINT('Ctrl Pts',(2.79537187467012,41.8978350684919,2.));
#4254=CARTESIAN_POINT('Ctrl Pts',(4.06595541044459,41.596380990054,0.));
#4255=CARTESIAN_POINT('Ctrl Pts',(4.06595541044459,41.596380990054,2.));
#4256=CARTESIAN_POINT('Ctrl Pts',(4.76609291885427,41.7221156635836,0.));
#4257=CARTESIAN_POINT('Ctrl Pts',(4.76609291885427,41.7221156635836,2.));
#4258=CARTESIAN_POINT('Ctrl Pts',(5.96647543397388,42.5229441027245,0.));
#4259=CARTESIAN_POINT('Ctrl Pts',(5.96647543397388,42.5229441027245,2.));
#4260=CARTESIAN_POINT('Ctrl Pts',(6.38071108594601,43.2972629638444,0.));
#4261=CARTESIAN_POINT('Ctrl Pts',(6.38071108594601,43.2972629638444,2.));
#4262=CARTESIAN_POINT('Ctrl Pts',(6.38071108594601,44.0832297317158,0.));
#4263=CARTESIAN_POINT('Ctrl Pts',(6.38071108594601,44.0832297317158,2.));
#4264=CARTESIAN_POINT('',(1.58184405224755,44.0832331991751,2.));
#4265=CARTESIAN_POINT('',(1.59590565411049,44.3451364659007,2.));
#4266=CARTESIAN_POINT('Ctrl Pts',(1.58251463489088,44.0832352515027,2.));
#4267=CARTESIAN_POINT('Ctrl Pts',(1.58224692247451,44.170708272811,2.));
#4268=CARTESIAN_POINT('Ctrl Pts',(1.58668747546331,44.2581789959327,2.));
#4269=CARTESIAN_POINT('Ctrl Pts',(1.59590565411049,44.3451364659007,2.));
#4270=CARTESIAN_POINT('',(1.58071108594147,44.0832297317157,0.));
#4271=CARTESIAN_POINT('Ctrl Pts',(1.59590565411049,44.3451364659007,0.));
#4272=CARTESIAN_POINT('Ctrl Pts',(1.59590565411049,44.3451364659007,0.136389988853348));
#4273=CARTESIAN_POINT('Ctrl Pts',(1.59590565411049,44.3451364659007,0.272779977706695));
#4274=CARTESIAN_POINT('Ctrl Pts',(1.59590565411049,44.3451364659007,0.939446644373362));
#4275=CARTESIAN_POINT('Ctrl Pts',(1.59590565411049,44.3451364659007,1.46972332218668));
#4276=CARTESIAN_POINT('Ctrl Pts',(1.59590565411049,44.3451364659007,2.));
#4277=CARTESIAN_POINT('Ctrl Pts',(6.38071108594601,44.0832297317158,0.));
#4278=CARTESIAN_POINT('Ctrl Pts',(6.38071108594601,44.0832297317158,2.));
#4279=CARTESIAN_POINT('Ctrl Pts',(6.38071108594375,44.3477836556881,0.));
#4280=CARTESIAN_POINT('Ctrl Pts',(6.38071108594375,44.3477836556881,2.));
#4281=CARTESIAN_POINT('Ctrl Pts',(6.3365737045589,44.612286697989,0.));
#4282=CARTESIAN_POINT('Ctrl Pts',(6.3365737045589,44.612286697989,2.));
#4283=CARTESIAN_POINT('Ctrl Pts',(6.11323048522695,45.2628632710474,0.));
#4284=CARTESIAN_POINT('Ctrl Pts',(6.11323048522695,45.2628632710474,2.));
#4285=CARTESIAN_POINT('Ctrl Pts',(5.86764940624439,45.6255128303146,0.));
#4286=CARTESIAN_POINT('Ctrl Pts',(5.86764940624439,45.6255128303146,2.));
#4287=CARTESIAN_POINT('Ctrl Pts',(5.15633982809267,46.2381320402232,0.));
#4288=CARTESIAN_POINT('Ctrl Pts',(5.15633982809267,46.2381320402232,2.));
#4289=CARTESIAN_POINT('Ctrl Pts',(4.65489497509672,46.4435650049997,0.));
#4290=CARTESIAN_POINT('Ctrl Pts',(4.65489497509672,46.4435650049997,2.));
#4291=CARTESIAN_POINT('Ctrl Pts',(3.61257151385945,46.5131475633798,0.));
#4292=CARTESIAN_POINT('Ctrl Pts',(3.61257151385945,46.5131475633798,2.));
#4293=CARTESIAN_POINT('Ctrl Pts',(3.07415659281666,46.3675647049043,0.));
#4294=CARTESIAN_POINT('Ctrl Pts',(3.07415659281666,46.3675647049043,2.));
#4295=CARTESIAN_POINT('Ctrl Pts',(2.15944298403776,45.7487179402036,0.));
#4296=CARTESIAN_POINT('Ctrl Pts',(2.15944298403776,45.7487179402036,2.));
#4297=CARTESIAN_POINT('Ctrl Pts',(1.80570727735821,45.2495173254132,0.));
#4298=CARTESIAN_POINT('Ctrl Pts',(1.80570727735821,45.2495173254132,2.));
#4299=CARTESIAN_POINT('Ctrl Pts',(1.50015707434947,44.0867566709965,0.));
#4300=CARTESIAN_POINT('Ctrl Pts',(1.50015707434947,44.0867566709965,2.));
#4301=CARTESIAN_POINT('Ctrl Pts',(1.59086046285131,43.4185686039838,0.));
#4302=CARTESIAN_POINT('Ctrl Pts',(1.59086046285131,43.4185686039838,2.));
#4303=CARTESIAN_POINT('Ctrl Pts',(2.23233350342562,42.3157019870049,0.));
#4304=CARTESIAN_POINT('Ctrl Pts',(2.23233350342562,42.3157019870049,2.));
#4305=CARTESIAN_POINT('Ctrl Pts',(2.79537187467012,41.8978350684919,0.));
#4306=CARTESIAN_POINT('Ctrl Pts',(2.79537187467012,41.8978350684919,2.));
#4307=CARTESIAN_POINT('Ctrl Pts',(4.06595541044459,41.596380990054,0.));
#4308=CARTESIAN_POINT('Ctrl Pts',(4.06595541044459,41.596380990054,2.));
#4309=CARTESIAN_POINT('Ctrl Pts',(4.76609291885427,41.7221156635836,0.));
#4310=CARTESIAN_POINT('Ctrl Pts',(4.76609291885427,41.7221156635836,2.));
#4311=CARTESIAN_POINT('Ctrl Pts',(5.96647543397388,42.5229441027245,0.));
#4312=CARTESIAN_POINT('Ctrl Pts',(5.96647543397388,42.5229441027245,2.));
#4313=CARTESIAN_POINT('Ctrl Pts',(6.38071108594601,43.2972629638444,0.));
#4314=CARTESIAN_POINT('Ctrl Pts',(6.38071108594601,43.2972629638444,2.));
#4315=CARTESIAN_POINT('Ctrl Pts',(6.38071108594601,44.0832297317158,0.));
#4316=CARTESIAN_POINT('Ctrl Pts',(6.38071108594601,44.0832297317158,2.));
#4317=CARTESIAN_POINT('',(1.82509219418349,43.0286653266418,2.));
#4318=CARTESIAN_POINT('Ctrl Pts',(1.82509219418349,43.0286653266418,2.));
#4319=CARTESIAN_POINT('Ctrl Pts',(1.6661492855598,43.3557375907581,2.));
#4320=CARTESIAN_POINT('Ctrl Pts',(1.58362783251297,43.7195062895258,2.));
#4321=CARTESIAN_POINT('Ctrl Pts',(1.58251463489088,44.0832352515027,2.));
#4322=CARTESIAN_POINT('Ctrl Pts',(1.82509219418349,43.0286653266418,2.));
#4323=CARTESIAN_POINT('Ctrl Pts',(1.82509219418349,43.0286653266418,1.66666666666667));
#4324=CARTESIAN_POINT('Ctrl Pts',(1.82509219418349,43.0286653266418,1.33333333333333));
#4325=CARTESIAN_POINT('Ctrl Pts',(1.82509219418349,43.0286653266418,0.666666666666667));
#4326=CARTESIAN_POINT('Ctrl Pts',(1.82509219418315,43.0286653266425,0.333333333333333));
#4327=CARTESIAN_POINT('Ctrl Pts',(1.82509219418315,43.0286653266425,0.));
#4328=CARTESIAN_POINT('Ctrl Pts',(6.38071108594601,44.0832297317158,0.));
#4329=CARTESIAN_POINT('Ctrl Pts',(6.38071108594601,44.0832297317158,2.));
#4330=CARTESIAN_POINT('Ctrl Pts',(6.38071108594375,44.3477836556881,0.));
#4331=CARTESIAN_POINT('Ctrl Pts',(6.38071108594375,44.3477836556881,2.));
#4332=CARTESIAN_POINT('Ctrl Pts',(6.3365737045589,44.612286697989,0.));
#4333=CARTESIAN_POINT('Ctrl Pts',(6.3365737045589,44.612286697989,2.));
#4334=CARTESIAN_POINT('Ctrl Pts',(6.11323048522695,45.2628632710474,0.));
#4335=CARTESIAN_POINT('Ctrl Pts',(6.11323048522695,45.2628632710474,2.));
#4336=CARTESIAN_POINT('Ctrl Pts',(5.86764940624439,45.6255128303146,0.));
#4337=CARTESIAN_POINT('Ctrl Pts',(5.86764940624439,45.6255128303146,2.));
#4338=CARTESIAN_POINT('Ctrl Pts',(5.15633982809267,46.2381320402232,0.));
#4339=CARTESIAN_POINT('Ctrl Pts',(5.15633982809267,46.2381320402232,2.));
#4340=CARTESIAN_POINT('Ctrl Pts',(4.65489497509672,46.4435650049997,0.));
#4341=CARTESIAN_POINT('Ctrl Pts',(4.65489497509672,46.4435650049997,2.));
#4342=CARTESIAN_POINT('Ctrl Pts',(3.61257151385945,46.5131475633798,0.));
#4343=CARTESIAN_POINT('Ctrl Pts',(3.61257151385945,46.5131475633798,2.));
#4344=CARTESIAN_POINT('Ctrl Pts',(3.07415659281666,46.3675647049043,0.));
#4345=CARTESIAN_POINT('Ctrl Pts',(3.07415659281666,46.3675647049043,2.));
#4346=CARTESIAN_POINT('Ctrl Pts',(2.15944298403776,45.7487179402036,0.));
#4347=CARTESIAN_POINT('Ctrl Pts',(2.15944298403776,45.7487179402036,2.));
#4348=CARTESIAN_POINT('Ctrl Pts',(1.80570727735821,45.2495173254132,0.));
#4349=CARTESIAN_POINT('Ctrl Pts',(1.80570727735821,45.2495173254132,2.));
#4350=CARTESIAN_POINT('Ctrl Pts',(1.50015707434947,44.0867566709965,0.));
#4351=CARTESIAN_POINT('Ctrl Pts',(1.50015707434947,44.0867566709965,2.));
#4352=CARTESIAN_POINT('Ctrl Pts',(1.59086046285131,43.4185686039838,0.));
#4353=CARTESIAN_POINT('Ctrl Pts',(1.59086046285131,43.4185686039838,2.));
#4354=CARTESIAN_POINT('Ctrl Pts',(2.23233350342562,42.3157019870049,0.));
#4355=CARTESIAN_POINT('Ctrl Pts',(2.23233350342562,42.3157019870049,2.));
#4356=CARTESIAN_POINT('Ctrl Pts',(2.79537187467012,41.8978350684919,0.));
#4357=CARTESIAN_POINT('Ctrl Pts',(2.79537187467012,41.8978350684919,2.));
#4358=CARTESIAN_POINT('Ctrl Pts',(4.06595541044459,41.596380990054,0.));
#4359=CARTESIAN_POINT('Ctrl Pts',(4.06595541044459,41.596380990054,2.));
#4360=CARTESIAN_POINT('Ctrl Pts',(4.76609291885427,41.7221156635836,0.));
#4361=CARTESIAN_POINT('Ctrl Pts',(4.76609291885427,41.7221156635836,2.));
#4362=CARTESIAN_POINT('Ctrl Pts',(5.96647543397388,42.5229441027245,0.));
#4363=CARTESIAN_POINT('Ctrl Pts',(5.96647543397388,42.5229441027245,2.));
#4364=CARTESIAN_POINT('Ctrl Pts',(6.38071108594601,43.2972629638444,0.));
#4365=CARTESIAN_POINT('Ctrl Pts',(6.38071108594601,43.2972629638444,2.));
#4366=CARTESIAN_POINT('Ctrl Pts',(6.38071108594601,44.0832297317158,0.));
#4367=CARTESIAN_POINT('Ctrl Pts',(6.38071108594601,44.0832297317158,2.));
#4368=CARTESIAN_POINT('',(3.05851898296061,41.8686346604418,2.));
#4369=CARTESIAN_POINT('',(2.03556771766256,42.6781888239477,2.));
#4370=CARTESIAN_POINT('Ctrl Pts',(3.05851898296061,41.8686346604418,2.));
#4371=CARTESIAN_POINT('Ctrl Pts',(2.65302350684794,42.0394979081454,2.));
#4372=CARTESIAN_POINT('Ctrl Pts',(2.29446742710776,42.3223908866722,2.));
#4373=CARTESIAN_POINT('Ctrl Pts',(2.03556771766256,42.6781888239477,2.));
#4374=CARTESIAN_POINT('Ctrl Pts',(3.05851898296061,41.8686346604418,2.));
#4375=CARTESIAN_POINT('Ctrl Pts',(3.05851898296061,41.8686346604418,1.66666666666667));
#4376=CARTESIAN_POINT('Ctrl Pts',(3.05851898296061,41.8686346604418,1.33333333333333));
#4377=CARTESIAN_POINT('Ctrl Pts',(3.05851898296061,41.8686346604418,0.666666666666667));
#4378=CARTESIAN_POINT('Ctrl Pts',(3.05851898296134,41.8686346604415,0.333333333333333));
#4379=CARTESIAN_POINT('Ctrl Pts',(3.05851898296134,41.8686346604415,0.));
#4380=CARTESIAN_POINT('Ctrl Pts',(2.0355677176629,42.6781888239472,0.));
#4381=CARTESIAN_POINT('Ctrl Pts',(2.0355677176629,42.6781888239472,0.0181066167028107));
#4382=CARTESIAN_POINT('Ctrl Pts',(2.0355677176629,42.6781888239472,0.0362132334056214));
#4383=CARTESIAN_POINT('Ctrl Pts',(2.0355677176629,42.6781888239472,0.387653183441765));
#4384=CARTESIAN_POINT('Ctrl Pts',(2.0355677176629,42.6781888239472,0.720986516775099));
#4385=CARTESIAN_POINT('Ctrl Pts',(2.0355677176629,42.6781888239472,1.36954656673895));
#4386=CARTESIAN_POINT('Ctrl Pts',(2.03556771766256,42.6781888239477,1.68477328336948));
#4387=CARTESIAN_POINT('Ctrl Pts',(2.03556771766256,42.6781888239477,2.));
#4388=CARTESIAN_POINT('Ctrl Pts',(6.38071108594601,44.0832297317158,0.));
#4389=CARTESIAN_POINT('Ctrl Pts',(6.38071108594601,44.0832297317158,2.));
#4390=CARTESIAN_POINT('Ctrl Pts',(6.38071108594375,44.3477836556881,0.));
#4391=CARTESIAN_POINT('Ctrl Pts',(6.38071108594375,44.3477836556881,2.));
#4392=CARTESIAN_POINT('Ctrl Pts',(6.3365737045589,44.612286697989,0.));
#4393=CARTESIAN_POINT('Ctrl Pts',(6.3365737045589,44.612286697989,2.));
#4394=CARTESIAN_POINT('Ctrl Pts',(6.11323048522695,45.2628632710474,0.));
#4395=CARTESIAN_POINT('Ctrl Pts',(6.11323048522695,45.2628632710474,2.));
#4396=CARTESIAN_POINT('Ctrl Pts',(5.86764940624439,45.6255128303146,0.));
#4397=CARTESIAN_POINT('Ctrl Pts',(5.86764940624439,45.6255128303146,2.));
#4398=CARTESIAN_POINT('Ctrl Pts',(5.15633982809267,46.2381320402232,0.));
#4399=CARTESIAN_POINT('Ctrl Pts',(5.15633982809267,46.2381320402232,2.));
#4400=CARTESIAN_POINT('Ctrl Pts',(4.65489497509672,46.4435650049997,0.));
#4401=CARTESIAN_POINT('Ctrl Pts',(4.65489497509672,46.4435650049997,2.));
#4402=CARTESIAN_POINT('Ctrl Pts',(3.61257151385945,46.5131475633798,0.));
#4403=CARTESIAN_POINT('Ctrl Pts',(3.61257151385945,46.5131475633798,2.));
#4404=CARTESIAN_POINT('Ctrl Pts',(3.07415659281666,46.3675647049043,0.));
#4405=CARTESIAN_POINT('Ctrl Pts',(3.07415659281666,46.3675647049043,2.));
#4406=CARTESIAN_POINT('Ctrl Pts',(2.15944298403776,45.7487179402036,0.));
#4407=CARTESIAN_POINT('Ctrl Pts',(2.15944298403776,45.7487179402036,2.));
#4408=CARTESIAN_POINT('Ctrl Pts',(1.80570727735821,45.2495173254132,0.));
#4409=CARTESIAN_POINT('Ctrl Pts',(1.80570727735821,45.2495173254132,2.));
#4410=CARTESIAN_POINT('Ctrl Pts',(1.50015707434947,44.0867566709965,0.));
#4411=CARTESIAN_POINT('Ctrl Pts',(1.50015707434947,44.0867566709965,2.));
#4412=CARTESIAN_POINT('Ctrl Pts',(1.59086046285131,43.4185686039838,0.));
#4413=CARTESIAN_POINT('Ctrl Pts',(1.59086046285131,43.4185686039838,2.));
#4414=CARTESIAN_POINT('Ctrl Pts',(2.23233350342562,42.3157019870049,0.));
#4415=CARTESIAN_POINT('Ctrl Pts',(2.23233350342562,42.3157019870049,2.));
#4416=CARTESIAN_POINT('Ctrl Pts',(2.79537187467012,41.8978350684919,0.));
#4417=CARTESIAN_POINT('Ctrl Pts',(2.79537187467012,41.8978350684919,2.));
#4418=CARTESIAN_POINT('Ctrl Pts',(4.06595541044459,41.596380990054,0.));
#4419=CARTESIAN_POINT('Ctrl Pts',(4.06595541044459,41.596380990054,2.));
#4420=CARTESIAN_POINT('Ctrl Pts',(4.76609291885427,41.7221156635836,0.));
#4421=CARTESIAN_POINT('Ctrl Pts',(4.76609291885427,41.7221156635836,2.));
#4422=CARTESIAN_POINT('Ctrl Pts',(5.96647543397388,42.5229441027245,0.));
#4423=CARTESIAN_POINT('Ctrl Pts',(5.96647543397388,42.5229441027245,2.));
#4424=CARTESIAN_POINT('Ctrl Pts',(6.38071108594601,43.2972629638444,0.));
#4425=CARTESIAN_POINT('Ctrl Pts',(6.38071108594601,43.2972629638444,2.));
#4426=CARTESIAN_POINT('Ctrl Pts',(6.38071108594601,44.0832297317158,0.));
#4427=CARTESIAN_POINT('Ctrl Pts',(6.38071108594601,44.0832297317158,2.));
#4428=CARTESIAN_POINT('',(6.36551651777688,43.8213229975297,2.));
#4429=CARTESIAN_POINT('',(3.59319636462729,41.7149932463439,2.));
#4430=CARTESIAN_POINT('Ctrl Pts',(6.36551651777688,43.8213229975297,2.));
#4431=CARTESIAN_POINT('Ctrl Pts',(6.28540022520209,43.12886417893,2.));
#4432=CARTESIAN_POINT('Ctrl Pts',(5.89360546078209,42.474329310226,2.));
#4433=CARTESIAN_POINT('Ctrl Pts',(4.81320169519577,41.7535440185889,2.));
#4434=CARTESIAN_POINT('Ctrl Pts',(4.18550640854482,41.6198303116007,2.));
#4435=CARTESIAN_POINT('Ctrl Pts',(3.59319636462729,41.7149932463439,2.));
#4436=CARTESIAN_POINT('Ctrl Pts',(6.36551651777688,43.8213229975297,2.));
#4437=CARTESIAN_POINT('Ctrl Pts',(6.36551651777688,43.8213229975297,1.66666666666667));
#4438=CARTESIAN_POINT('Ctrl Pts',(6.36551651777688,43.8213229975297,1.33333333333333));
#4439=CARTESIAN_POINT('Ctrl Pts',(6.36551651777688,43.8213229975297,0.666666666666667));
#4440=CARTESIAN_POINT('Ctrl Pts',(6.36551651777688,43.8213229975298,0.333333333333333));
#4441=CARTESIAN_POINT('Ctrl Pts',(6.36551651777688,43.8213229975298,0.));
#4442=CARTESIAN_POINT('Ctrl Pts',(3.59319636462802,41.7149932463438,0.));
#4443=CARTESIAN_POINT('Ctrl Pts',(3.59319636462802,41.7149932463438,0.0246694010852237));
#4444=CARTESIAN_POINT('Ctrl Pts',(3.59319636462802,41.7149932463438,0.0493388021704474));
#4445=CARTESIAN_POINT('Ctrl Pts',(3.59319636462802,41.7149932463438,0.407341536589004));
#4446=CARTESIAN_POINT('Ctrl Pts',(3.59319636462802,41.7149932463438,0.740674869922338));
#4447=CARTESIAN_POINT('Ctrl Pts',(3.59319636462802,41.7149932463438,1.38267213550378));
#4448=CARTESIAN_POINT('Ctrl Pts',(3.59319636462729,41.7149932463439,1.69133606775189));
#4449=CARTESIAN_POINT('Ctrl Pts',(3.59319636462729,41.7149932463439,2.));
#4450=CARTESIAN_POINT('Ctrl Pts',(6.38071108594601,44.0832297317158,0.));
#4451=CARTESIAN_POINT('Ctrl Pts',(6.38071108594601,44.0832297317158,2.));
#4452=CARTESIAN_POINT('Ctrl Pts',(6.38071108594375,44.3477836556881,0.));
#4453=CARTESIAN_POINT('Ctrl Pts',(6.38071108594375,44.3477836556881,2.));
#4454=CARTESIAN_POINT('Ctrl Pts',(6.3365737045589,44.612286697989,0.));
#4455=CARTESIAN_POINT('Ctrl Pts',(6.3365737045589,44.612286697989,2.));
#4456=CARTESIAN_POINT('Ctrl Pts',(6.11323048522695,45.2628632710474,0.));
#4457=CARTESIAN_POINT('Ctrl Pts',(6.11323048522695,45.2628632710474,2.));
#4458=CARTESIAN_POINT('Ctrl Pts',(5.86764940624439,45.6255128303146,0.));
#4459=CARTESIAN_POINT('Ctrl Pts',(5.86764940624439,45.6255128303146,2.));
#4460=CARTESIAN_POINT('Ctrl Pts',(5.15633982809267,46.2381320402232,0.));
#4461=CARTESIAN_POINT('Ctrl Pts',(5.15633982809267,46.2381320402232,2.));
#4462=CARTESIAN_POINT('Ctrl Pts',(4.65489497509672,46.4435650049997,0.));
#4463=CARTESIAN_POINT('Ctrl Pts',(4.65489497509672,46.4435650049997,2.));
#4464=CARTESIAN_POINT('Ctrl Pts',(3.61257151385945,46.5131475633798,0.));
#4465=CARTESIAN_POINT('Ctrl Pts',(3.61257151385945,46.5131475633798,2.));
#4466=CARTESIAN_POINT('Ctrl Pts',(3.07415659281666,46.3675647049043,0.));
#4467=CARTESIAN_POINT('Ctrl Pts',(3.07415659281666,46.3675647049043,2.));
#4468=CARTESIAN_POINT('Ctrl Pts',(2.15944298403776,45.7487179402036,0.));
#4469=CARTESIAN_POINT('Ctrl Pts',(2.15944298403776,45.7487179402036,2.));
#4470=CARTESIAN_POINT('Ctrl Pts',(1.80570727735821,45.2495173254132,0.));
#4471=CARTESIAN_POINT('Ctrl Pts',(1.80570727735821,45.2495173254132,2.));
#4472=CARTESIAN_POINT('Ctrl Pts',(1.50015707434947,44.0867566709965,0.));
#4473=CARTESIAN_POINT('Ctrl Pts',(1.50015707434947,44.0867566709965,2.));
#4474=CARTESIAN_POINT('Ctrl Pts',(1.59086046285131,43.4185686039838,0.));
#4475=CARTESIAN_POINT('Ctrl Pts',(1.59086046285131,43.4185686039838,2.));
#4476=CARTESIAN_POINT('Ctrl Pts',(2.23233350342562,42.3157019870049,0.));
#4477=CARTESIAN_POINT('Ctrl Pts',(2.23233350342562,42.3157019870049,2.));
#4478=CARTESIAN_POINT('Ctrl Pts',(2.79537187467012,41.8978350684919,0.));
#4479=CARTESIAN_POINT('Ctrl Pts',(2.79537187467012,41.8978350684919,2.));
#4480=CARTESIAN_POINT('Ctrl Pts',(4.06595541044459,41.596380990054,0.));
#4481=CARTESIAN_POINT('Ctrl Pts',(4.06595541044459,41.596380990054,2.));
#4482=CARTESIAN_POINT('Ctrl Pts',(4.76609291885427,41.7221156635836,0.));
#4483=CARTESIAN_POINT('Ctrl Pts',(4.76609291885427,41.7221156635836,2.));
#4484=CARTESIAN_POINT('Ctrl Pts',(5.96647543397388,42.5229441027245,0.));
#4485=CARTESIAN_POINT('Ctrl Pts',(5.96647543397388,42.5229441027245,2.));
#4486=CARTESIAN_POINT('Ctrl Pts',(6.38071108594601,43.2972629638444,0.));
#4487=CARTESIAN_POINT('Ctrl Pts',(6.38071108594601,43.2972629638444,2.));
#4488=CARTESIAN_POINT('Ctrl Pts',(6.38071108594601,44.0832297317158,0.));
#4489=CARTESIAN_POINT('Ctrl Pts',(6.38071108594601,44.0832297317158,2.));
#4490=CARTESIAN_POINT('',(5.92585445423587,45.4882706394687,2.));
#4491=CARTESIAN_POINT('Ctrl Pts',(5.92585445423211,45.4882706394739,2.));
#4492=CARTESIAN_POINT('Ctrl Pts',(6.00570763590625,45.3776398469531,2.));
#4493=CARTESIAN_POINT('Ctrl Pts',(6.07623445117285,45.2602704822531,2.));
#4494=CARTESIAN_POINT('Ctrl Pts',(6.13632997771126,45.1377941367749,2.));
#4495=CARTESIAN_POINT('Ctrl Pts',(5.92585445423587,45.4882706394687,2.));
#4496=CARTESIAN_POINT('Ctrl Pts',(5.92585445423587,45.4882706394687,1.66666666666667));
#4497=CARTESIAN_POINT('Ctrl Pts',(5.92585445423587,45.4882706394687,1.33333333333333));
#4498=CARTESIAN_POINT('Ctrl Pts',(5.92585445423587,45.4882706394687,0.666666666666667));
#4499=CARTESIAN_POINT('Ctrl Pts',(5.92585445423497,45.4882706394699,0.333333333333333));
#4500=CARTESIAN_POINT('Ctrl Pts',(5.92585445423497,45.4882706394699,0.));
#4501=CARTESIAN_POINT('Ctrl Pts',(6.38071108594601,44.0832297317158,0.));
#4502=CARTESIAN_POINT('Ctrl Pts',(6.38071108594601,44.0832297317158,2.));
#4503=CARTESIAN_POINT('Ctrl Pts',(6.38071108594375,44.3477836556881,0.));
#4504=CARTESIAN_POINT('Ctrl Pts',(6.38071108594375,44.3477836556881,2.));
#4505=CARTESIAN_POINT('Ctrl Pts',(6.3365737045589,44.612286697989,0.));
#4506=CARTESIAN_POINT('Ctrl Pts',(6.3365737045589,44.612286697989,2.));
#4507=CARTESIAN_POINT('Ctrl Pts',(6.11323048522695,45.2628632710474,0.));
#4508=CARTESIAN_POINT('Ctrl Pts',(6.11323048522695,45.2628632710474,2.));
#4509=CARTESIAN_POINT('Ctrl Pts',(5.86764940624439,45.6255128303146,0.));
#4510=CARTESIAN_POINT('Ctrl Pts',(5.86764940624439,45.6255128303146,2.));
#4511=CARTESIAN_POINT('Ctrl Pts',(5.15633982809267,46.2381320402232,0.));
#4512=CARTESIAN_POINT('Ctrl Pts',(5.15633982809267,46.2381320402232,2.));
#4513=CARTESIAN_POINT('Ctrl Pts',(4.65489497509672,46.4435650049997,0.));
#4514=CARTESIAN_POINT('Ctrl Pts',(4.65489497509672,46.4435650049997,2.));
#4515=CARTESIAN_POINT('Ctrl Pts',(3.61257151385945,46.5131475633798,0.));
#4516=CARTESIAN_POINT('Ctrl Pts',(3.61257151385945,46.5131475633798,2.));
#4517=CARTESIAN_POINT('Ctrl Pts',(3.07415659281666,46.3675647049043,0.));
#4518=CARTESIAN_POINT('Ctrl Pts',(3.07415659281666,46.3675647049043,2.));
#4519=CARTESIAN_POINT('Ctrl Pts',(2.15944298403776,45.7487179402036,0.));
#4520=CARTESIAN_POINT('Ctrl Pts',(2.15944298403776,45.7487179402036,2.));
#4521=CARTESIAN_POINT('Ctrl Pts',(1.80570727735821,45.2495173254132,0.));
#4522=CARTESIAN_POINT('Ctrl Pts',(1.80570727735821,45.2495173254132,2.));
#4523=CARTESIAN_POINT('Ctrl Pts',(1.50015707434947,44.0867566709965,0.));
#4524=CARTESIAN_POINT('Ctrl Pts',(1.50015707434947,44.0867566709965,2.));
#4525=CARTESIAN_POINT('Ctrl Pts',(1.59086046285131,43.4185686039838,0.));
#4526=CARTESIAN_POINT('Ctrl Pts',(1.59086046285131,43.4185686039838,2.));
#4527=CARTESIAN_POINT('Ctrl Pts',(2.23233350342562,42.3157019870049,0.));
#4528=CARTESIAN_POINT('Ctrl Pts',(2.23233350342562,42.3157019870049,2.));
#4529=CARTESIAN_POINT('Ctrl Pts',(2.79537187467012,41.8978350684919,0.));
#4530=CARTESIAN_POINT('Ctrl Pts',(2.79537187467012,41.8978350684919,2.));
#4531=CARTESIAN_POINT('Ctrl Pts',(4.06595541044459,41.596380990054,0.));
#4532=CARTESIAN_POINT('Ctrl Pts',(4.06595541044459,41.596380990054,2.));
#4533=CARTESIAN_POINT('Ctrl Pts',(4.76609291885427,41.7221156635836,0.));
#4534=CARTESIAN_POINT('Ctrl Pts',(4.76609291885427,41.7221156635836,2.));
#4535=CARTESIAN_POINT('Ctrl Pts',(5.96647543397388,42.5229441027245,0.));
#4536=CARTESIAN_POINT('Ctrl Pts',(5.96647543397388,42.5229441027245,2.));
#4537=CARTESIAN_POINT('Ctrl Pts',(6.38071108594601,43.2972629638444,0.));
#4538=CARTESIAN_POINT('Ctrl Pts',(6.38071108594601,43.2972629638444,2.));
#4539=CARTESIAN_POINT('Ctrl Pts',(6.38071108594601,44.0832297317158,0.));
#4540=CARTESIAN_POINT('Ctrl Pts',(6.38071108594601,44.0832297317158,2.));
#4541=CARTESIAN_POINT('',(2.67172154074481,46.0948230551947,2.));
#4542=CARTESIAN_POINT('Ctrl Pts',(2.67172154074481,46.0948230551947,2.));
#4543=CARTESIAN_POINT('Ctrl Pts',(2.75649944535413,46.1499201165731,2.));
#4544=CARTESIAN_POINT('Ctrl Pts',(2.85881510208798,46.2084384380504,2.));
#4545=CARTESIAN_POINT('Ctrl Pts',(3.15344084778066,46.3422447299997,2.));
#4546=CARTESIAN_POINT('Ctrl Pts',(3.33641834092353,46.4000903596701,2.));
#4547=CARTESIAN_POINT('Ctrl Pts',(3.80197584546711,46.4904975537455,2.));
#4548=CARTESIAN_POINT('Ctrl Pts',(4.08953453814354,46.4962418870754,2.));
#4549=CARTESIAN_POINT('Ctrl Pts',(4.36822580726693,46.4514662170865,2.));
#4550=CARTESIAN_POINT('Ctrl Pts',(1.59590565411049,44.3451364659007,2.));
#4551=CARTESIAN_POINT('Ctrl Pts',(1.59715491998423,44.355934084503,2.));
#4552=CARTESIAN_POINT('Ctrl Pts',(1.59848600593688,44.3667746728481,2.));
#4553=CARTESIAN_POINT('Ctrl Pts',(1.64178434885928,44.6998552738486,2.));
#4554=CARTESIAN_POINT('Ctrl Pts',(1.75071656522977,45.0114319305371,2.));
#4555=CARTESIAN_POINT('Ctrl Pts',(2.06350967060675,45.5492594869385,2.));
#4556=CARTESIAN_POINT('Ctrl Pts',(2.26033687310677,45.780204266178,2.));
#4557=CARTESIAN_POINT('Ctrl Pts',(2.49280592940021,45.9657232044008,2.));
#4558=CARTESIAN_POINT('Ctrl Pts',(2.53990133359869,46.0033070855478,2.));
#4559=CARTESIAN_POINT('Ctrl Pts',(2.59942394812861,46.0478369340321,2.));
#4560=CARTESIAN_POINT('Ctrl Pts',(2.67172154074481,46.0948230551947,2.));
#4561=CARTESIAN_POINT('Ctrl Pts',(6.38071108594601,44.0832297317158,0.));
#4562=CARTESIAN_POINT('Ctrl Pts',(6.38071108594601,44.0832297317158,2.));
#4563=CARTESIAN_POINT('Ctrl Pts',(6.38071108594375,44.3477836556881,0.));
#4564=CARTESIAN_POINT('Ctrl Pts',(6.38071108594375,44.3477836556881,2.));
#4565=CARTESIAN_POINT('Ctrl Pts',(6.3365737045589,44.612286697989,0.));
#4566=CARTESIAN_POINT('Ctrl Pts',(6.3365737045589,44.612286697989,2.));
#4567=CARTESIAN_POINT('Ctrl Pts',(6.11323048522695,45.2628632710474,0.));
#4568=CARTESIAN_POINT('Ctrl Pts',(6.11323048522695,45.2628632710474,2.));
#4569=CARTESIAN_POINT('Ctrl Pts',(5.86764940624439,45.6255128303146,0.));
#4570=CARTESIAN_POINT('Ctrl Pts',(5.86764940624439,45.6255128303146,2.));
#4571=CARTESIAN_POINT('Ctrl Pts',(5.15633982809267,46.2381320402232,0.));
#4572=CARTESIAN_POINT('Ctrl Pts',(5.15633982809267,46.2381320402232,2.));
#4573=CARTESIAN_POINT('Ctrl Pts',(4.65489497509672,46.4435650049997,0.));
#4574=CARTESIAN_POINT('Ctrl Pts',(4.65489497509672,46.4435650049997,2.));
#4575=CARTESIAN_POINT('Ctrl Pts',(3.61257151385945,46.5131475633798,0.));
#4576=CARTESIAN_POINT('Ctrl Pts',(3.61257151385945,46.5131475633798,2.));
#4577=CARTESIAN_POINT('Ctrl Pts',(3.07415659281666,46.3675647049043,0.));
#4578=CARTESIAN_POINT('Ctrl Pts',(3.07415659281666,46.3675647049043,2.));
#4579=CARTESIAN_POINT('Ctrl Pts',(2.15944298403776,45.7487179402036,0.));
#4580=CARTESIAN_POINT('Ctrl Pts',(2.15944298403776,45.7487179402036,2.));
#4581=CARTESIAN_POINT('Ctrl Pts',(1.80570727735821,45.2495173254132,0.));
#4582=CARTESIAN_POINT('Ctrl Pts',(1.80570727735821,45.2495173254132,2.));
#4583=CARTESIAN_POINT('Ctrl Pts',(1.50015707434947,44.0867566709965,0.));
#4584=CARTESIAN_POINT('Ctrl Pts',(1.50015707434947,44.0867566709965,2.));
#4585=CARTESIAN_POINT('Ctrl Pts',(1.59086046285131,43.4185686039838,0.));
#4586=CARTESIAN_POINT('Ctrl Pts',(1.59086046285131,43.4185686039838,2.));
#4587=CARTESIAN_POINT('Ctrl Pts',(2.23233350342562,42.3157019870049,0.));
#4588=CARTESIAN_POINT('Ctrl Pts',(2.23233350342562,42.3157019870049,2.));
#4589=CARTESIAN_POINT('Ctrl Pts',(2.79537187467012,41.8978350684919,0.));
#4590=CARTESIAN_POINT('Ctrl Pts',(2.79537187467012,41.8978350684919,2.));
#4591=CARTESIAN_POINT('Ctrl Pts',(4.06595541044459,41.596380990054,0.));
#4592=CARTESIAN_POINT('Ctrl Pts',(4.06595541044459,41.596380990054,2.));
#4593=CARTESIAN_POINT('Ctrl Pts',(4.76609291885427,41.7221156635836,0.));
#4594=CARTESIAN_POINT('Ctrl Pts',(4.76609291885427,41.7221156635836,2.));
#4595=CARTESIAN_POINT('Ctrl Pts',(5.96647543397388,42.5229441027245,0.));
#4596=CARTESIAN_POINT('Ctrl Pts',(5.96647543397388,42.5229441027245,2.));
#4597=CARTESIAN_POINT('Ctrl Pts',(6.38071108594601,43.2972629638444,0.));
#4598=CARTESIAN_POINT('Ctrl Pts',(6.38071108594601,43.2972629638444,2.));
#4599=CARTESIAN_POINT('Ctrl Pts',(6.38071108594601,44.0832297317158,0.));
#4600=CARTESIAN_POINT('Ctrl Pts',(6.38071108594601,44.0832297317158,2.));
#4601=CARTESIAN_POINT('Ctrl Pts',(2.03556771766256,42.6781888239477,2.));
#4602=CARTESIAN_POINT('Ctrl Pts',(1.96855838084523,42.7710254008116,2.));
#4603=CARTESIAN_POINT('Ctrl Pts',(1.89421626358965,42.8877885610494,2.));
#4604=CARTESIAN_POINT('Ctrl Pts',(1.82509219418349,43.0286653266418,2.));
#4605=CARTESIAN_POINT('Ctrl Pts',(6.38071108594601,44.0832297317158,0.));
#4606=CARTESIAN_POINT('Ctrl Pts',(6.38071108594601,44.0832297317158,2.));
#4607=CARTESIAN_POINT('Ctrl Pts',(6.38071108594375,44.3477836556881,0.));
#4608=CARTESIAN_POINT('Ctrl Pts',(6.38071108594375,44.3477836556881,2.));
#4609=CARTESIAN_POINT('Ctrl Pts',(6.3365737045589,44.612286697989,0.));
#4610=CARTESIAN_POINT('Ctrl Pts',(6.3365737045589,44.612286697989,2.));
#4611=CARTESIAN_POINT('Ctrl Pts',(6.11323048522695,45.2628632710474,0.));
#4612=CARTESIAN_POINT('Ctrl Pts',(6.11323048522695,45.2628632710474,2.));
#4613=CARTESIAN_POINT('Ctrl Pts',(5.86764940624439,45.6255128303146,0.));
#4614=CARTESIAN_POINT('Ctrl Pts',(5.86764940624439,45.6255128303146,2.));
#4615=CARTESIAN_POINT('Ctrl Pts',(5.15633982809267,46.2381320402232,0.));
#4616=CARTESIAN_POINT('Ctrl Pts',(5.15633982809267,46.2381320402232,2.));
#4617=CARTESIAN_POINT('Ctrl Pts',(4.65489497509672,46.4435650049997,0.));
#4618=CARTESIAN_POINT('Ctrl Pts',(4.65489497509672,46.4435650049997,2.));
#4619=CARTESIAN_POINT('Ctrl Pts',(3.61257151385945,46.5131475633798,0.));
#4620=CARTESIAN_POINT('Ctrl Pts',(3.61257151385945,46.5131475633798,2.));
#4621=CARTESIAN_POINT('Ctrl Pts',(3.07415659281666,46.3675647049043,0.));
#4622=CARTESIAN_POINT('Ctrl Pts',(3.07415659281666,46.3675647049043,2.));
#4623=CARTESIAN_POINT('Ctrl Pts',(2.15944298403776,45.7487179402036,0.));
#4624=CARTESIAN_POINT('Ctrl Pts',(2.15944298403776,45.7487179402036,2.));
#4625=CARTESIAN_POINT('Ctrl Pts',(1.80570727735821,45.2495173254132,0.));
#4626=CARTESIAN_POINT('Ctrl Pts',(1.80570727735821,45.2495173254132,2.));
#4627=CARTESIAN_POINT('Ctrl Pts',(1.50015707434947,44.0867566709965,0.));
#4628=CARTESIAN_POINT('Ctrl Pts',(1.50015707434947,44.0867566709965,2.));
#4629=CARTESIAN_POINT('Ctrl Pts',(1.59086046285131,43.4185686039838,0.));
#4630=CARTESIAN_POINT('Ctrl Pts',(1.59086046285131,43.4185686039838,2.));
#4631=CARTESIAN_POINT('Ctrl Pts',(2.23233350342562,42.3157019870049,0.));
#4632=CARTESIAN_POINT('Ctrl Pts',(2.23233350342562,42.3157019870049,2.));
#4633=CARTESIAN_POINT('Ctrl Pts',(2.79537187467012,41.8978350684919,0.));
#4634=CARTESIAN_POINT('Ctrl Pts',(2.79537187467012,41.8978350684919,2.));
#4635=CARTESIAN_POINT('Ctrl Pts',(4.06595541044459,41.596380990054,0.));
#4636=CARTESIAN_POINT('Ctrl Pts',(4.06595541044459,41.596380990054,2.));
#4637=CARTESIAN_POINT('Ctrl Pts',(4.76609291885427,41.7221156635836,0.));
#4638=CARTESIAN_POINT('Ctrl Pts',(4.76609291885427,41.7221156635836,2.));
#4639=CARTESIAN_POINT('Ctrl Pts',(5.96647543397388,42.5229441027245,0.));
#4640=CARTESIAN_POINT('Ctrl Pts',(5.96647543397388,42.5229441027245,2.));
#4641=CARTESIAN_POINT('Ctrl Pts',(6.38071108594601,43.2972629638444,0.));
#4642=CARTESIAN_POINT('Ctrl Pts',(6.38071108594601,43.2972629638444,2.));
#4643=CARTESIAN_POINT('Ctrl Pts',(6.38071108594601,44.0832297317158,0.));
#4644=CARTESIAN_POINT('Ctrl Pts',(6.38071108594601,44.0832297317158,2.));
#4645=CARTESIAN_POINT('Ctrl Pts',(3.59319636462729,41.7149932463439,2.));
#4646=CARTESIAN_POINT('Ctrl Pts',(3.40987410227702,41.7453576381848,2.));
#4647=CARTESIAN_POINT('Ctrl Pts',(3.23011643829167,41.7971990170668,2.));
#4648=CARTESIAN_POINT('Ctrl Pts',(3.05851898296061,41.8686346604418,2.));
#4649=CARTESIAN_POINT('Ctrl Pts',(6.38071108594601,44.0832297317158,0.));
#4650=CARTESIAN_POINT('Ctrl Pts',(6.38071108594601,44.0832297317158,2.));
#4651=CARTESIAN_POINT('Ctrl Pts',(6.38071108594375,44.3477836556881,0.));
#4652=CARTESIAN_POINT('Ctrl Pts',(6.38071108594375,44.3477836556881,2.));
#4653=CARTESIAN_POINT('Ctrl Pts',(6.3365737045589,44.612286697989,0.));
#4654=CARTESIAN_POINT('Ctrl Pts',(6.3365737045589,44.612286697989,2.));
#4655=CARTESIAN_POINT('Ctrl Pts',(6.11323048522695,45.2628632710474,0.));
#4656=CARTESIAN_POINT('Ctrl Pts',(6.11323048522695,45.2628632710474,2.));
#4657=CARTESIAN_POINT('Ctrl Pts',(5.86764940624439,45.6255128303146,0.));
#4658=CARTESIAN_POINT('Ctrl Pts',(5.86764940624439,45.6255128303146,2.));
#4659=CARTESIAN_POINT('Ctrl Pts',(5.15633982809267,46.2381320402232,0.));
#4660=CARTESIAN_POINT('Ctrl Pts',(5.15633982809267,46.2381320402232,2.));
#4661=CARTESIAN_POINT('Ctrl Pts',(4.65489497509672,46.4435650049997,0.));
#4662=CARTESIAN_POINT('Ctrl Pts',(4.65489497509672,46.4435650049997,2.));
#4663=CARTESIAN_POINT('Ctrl Pts',(3.61257151385945,46.5131475633798,0.));
#4664=CARTESIAN_POINT('Ctrl Pts',(3.61257151385945,46.5131475633798,2.));
#4665=CARTESIAN_POINT('Ctrl Pts',(3.07415659281666,46.3675647049043,0.));
#4666=CARTESIAN_POINT('Ctrl Pts',(3.07415659281666,46.3675647049043,2.));
#4667=CARTESIAN_POINT('Ctrl Pts',(2.15944298403776,45.7487179402036,0.));
#4668=CARTESIAN_POINT('Ctrl Pts',(2.15944298403776,45.7487179402036,2.));
#4669=CARTESIAN_POINT('Ctrl Pts',(1.80570727735821,45.2495173254132,0.));
#4670=CARTESIAN_POINT('Ctrl Pts',(1.80570727735821,45.2495173254132,2.));
#4671=CARTESIAN_POINT('Ctrl Pts',(1.50015707434947,44.0867566709965,0.));
#4672=CARTESIAN_POINT('Ctrl Pts',(1.50015707434947,44.0867566709965,2.));
#4673=CARTESIAN_POINT('Ctrl Pts',(1.59086046285131,43.4185686039838,0.));
#4674=CARTESIAN_POINT('Ctrl Pts',(1.59086046285131,43.4185686039838,2.));
#4675=CARTESIAN_POINT('Ctrl Pts',(2.23233350342562,42.3157019870049,0.));
#4676=CARTESIAN_POINT('Ctrl Pts',(2.23233350342562,42.3157019870049,2.));
#4677=CARTESIAN_POINT('Ctrl Pts',(2.79537187467012,41.8978350684919,0.));
#4678=CARTESIAN_POINT('Ctrl Pts',(2.79537187467012,41.8978350684919,2.));
#4679=CARTESIAN_POINT('Ctrl Pts',(4.06595541044459,41.596380990054,0.));
#4680=CARTESIAN_POINT('Ctrl Pts',(4.06595541044459,41.596380990054,2.));
#4681=CARTESIAN_POINT('Ctrl Pts',(4.76609291885427,41.7221156635836,0.));
#4682=CARTESIAN_POINT('Ctrl Pts',(4.76609291885427,41.7221156635836,2.));
#4683=CARTESIAN_POINT('Ctrl Pts',(5.96647543397388,42.5229441027245,0.));
#4684=CARTESIAN_POINT('Ctrl Pts',(5.96647543397388,42.5229441027245,2.));
#4685=CARTESIAN_POINT('Ctrl Pts',(6.38071108594601,43.2972629638444,0.));
#4686=CARTESIAN_POINT('Ctrl Pts',(6.38071108594601,43.2972629638444,2.));
#4687=CARTESIAN_POINT('Ctrl Pts',(6.38071108594601,44.0832297317158,0.));
#4688=CARTESIAN_POINT('Ctrl Pts',(6.38071108594601,44.0832297317158,2.));
#4689=CARTESIAN_POINT('Ctrl Pts',(6.36551651777688,43.8213229975297,2.));
#4690=CARTESIAN_POINT('Ctrl Pts',(6.37556563540215,43.9081792398136,2.));
#4691=CARTESIAN_POINT('Ctrl Pts',(6.38071108594601,43.995632143213,2.));
#4692=CARTESIAN_POINT('Ctrl Pts',(6.38071108594601,44.0832297317158,2.));
#4693=CARTESIAN_POINT('Ctrl Pts',(6.38071108594601,44.0832297317158,0.));
#4694=CARTESIAN_POINT('Ctrl Pts',(6.38071108594601,44.0832297317158,2.));
#4695=CARTESIAN_POINT('Ctrl Pts',(6.38071108594375,44.3477836556881,0.));
#4696=CARTESIAN_POINT('Ctrl Pts',(6.38071108594375,44.3477836556881,2.));
#4697=CARTESIAN_POINT('Ctrl Pts',(6.3365737045589,44.612286697989,0.));
#4698=CARTESIAN_POINT('Ctrl Pts',(6.3365737045589,44.612286697989,2.));
#4699=CARTESIAN_POINT('Ctrl Pts',(6.11323048522695,45.2628632710474,0.));
#4700=CARTESIAN_POINT('Ctrl Pts',(6.11323048522695,45.2628632710474,2.));
#4701=CARTESIAN_POINT('Ctrl Pts',(5.86764940624439,45.6255128303146,0.));
#4702=CARTESIAN_POINT('Ctrl Pts',(5.86764940624439,45.6255128303146,2.));
#4703=CARTESIAN_POINT('Ctrl Pts',(5.15633982809267,46.2381320402232,0.));
#4704=CARTESIAN_POINT('Ctrl Pts',(5.15633982809267,46.2381320402232,2.));
#4705=CARTESIAN_POINT('Ctrl Pts',(4.65489497509672,46.4435650049997,0.));
#4706=CARTESIAN_POINT('Ctrl Pts',(4.65489497509672,46.4435650049997,2.));
#4707=CARTESIAN_POINT('Ctrl Pts',(3.61257151385945,46.5131475633798,0.));
#4708=CARTESIAN_POINT('Ctrl Pts',(3.61257151385945,46.5131475633798,2.));
#4709=CARTESIAN_POINT('Ctrl Pts',(3.07415659281666,46.3675647049043,0.));
#4710=CARTESIAN_POINT('Ctrl Pts',(3.07415659281666,46.3675647049043,2.));
#4711=CARTESIAN_POINT('Ctrl Pts',(2.15944298403776,45.7487179402036,0.));
#4712=CARTESIAN_POINT('Ctrl Pts',(2.15944298403776,45.7487179402036,2.));
#4713=CARTESIAN_POINT('Ctrl Pts',(1.80570727735821,45.2495173254132,0.));
#4714=CARTESIAN_POINT('Ctrl Pts',(1.80570727735821,45.2495173254132,2.));
#4715=CARTESIAN_POINT('Ctrl Pts',(1.50015707434947,44.0867566709965,0.));
#4716=CARTESIAN_POINT('Ctrl Pts',(1.50015707434947,44.0867566709965,2.));
#4717=CARTESIAN_POINT('Ctrl Pts',(1.59086046285131,43.4185686039838,0.));
#4718=CARTESIAN_POINT('Ctrl Pts',(1.59086046285131,43.4185686039838,2.));
#4719=CARTESIAN_POINT('Ctrl Pts',(2.23233350342562,42.3157019870049,0.));
#4720=CARTESIAN_POINT('Ctrl Pts',(2.23233350342562,42.3157019870049,2.));
#4721=CARTESIAN_POINT('Ctrl Pts',(2.79537187467012,41.8978350684919,0.));
#4722=CARTESIAN_POINT('Ctrl Pts',(2.79537187467012,41.8978350684919,2.));
#4723=CARTESIAN_POINT('Ctrl Pts',(4.06595541044459,41.596380990054,0.));
#4724=CARTESIAN_POINT('Ctrl Pts',(4.06595541044459,41.596380990054,2.));
#4725=CARTESIAN_POINT('Ctrl Pts',(4.76609291885427,41.7221156635836,0.));
#4726=CARTESIAN_POINT('Ctrl Pts',(4.76609291885427,41.7221156635836,2.));
#4727=CARTESIAN_POINT('Ctrl Pts',(5.96647543397388,42.5229441027245,0.));
#4728=CARTESIAN_POINT('Ctrl Pts',(5.96647543397388,42.5229441027245,2.));
#4729=CARTESIAN_POINT('Ctrl Pts',(6.38071108594601,43.2972629638444,0.));
#4730=CARTESIAN_POINT('Ctrl Pts',(6.38071108594601,43.2972629638444,2.));
#4731=CARTESIAN_POINT('Ctrl Pts',(6.38071108594601,44.0832297317158,0.));
#4732=CARTESIAN_POINT('Ctrl Pts',(6.38071108594601,44.0832297317158,2.));
#4733=CARTESIAN_POINT('Ctrl Pts',(4.90290318893917,46.2978248029846,2.));
#4734=CARTESIAN_POINT('Ctrl Pts',(5.06313418015488,46.2303084207927,2.));
#4735=CARTESIAN_POINT('Ctrl Pts',(5.19145848950024,46.155798812792,2.));
#4736=CARTESIAN_POINT('Ctrl Pts',(5.53444634038108,45.9323326713194,2.));
#4737=CARTESIAN_POINT('Ctrl Pts',(5.7527576750543,45.7261522389298,2.));
#4738=CARTESIAN_POINT('Ctrl Pts',(5.92585445423587,45.4882706394687,2.));
#4739=CARTESIAN_POINT('Ctrl Pts',(1.58071108594147,44.0832297317157,0.));
#4740=CARTESIAN_POINT('Ctrl Pts',(1.58071108594147,44.0832297317157,4.));
#4741=CARTESIAN_POINT('Ctrl Pts',(1.58071108594372,43.8186758077433,0.));
#4742=CARTESIAN_POINT('Ctrl Pts',(1.58071108594372,43.8186758077433,4.));
#4743=CARTESIAN_POINT('Ctrl Pts',(1.62484846732861,43.5541727654426,0.));
#4744=CARTESIAN_POINT('Ctrl Pts',(1.62484846732861,43.5541727654426,4.));
#4745=CARTESIAN_POINT('Ctrl Pts',(1.84819168666055,42.9035961923842,0.));
#4746=CARTESIAN_POINT('Ctrl Pts',(1.84819168666055,42.9035961923842,4.));
#4747=CARTESIAN_POINT('Ctrl Pts',(2.09377276564309,42.5409466331169,0.));
#4748=CARTESIAN_POINT('Ctrl Pts',(2.09377276564309,42.5409466331169,4.));
#4749=CARTESIAN_POINT('Ctrl Pts',(2.80508234379445,41.9283274232087,0.));
#4750=CARTESIAN_POINT('Ctrl Pts',(2.80508234379445,41.9283274232087,4.));
#4751=CARTESIAN_POINT('Ctrl Pts',(3.30652719678991,41.7228944584322,0.));
#4752=CARTESIAN_POINT('Ctrl Pts',(3.30652719678991,41.7228944584322,4.));
#4753=CARTESIAN_POINT('Ctrl Pts',(4.34885065802201,41.6533119000518,0.));
#4754=CARTESIAN_POINT('Ctrl Pts',(4.34885065802201,41.6533119000518,4.));
#4755=CARTESIAN_POINT('Ctrl Pts',(4.88726557906057,41.7988947585241,0.));
#4756=CARTESIAN_POINT('Ctrl Pts',(4.88726557906057,41.7988947585241,4.));
#4757=CARTESIAN_POINT('Ctrl Pts',(5.80197918784233,42.4177415232187,0.));
#4758=CARTESIAN_POINT('Ctrl Pts',(5.80197918784233,42.4177415232187,4.));
#4759=CARTESIAN_POINT('Ctrl Pts',(6.15571489452621,42.916942138011,0.));
#4760=CARTESIAN_POINT('Ctrl Pts',(6.15571489452621,42.916942138011,4.));
#4761=CARTESIAN_POINT('Ctrl Pts',(6.46126509753665,44.0797027924251,0.));
#4762=CARTESIAN_POINT('Ctrl Pts',(6.46126509753665,44.0797027924251,4.));
#4763=CARTESIAN_POINT('Ctrl Pts',(6.3705617090392,44.747890859432,0.));
#4764=CARTESIAN_POINT('Ctrl Pts',(6.3705617090392,44.747890859432,4.));
#4765=CARTESIAN_POINT('Ctrl Pts',(5.72908866847648,45.8507574764124,0.));
#4766=CARTESIAN_POINT('Ctrl Pts',(5.72908866847648,45.8507574764124,4.));
#4767=CARTESIAN_POINT('Ctrl Pts',(5.16605029723454,46.2686243949306,0.));
#4768=CARTESIAN_POINT('Ctrl Pts',(5.16605029723454,46.2686243949306,4.));
#4769=CARTESIAN_POINT('Ctrl Pts',(3.89546676146246,46.570078473378,0.));
#4770=CARTESIAN_POINT('Ctrl Pts',(3.89546676146246,46.570078473378,4.));
#4771=CARTESIAN_POINT('Ctrl Pts',(3.19532925305309,46.4443437998543,0.));
#4772=CARTESIAN_POINT('Ctrl Pts',(3.19532925305309,46.4443437998543,4.));
#4773=CARTESIAN_POINT('Ctrl Pts',(1.99494673792136,45.6435153607204,0.));
#4774=CARTESIAN_POINT('Ctrl Pts',(1.99494673792136,45.6435153607204,4.));
#4775=CARTESIAN_POINT('Ctrl Pts',(1.58071108594147,44.8691964995941,0.));
#4776=CARTESIAN_POINT('Ctrl Pts',(1.58071108594147,44.8691964995941,4.));
#4777=CARTESIAN_POINT('Ctrl Pts',(1.58071108594147,44.0832297317157,0.));
#4778=CARTESIAN_POINT('Ctrl Pts',(1.58071108594147,44.0832297317157,4.));
#4779=CARTESIAN_POINT('',(1.58071108594147,44.0832297317157,4.));
#4780=CARTESIAN_POINT('',(1.58071108594147,44.0832297317157,0.));
#4781=CARTESIAN_POINT('Ctrl Pts',(1.58071108594147,44.0832297317157,4.));
#4782=CARTESIAN_POINT('Ctrl Pts',(1.58071108594372,43.8186758077433,4.));
#4783=CARTESIAN_POINT('Ctrl Pts',(1.62484846732861,43.5541727654426,4.));
#4784=CARTESIAN_POINT('Ctrl Pts',(1.84819168666055,42.9035961923842,4.));
#4785=CARTESIAN_POINT('Ctrl Pts',(2.09377276564309,42.5409466331169,4.));
#4786=CARTESIAN_POINT('Ctrl Pts',(2.80508234379445,41.9283274232087,4.));
#4787=CARTESIAN_POINT('Ctrl Pts',(3.30652719678991,41.7228944584322,4.));
#4788=CARTESIAN_POINT('Ctrl Pts',(4.34885065802201,41.6533119000518,4.));
#4789=CARTESIAN_POINT('Ctrl Pts',(4.88726557906057,41.7988947585241,4.));
#4790=CARTESIAN_POINT('Ctrl Pts',(5.80197918784233,42.4177415232187,4.));
#4791=CARTESIAN_POINT('Ctrl Pts',(6.15571489452621,42.916942138011,4.));
#4792=CARTESIAN_POINT('Ctrl Pts',(6.46126509753665,44.0797027924251,4.));
#4793=CARTESIAN_POINT('Ctrl Pts',(6.3705617090392,44.747890859432,4.));
#4794=CARTESIAN_POINT('Ctrl Pts',(5.72908866847648,45.8507574764124,4.));
#4795=CARTESIAN_POINT('Ctrl Pts',(5.16605029723454,46.2686243949306,4.));
#4796=CARTESIAN_POINT('Ctrl Pts',(3.89546676146246,46.570078473378,4.));
#4797=CARTESIAN_POINT('Ctrl Pts',(3.19532925305309,46.4443437998543,4.));
#4798=CARTESIAN_POINT('Ctrl Pts',(1.99494673792136,45.6435153607204,4.));
#4799=CARTESIAN_POINT('Ctrl Pts',(1.58071108594147,44.8691964995941,4.));
#4800=CARTESIAN_POINT('Ctrl Pts',(1.58071108594147,44.0832297317157,4.));
#4801=CARTESIAN_POINT('Origin',(3.98071108594374,44.0832297317157,0.));
#4802=CARTESIAN_POINT('',(2.48071108594374,44.0832297317157,4.));
#4803=CARTESIAN_POINT('Origin',(3.98071108594374,44.0832297317157,4.));
#4804=CARTESIAN_POINT('',(2.48071108594374,44.0832297317157,5.95));
#4805=CARTESIAN_POINT('',(2.48071108594374,44.0832297317157,0.));
#4806=CARTESIAN_POINT('Origin',(3.98071108594374,44.0832297317157,5.95));
#4807=CARTESIAN_POINT('Origin',(4.02098809173905,44.1116951867149,4.));
#4808=CARTESIAN_POINT('Origin',(3.98071108594374,44.0832297317157,0.));
#4809=CARTESIAN_POINT('',(0.580711085943744,44.0832297317157,5.95));
#4810=CARTESIAN_POINT('Origin',(3.98071108594374,44.0832297317157,5.95));
#4811=CARTESIAN_POINT('',(0.580711085943744,44.0832297317157,0.));
#4812=CARTESIAN_POINT('Origin',(3.98071108594374,44.0832297317157,5.95));
#4813=CARTESIAN_POINT('Origin',(81.9807110859437,44.0832297317158,0.));
#4814=CARTESIAN_POINT('',(83.4807110859437,44.0832297317158,4.));
#4815=CARTESIAN_POINT('Origin',(81.9807110859437,44.0832297317158,4.));
#4816=CARTESIAN_POINT('',(83.4807110859437,44.0832297317158,5.95));
#4817=CARTESIAN_POINT('',(83.4807110859437,44.0832297317158,0.));
#4818=CARTESIAN_POINT('Origin',(81.9807110859437,44.0832297317158,5.95));
#4819=CARTESIAN_POINT('Ctrl Pts',(84.380711085946,44.0832297317158,0.));
#4820=CARTESIAN_POINT('Ctrl Pts',(84.380711085946,44.0832297317158,4.));
#4821=CARTESIAN_POINT('Ctrl Pts',(84.3807110859437,43.8186758077434,0.));
#4822=CARTESIAN_POINT('Ctrl Pts',(84.3807110859437,43.8186758077434,4.));
#4823=CARTESIAN_POINT('Ctrl Pts',(84.3365737045588,43.5541727654426,0.));
#4824=CARTESIAN_POINT('Ctrl Pts',(84.3365737045588,43.5541727654426,4.));
#4825=CARTESIAN_POINT('Ctrl Pts',(84.1132304852269,42.9035961923842,0.));
#4826=CARTESIAN_POINT('Ctrl Pts',(84.1132304852269,42.9035961923842,4.));
#4827=CARTESIAN_POINT('Ctrl Pts',(83.8676494062443,42.540946633117,0.));
#4828=CARTESIAN_POINT('Ctrl Pts',(83.8676494062443,42.540946633117,4.));
#4829=CARTESIAN_POINT('Ctrl Pts',(83.156339828093,41.9283274232087,0.));
#4830=CARTESIAN_POINT('Ctrl Pts',(83.156339828093,41.9283274232087,4.));
#4831=CARTESIAN_POINT('Ctrl Pts',(82.6548949750975,41.7228944584322,0.));
#4832=CARTESIAN_POINT('Ctrl Pts',(82.6548949750975,41.7228944584322,4.));
#4833=CARTESIAN_POINT('Ctrl Pts',(81.6125715138654,41.6533119000518,0.));
#4834=CARTESIAN_POINT('Ctrl Pts',(81.6125715138654,41.6533119000518,4.));
#4835=CARTESIAN_POINT('Ctrl Pts',(81.0741565928269,41.7988947585241,0.));
#4836=CARTESIAN_POINT('Ctrl Pts',(81.0741565928269,41.7988947585241,4.));
#4837=CARTESIAN_POINT('Ctrl Pts',(80.1594429840451,42.4177415232187,0.));
#4838=CARTESIAN_POINT('Ctrl Pts',(80.1594429840451,42.4177415232187,4.));
#4839=CARTESIAN_POINT('Ctrl Pts',(79.8057072773612,42.916942138011,0.));
#4840=CARTESIAN_POINT('Ctrl Pts',(79.8057072773612,42.916942138011,4.));
#4841=CARTESIAN_POINT('Ctrl Pts',(79.5001570743508,44.0797027924251,0.));
#4842=CARTESIAN_POINT('Ctrl Pts',(79.5001570743508,44.0797027924251,4.));
#4843=CARTESIAN_POINT('Ctrl Pts',(79.5908604628482,44.747890859432,0.));
#4844=CARTESIAN_POINT('Ctrl Pts',(79.5908604628482,44.747890859432,4.));
#4845=CARTESIAN_POINT('Ctrl Pts',(80.2323335034109,45.8507574764124,0.));
#4846=CARTESIAN_POINT('Ctrl Pts',(80.2323335034109,45.8507574764124,4.));
#4847=CARTESIAN_POINT('Ctrl Pts',(80.7953718746529,46.2686243949306,0.));
#4848=CARTESIAN_POINT('Ctrl Pts',(80.7953718746529,46.2686243949306,4.));
#4849=CARTESIAN_POINT('Ctrl Pts',(82.065955410425,46.570078473378,0.));
#4850=CARTESIAN_POINT('Ctrl Pts',(82.065955410425,46.570078473378,4.));
#4851=CARTESIAN_POINT('Ctrl Pts',(82.7660929188343,46.4443437998543,0.));
#4852=CARTESIAN_POINT('Ctrl Pts',(82.7660929188343,46.4443437998543,4.));
#4853=CARTESIAN_POINT('Ctrl Pts',(83.9664754339661,45.6435153607204,0.));
#4854=CARTESIAN_POINT('Ctrl Pts',(83.9664754339661,45.6435153607204,4.));
#4855=CARTESIAN_POINT('Ctrl Pts',(84.380711085946,44.8691964995941,0.));
#4856=CARTESIAN_POINT('Ctrl Pts',(84.380711085946,44.8691964995941,4.));
#4857=CARTESIAN_POINT('Ctrl Pts',(84.380711085946,44.0832297317158,0.));
#4858=CARTESIAN_POINT('Ctrl Pts',(84.380711085946,44.0832297317158,4.));
#4859=CARTESIAN_POINT('',(84.380711085946,44.0832297317158,4.));
#4860=CARTESIAN_POINT('',(84.380711085946,44.0832297317158,0.));
#4861=CARTESIAN_POINT('Ctrl Pts',(84.380711085946,44.0832297317158,4.));
#4862=CARTESIAN_POINT('Ctrl Pts',(84.3807110859437,43.8186758077434,4.));
#4863=CARTESIAN_POINT('Ctrl Pts',(84.3365737045588,43.5541727654426,4.));
#4864=CARTESIAN_POINT('Ctrl Pts',(84.1132304852269,42.9035961923842,4.));
#4865=CARTESIAN_POINT('Ctrl Pts',(83.8676494062443,42.540946633117,4.));
#4866=CARTESIAN_POINT('Ctrl Pts',(83.156339828093,41.9283274232087,4.));
#4867=CARTESIAN_POINT('Ctrl Pts',(82.6548949750975,41.7228944584322,4.));
#4868=CARTESIAN_POINT('Ctrl Pts',(81.6125715138654,41.6533119000518,4.));
#4869=CARTESIAN_POINT('Ctrl Pts',(81.0741565928269,41.7988947585241,4.));
#4870=CARTESIAN_POINT('Ctrl Pts',(80.1594429840451,42.4177415232187,4.));
#4871=CARTESIAN_POINT('Ctrl Pts',(79.8057072773612,42.916942138011,4.));
#4872=CARTESIAN_POINT('Ctrl Pts',(79.5001570743508,44.0797027924251,4.));
#4873=CARTESIAN_POINT('Ctrl Pts',(79.5908604628482,44.747890859432,4.));
#4874=CARTESIAN_POINT('Ctrl Pts',(80.2323335034109,45.8507574764124,4.));
#4875=CARTESIAN_POINT('Ctrl Pts',(80.7953718746529,46.2686243949306,4.));
#4876=CARTESIAN_POINT('Ctrl Pts',(82.065955410425,46.570078473378,4.));
#4877=CARTESIAN_POINT('Ctrl Pts',(82.7660929188343,46.4443437998543,4.));
#4878=CARTESIAN_POINT('Ctrl Pts',(83.9664754339661,45.6435153607204,4.));
#4879=CARTESIAN_POINT('Ctrl Pts',(84.380711085946,44.8691964995941,4.));
#4880=CARTESIAN_POINT('Ctrl Pts',(84.380711085946,44.0832297317158,4.));
#4881=CARTESIAN_POINT('Origin',(81.9404340801484,44.1116951867149,4.));
#4882=CARTESIAN_POINT('Origin',(81.9807110859437,44.0832297317158,0.));
#4883=CARTESIAN_POINT('',(85.3807110859437,44.0832297317158,5.95));
#4884=CARTESIAN_POINT('Origin',(81.9807110859437,44.0832297317158,5.95));
#4885=CARTESIAN_POINT('',(85.3807110859437,44.0832297317158,0.));
#4886=CARTESIAN_POINT('Origin',(81.9807110859437,44.0832297317158,5.95));
#4887=UNCERTAINTY_MEASURE_WITH_UNIT(LENGTH_MEASURE(0.01),#4891,
'DISTANCE_ACCURACY_VALUE',
'Maximum model space distance between geometric entities at asserted c
onnectivities');
#4888=UNCERTAINTY_MEASURE_WITH_UNIT(LENGTH_MEASURE(0.01),#4891,
'DISTANCE_ACCURACY_VALUE',
'Maximum model space distance between geometric entities at asserted c
onnectivities');
#4889=(
GEOMETRIC_REPRESENTATION_CONTEXT(3)
GLOBAL_UNCERTAINTY_ASSIGNED_CONTEXT((#4887))
GLOBAL_UNIT_ASSIGNED_CONTEXT((#4891,#4893,#4894))
REPRESENTATION_CONTEXT('','3D')
);
#4890=(
GEOMETRIC_REPRESENTATION_CONTEXT(3)
GLOBAL_UNCERTAINTY_ASSIGNED_CONTEXT((#4888))
GLOBAL_UNIT_ASSIGNED_CONTEXT((#4891,#4893,#4894))
REPRESENTATION_CONTEXT('','3D')
);
#4891=(
LENGTH_UNIT()
NAMED_UNIT(*)
SI_UNIT(.MILLI.,.METRE.)
);
#4892=(
LENGTH_UNIT()
NAMED_UNIT(*)
SI_UNIT($,.METRE.)
);
#4893=(
NAMED_UNIT(*)
PLANE_ANGLE_UNIT()
SI_UNIT($,.RADIAN.)
);
#4894=(
NAMED_UNIT(*)
SI_UNIT($,.STERADIAN.)
SOLID_ANGLE_UNIT()
);
#4895=SHAPE_DEFINITION_REPRESENTATION(#4896,#4897);
#4896=PRODUCT_DEFINITION_SHAPE('',$,#4899);
#4897=SHAPE_REPRESENTATION('',(#1909),#4889);
#4898=PRODUCT_DEFINITION_CONTEXT('part definition',#4903,'design');
#4899=PRODUCT_DEFINITION('FusionComponent','FusionComponent',#4900,#4898);
#4900=PRODUCT_DEFINITION_FORMATION('',$,#4905);
#4901=PRODUCT_RELATED_PRODUCT_CATEGORY('FusionComponent',
'FusionComponent',(#4905));
#4902=APPLICATION_PROTOCOL_DEFINITION('international standard',
'automotive_design',2009,#4903);
#4903=APPLICATION_CONTEXT(
'Core Data for Automotive Mechanical Design Process');
#4904=PRODUCT_CONTEXT('part definition',#4903,'mechanical');
#4905=PRODUCT('FusionComponent','FusionComponent',$,(#4904));
#4906=PRESENTATION_STYLE_ASSIGNMENT((#4907));
#4907=SURFACE_STYLE_USAGE(.BOTH.,#4908);
#4908=SURFACE_SIDE_STYLE('',(#4909));
#4909=SURFACE_STYLE_FILL_AREA(#4910);
#4910=FILL_AREA_STYLE('Steel - Satin',(#4911));
#4911=FILL_AREA_STYLE_COLOUR('Steel - Satin',#4912);
#4912=COLOUR_RGB('Steel - Satin',0.627450980392157,0.627450980392157,0.627450980392157);
ENDSEC;
END-ISO-10303-21;
